"Peptide","-10LgP","Mass","Length","ppm","m/z","z","RT","Scan","Source File","Area Sample 2","#Feature","#Feature Sample 2","PTM","AScore","Accession","Found By"
A(+42.01)DTVAHESAHLLGC(+57.02)DHDGEGDDKTGSKDC(+57.02)PAKDGYIMGDR,103.70,4341.8599,40,9.3,1086.48230,4,46.4218,29902,Vasilevskiy_L_different_L076_RZ_20240206_AV-1.raw,1.12E8,2,2,"Acetylation (Protein N-term);Carbamidomethylation;Carbamidomethylation","A1:Acetylation (Protein N-term):1000.00",A0A0K0LC99|A0A0K0LC99_9SCOR,DB Search
AAAIDVTVPEPLPK,21.52,1419.7972,14,-1.5,710.90485,2,57.8216,39175,Vasilevskiy_L_different_L076_RZ_20240206_AV-1.raw,7.64E5,1,1,"",,A0A1W7RAF2|A0A1W7RAF2_9SCOR,DB Search
AAC(+57.02)YSSDC(+57.02)R,102.72,1088.4015,9,-0.2,1089.40857,1,16.7565,6560,Vasilevskiy_L_different_L076_RZ_20240206_AV-1.raw,7.59E7,2,2,"Carbamidomethylation;Carbamidomethylation",,P83407|KA191_MESMA:A0A088DAE2|A0A088DAE2_MESEU:C0HJQ2|KA192_BUTOC,DB Search
AAHC(+57.02)MISPLQDMIAR,99.71,1712.8160,15,0.8,571.94641,3,55.4706,37302,Vasilevskiy_L_different_L076_RZ_20240206_AV-1.raw,1.62E5,1,1,"Carbamidomethylation",,E4VP21|E4VP21_MESEU,DB Search
AANEFR,83.58,706.3398,6,0.4,354.17734,2,18.0582,7652,Vasilevskiy_L_different_L076_RZ_20240206_AV-1.raw,2.92E5,1,1,"",,A0A1W7RAZ7|A0A1W7RAZ7_9SCOR,DB Search
AAVPSGASTGIHEALEMR,104.95,1795.8887,18,0.6,599.63721,3,44.9880,28818,Vasilevskiy_L_different_L076_RZ_20240206_AV-1.raw,6.5E5,1,1,"",,A0A7U1GK49|A0A7U1GK49_ANDCR:A0A2I9LNP4|A0A2I9LNP4_9SCOR,DB Search
AAWC(+57.02)YYLFPDC(+57.02)YN(+0.98)YGGKDQPSQYFC(+57.02)K,114.87,3301.3621,26,6.9,826.35345,4,66.5515,46439,Vasilevskiy_L_different_L076_RZ_20240206_AV-1.raw,6.56E5,1,1,"Carbamidomethylation;Carbamidomethylation;Deamidation (NQ);Carbamidomethylation","C4:Deamidation (NQ):30.10",A0A7T9L322|A0A7T9L322_ANDCR,DB Search
AAWC(+57.02)YYLFPDC(+57.02)YNYGGK,104.96,2146.8916,17,-0.2,1074.45288,2,67.6727,47372,Vasilevskiy_L_different_L076_RZ_20240206_AV-1.raw,4.01E6,1,1,"Carbamidomethylation;Carbamidomethylation",,P86100|HYAL1_MESMA:A0A7T9L322|A0A7T9L322_ANDCR,DB Search
AAWC(+57.02)YYLFPDC(+57.02)YNYGGKDQPSQYFC(+57.02)K,112.06,3300.3779,26,1.5,1101.13489,3,66.5515,46372,Vasilevskiy_L_different_L076_RZ_20240206_AV-1.raw,1.64E7,1,1,"Carbamidomethylation;Carbamidomethylation;Carbamidomethylation",,A0A7T9L322|A0A7T9L322_ANDCR,DB Search
AC(+57.02)LDPGIM(+15.99)NMVLTDATFVPTILNC(+57.02)LFK,21.17,3069.5046,27,0.3,1024.17578,3,69.8835,49418,Vasilevskiy_L_different_L076_RZ_20240206_AV-1.raw,7.04E4,1,1,"Carbamidomethylation;Oxidation (M);Carbamidomethylation","C2:Oxidation (M):8.22",A0A059U8Z3|A0A059U8Z3_MESGB,DB Search
AC(+57.02)LDPGIMNM,88.72,1120.4716,10,0.6,561.24335,2,59.8719,40890,Vasilevskiy_L_different_L076_RZ_20240206_AV-1.raw,3.56E5,1,1,"Carbamidomethylation",,A0A059U8Z3|A0A059U8Z3_MESGB,DB Search
AC(+57.02)LDPGIMNMVLT,69.81,1433.6716,13,1.2,717.84393,2,68.7588,48338,Vasilevskiy_L_different_L076_RZ_20240206_AV-1.raw,2.13E5,1,1,"Carbamidomethylation",,A0A059U8Z3|A0A059U8Z3_MESGB,DB Search
AC(+57.02)NC(+57.02)LLLK,91.06,990.4990,8,-3.9,496.25488,2,33.0825,19379,Vasilevskiy_L_different_L076_RZ_20240206_AV-1.raw,,0,0,"Carbamidomethylation;Carbamidomethylation",,A0A7U1GK49|A0A7U1GK49_ANDCR:A0A1W7RB61|A0A1W7RB61_9SCOR:A0A7U1GJT2|A0A7U1GJT2_HEMLE:A0A2I9LNP4|A0A2I9LNP4_9SCOR,DB Search
AC(+57.02)PVIEK,87.42,815.4211,7,0.7,408.71811,2,19.0219,8458,Vasilevskiy_L_different_L076_RZ_20240206_AV-1.raw,1.5E7,1,1,"Carbamidomethylation",,A0A088DB26|A0A088DB26_MESEU:A0A0K0LC08|A0A0K0LC08_9SCOR:E4VP34|E4VP34_MESEU:P0CH57|NDB51_MESEU:A0A0K0LCJ0|A0A0K0LCJ0_9SCOR:Q9NJC6|KBX2_MESMA:E4VP57|E4VP57_MESEU:A0A0K0LC09|A0A0K0LC09_9SCOR:A0A0K0LC11|A0A0K0LC11_9SCOR:A0A0U4GZ05|A0A0U4GZ05_ODODO:A0A088D9U2|A0A088D9U2_MESEU:B8XH36|B8XH36_BUTOS:A0A143MGJ8|A0A143MGJ8_MESEU:A0A0K0LC05|A0A0K0LC05_9SCOR:A0A088DAE8|A0A088DAE8_MESEU,DB Search
AC(+57.02)WC(+57.02)DDIHNWVPTWSR,79.18,2101.8887,16,1.0,701.63751,3,64.5417,44816,Vasilevskiy_L_different_L076_RZ_20240206_AV-1.raw,2.6E5,1,1,"Carbamidomethylation;Carbamidomethylation",,Q9NBW2|SCBT_MESMA,DB Search
AC(+57.02)WC(+57.02)IDLPDNVPIR,104.64,1727.8124,14,0.6,864.91394,2,64.8743,45065,Vasilevskiy_L_different_L076_RZ_20240206_AV-1.raw,1.39E5,1,1,"Carbamidomethylation;Carbamidomethylation",,A0A5P8U2M3|A0A5P8U2M3_MESEU:A0A5P8U2P7|A0A5P8U2P7_MESEU:A0A5P8U2Q8|A0A5P8U2Q8_MESEU,DB Search
AC(+57.02)WC(+57.02)IELPDNVPIR,96.74,1741.8280,14,0.4,581.61682,3,65.3717,45432,Vasilevskiy_L_different_L076_RZ_20240206_AV-1.raw,1.38E6,1,1,"Carbamidomethylation;Carbamidomethylation",,E7CZZ1|SCXNC_MESEU:Q9NJC5|SC10_MESMA,DB Search
AC(+57.02)WC(+57.02)IKLPDEVPIRIPGK,26.25,2151.1333,18,-9.6,718.04480,3,66.9126,46762,Vasilevskiy_L_different_L076_RZ_20240206_AV-1.raw,4.13E4,1,1,"Carbamidomethylation;Carbamidomethylation",,P84646|SCX1_ODODO,DB Search
AC(+57.02)WC(+57.02)IQ(+0.98)LPDNVPIR,96.47,1741.8280,14,0.2,871.92145,2,65.3717,45412,Vasilevskiy_L_different_L076_RZ_20240206_AV-1.raw,6.01E6,1,1,"Carbamidomethylation;Carbamidomethylation;Deamidation (NQ)","C2:Deamidation (NQ):87.62",P09981|SCX9_MESEU:P59854|SCX7_MESMA,DB Search
AC(+57.02)WC(+57.02)IQ(+0.98)LPDNVPIRIPGK,105.02,2137.0813,18,0.0,713.36768,3,66.0135,46034,Vasilevskiy_L_different_L076_RZ_20240206_AV-1.raw,9.93E6,2,2,"Carbamidomethylation;Carbamidomethylation;Deamidation (NQ)","C2:Deamidation (NQ):51.96",P09981|SCX9_MESEU,DB Search
AC(+57.02)WC(+57.02)IQLPDN(+0.98)VPIRIPGK,59.75,2137.0813,18,1.7,535.27850,4,65.9489,45880,Vasilevskiy_L_different_L076_RZ_20240206_AV-1.raw,1.26E5,1,1,"Carbamidomethylation;Carbamidomethylation;Deamidation (NQ)","C2:Deamidation (NQ):0.00",P09981|SCX9_MESEU,DB Search
AC(+57.02)WC(+57.02)IQLPDNVPIR,100.13,1740.8440,14,0.8,581.28906,3,64.8414,44839,Vasilevskiy_L_different_L076_RZ_20240206_AV-1.raw,1.33E7,2,2,"Carbamidomethylation;Carbamidomethylation",,P09981|SCX9_MESEU:P59854|SCX7_MESMA,DB Search
AC(+57.02)WC(+57.02)IQLPDNVPIRIPGK,110.79,2136.0972,18,0.8,535.03198,4,65.3024,45423,Vasilevskiy_L_different_L076_RZ_20240206_AV-1.raw,1.22E7,3,3,"Carbamidomethylation;Carbamidomethylation",,P09981|SCX9_MESEU,DB Search
AC(+57.02)WC(+57.02)KDLPDNVPIRIPGK,104.13,2138.0764,18,4.2,1070.05005,2,65.8505,45869,Vasilevskiy_L_different_L076_RZ_20240206_AV-1.raw,2.85E5,1,1,"Carbamidomethylation;Carbamidomethylation",,P01488|SCX1_BUTOC,DB Search
AC(+57.02)WC(+57.02)KNLPDK,42.46,1290.5848,10,-8.2,646.29443,2,55.9254,37671,Vasilevskiy_L_different_L076_RZ_20240206_AV-1.raw,1.9E5,1,1,"Carbamidomethylation;Carbamidomethylation",,D8UWD8|SCXN9_MESEU:P86403|SCXN2_MESEU,DB Search
AC(+57.02)WC(+57.02)YK,93.58,886.3466,6,0.7,444.18088,2,26.1614,13985,Vasilevskiy_L_different_L076_RZ_20240206_AV-1.raw,7.41E7,1,1,"Carbamidomethylation;Carbamidomethylation",,P01481|SCX5_LEIQU:M1JMR8|SCX8_ANDCR:P01490|SCXA_MESEU:Q95P69|SCAA_MESMA:D8UWD3|SCXN7_MESEU:Q1EG63|Q1EG63_MESMA:A0A7D5FUD4|A0A7D5FUD4_MESEU:A0A143FHE4|A0A143FHE4_MESEU:Q4TUA4|SCA4_MESMA:Q49S27|Q49S27_MESMA:G4V3T9|SCAA2_MESMA:P01486|SCXB_BUTOC:Q9GNG8|SC15_MESMA:A0F0C1|A0F0C1_MESMA:P86408|SCXN1_MESEU:Q9NJC7|SC11_MESMA:Q9GUA7|SCA3_MESMA:P01482|SCX5_ANDMA:P82815|SCBK_MESMA:Q9GYX2|SCA1_MESMA,DB Search
AC(+57.02)YC(+57.02)EGAPK,103.96,1054.4211,9,1.1,528.21844,2,21.6225,10503,Vasilevskiy_L_different_L076_RZ_20240206_AV-1.raw,2.08E5,1,1,"Carbamidomethylation;Carbamidomethylation",,A0A5P8U2P2|A0A5P8U2P2_MESEU:P0C5H3|SCB1_LEIHE:R4H564|R4H564_MESEU:P86406|SCXNF_MESEU:E4VP18|E4VP18_MESEU:E4VP15|E4VP15_MESEU:Q9UAC8|SCAT_MESMA,DB Search
ADDKDC(+57.02)AYFC(+57.02)GR,52.64,1476.5762,12,4.6,739.29877,2,39.0528,24111,Vasilevskiy_L_different_L076_RZ_20240206_AV-1.raw,,0,0,"Carbamidomethylation;Carbamidomethylation",,P01490|SCXA_MESEU,DB Search
ADDKNC(+57.02)AYFC(+57.02)GR,104.99,1475.5922,12,3.6,738.80603,2,36.9286,22515,Vasilevskiy_L_different_L076_RZ_20240206_AV-1.raw,2.8E6,2,2,"Carbamidomethylation;Carbamidomethylation",,Q9GNG8|SC15_MESMA:P86408|SCXN1_MESEU:Q9GUA7|SCA3_MESMA:Q95P69|SCAA_MESMA:A0A0B5GD34|A0A0B5GD34_MESEU:D8UWD3|SCXN7_MESEU:Q1EG63|Q1EG63_MESMA:P82815|SCBK_MESMA:Q4TUA4|SCA4_MESMA:A0A143FHE4|A0A143FHE4_MESEU:Q49S27|Q49S27_MESMA,DB Search
ADIVM(+15.99)LITK,99.41,1018.5732,9,1.4,510.29462,2,52.5673,35257,Vasilevskiy_L_different_L076_RZ_20240206_AV-1.raw,9.75E6,1,1,"Oxidation (M)","M5:Oxidation (M):1000.00",E4VNZ8|E4VNZ8_MESEU:E4VNZ7|E4VNZ7_MESEU,DB Search
ADIVMLITK,96.82,1002.5783,9,-0.8,502.29602,2,57.8304,39241,Vasilevskiy_L_different_L076_RZ_20240206_AV-1.raw,1.04E8,1,1,"",,E4VNZ8|E4VNZ8_MESEU:E4VNZ7|E4VNZ7_MESEU,DB Search
ADIVMLITKRPLGDYDEK,95.17,2076.0925,18,-0.6,693.03772,3,56.5599,38173,Vasilevskiy_L_different_L076_RZ_20240206_AV-1.raw,3.05E5,2,2,"",,E4VNZ8|E4VNZ8_MESEU:E4VNZ7|E4VNZ7_MESEU,DB Search
ADLITLDGGDVYR,96.46,1406.7041,13,-0.6,704.35895,2,51.9975,34434,Vasilevskiy_L_different_L076_RZ_20240206_AV-1.raw,1.8E6,1,1,"",,A0A1E1WVR2|A0A1E1WVR2_TITOB,DB Search
ADLLFK,36.20,705.4061,6,0.3,353.71042,2,41.0255,25634,Vasilevskiy_L_different_L076_RZ_20240206_AV-1.raw,1.36E6,1,1,"",,A0A2I9LPU9|A0A2I9LPU9_9SCOR:A0A1W7RAM1|A0A1W7RAM1_9SCOR,DB Search
ADSGYC(+57.02)QWFGR,103.37,1345.5509,11,-0.4,673.78247,2,50.6905,33402,Vasilevskiy_L_different_L076_RZ_20240206_AV-1.raw,5.29E4,1,1,"Carbamidomethylation",,D8UWD8|SCXN9_MESEU:A0A146CJ08|A0A146CJ08_MESEU:P86403|SCXN2_MESEU,DB Search
ADTVAHESAHLL,110.58,1262.6255,12,0.6,421.88269,3,30.2343,16940,Vasilevskiy_L_different_L076_RZ_20240206_AV-1.raw,6.42E6,2,2,"",,E4VNZ8|E4VNZ8_MESEU:E4VNZ7|E4VNZ7_MESEU:A0A0U4HEU8|A0A0U4HEU8_ODODO:A0A0K0LC99|A0A0K0LC99_9SCOR,DB Search
ADTVAHESAHLLGC(+57.02)DHDGEGDE,105.40,2333.9453,22,-0.9,584.49310,4,30.3789,17183,Vasilevskiy_L_different_L076_RZ_20240206_AV-1.raw,4.64E6,2,2,"Carbamidomethylation",,E4VNZ8|E4VNZ8_MESEU:E4VNZ7|E4VNZ7_MESEU,DB Search
ADTVAHESAHLLGC(+57.02)DHDGEGDER,105.02,2490.0466,23,-0.1,831.02271,3,27.1212,14569,Vasilevskiy_L_different_L076_RZ_20240206_AV-1.raw,3.14E9,10,10,"Carbamidomethylation",,E4VNZ8|E4VNZ8_MESEU:E4VNZ7|E4VNZ7_MESEU,DB Search
AEGSLIYHLC(+57.02)K,104.67,1289.6438,11,-0.8,430.88821,3,35.4034,21289,Vasilevskiy_L_different_L076_RZ_20240206_AV-1.raw,,0,0,"Carbamidomethylation",,V9LLZ2|V9LLZ2_MESMA:V9LLN7|V9LLN7_MESMA:Q8MUB1|KA221_MESMA,DB Search
AESGYC(+57.02)QILGK,65.95,1224.5808,11,0.6,613.29810,2,35.2959,21201,Vasilevskiy_L_different_L076_RZ_20240206_AV-1.raw,1.35E5,1,1,"Carbamidomethylation",,P09981|SCX9_MESEU,DB Search
AESGYC(+57.02)QWAGQYGNAC(+57.02)WC(+57.02)YK,106.02,2457.9565,20,1.2,820.32709,3,55.3396,37215,Vasilevskiy_L_different_L076_RZ_20240206_AV-1.raw,1.9E5,1,1,"Carbamidomethylation;Carbamidomethylation;Carbamidomethylation",,P86408|SCXN1_MESEU:D8UWD3|SCXN7_MESEU:A0A143FHE4|A0A143FHE4_MESEU,DB Search
AESGYC(+57.02)QWASKYGNAC(+57.02)WC(+57.02)YK,110.87,2488.0034,20,-5.6,830.33716,3,61.2304,42012,Vasilevskiy_L_different_L076_RZ_20240206_AV-1.raw,2.84E5,1,1,"Carbamidomethylation;Carbamidomethylation;Carbamidomethylation",,Q9NJC7|SC11_MESMA,DB Search
AFGLIDVK,82.66,861.4960,8,0.2,431.75534,2,51.8687,34370,Vasilevskiy_L_different_L076_RZ_20240206_AV-1.raw,,0,0,"",,A0A088DAY7|A0A088DAY7_MESEU:B3EWY1|KA167_MESGB:F5CJW0|F5CJW0_MESEU:A0A088D9P9|A0A088D9P9_MESEU:A0A088DAC3|A0A088DAC3_MESEU:Q9NBG9|KA162_MESMA:D3JXM1|KA164_MESEU:Q8MQL0|KA163_MESMA,DB Search
AFTPILAK,85.37,859.5167,8,0.3,430.76575,2,39.5925,24487,Vasilevskiy_L_different_L076_RZ_20240206_AV-1.raw,2.66E6,1,1,"",,A0A1W7RA17|A0A1W7RA17_9SCOR,DB Search
AFYN(+0.98)HNTPVLQMGWGR,94.54,1890.8835,16,-1.3,631.30096,3,56.7299,38342,Vasilevskiy_L_different_L076_RZ_20240206_AV-1.raw,5.65E4,1,1,"Deamidation (NQ)","N4:Deamidation (NQ):0.00",F1CIY2|F1CIY2_HOTJU,DB Search
AFYNHETPVLQ(+0.98)MGWGR,86.72,1905.8832,16,9.4,636.30762,3,56.3380,38012,Vasilevskiy_L_different_L076_RZ_20240206_AV-1.raw,,0,0,"Deamidation (NQ)","Q11:Deamidation (NQ):20.02",E4VP21|E4VP21_MESEU,DB Search
AFYNHETPVLQMGWGR,104.91,1904.8992,16,-0.4,635.97339,3,56.4180,38036,Vasilevskiy_L_different_L076_RZ_20240206_AV-1.raw,5.77E5,1,1,"",,E4VP21|E4VP21_MESEU,DB Search
AGFAGDDAPR,103.03,975.4410,10,0.9,488.72818,2,21.3975,10330,Vasilevskiy_L_different_L076_RZ_20240206_AV-1.raw,,0,0,"",,A0A1W7RB59|A0A1W7RB59_9SCOR:E6Y2S5|E6Y2S5_MESMA:A0A1W7RB46|A0A1W7RB46_9SCOR:A0A2I9LNI8|A0A2I9LNI8_9SCOR:A0A2I9LNM3|A0A2I9LNM3_9SCOR,DB Search
AGHMVPQDAGLAALK,104.89,1477.7711,15,0.0,493.59766,3,36.5726,22086,Vasilevskiy_L_different_L076_RZ_20240206_AV-1.raw,1.18E6,1,1,"",,A0A0K0LC52|A0A0K0LC52_9SCOR,DB Search
AGQ(+0.98)YGNAC(+57.02)WC(+57.02)YK,104.80,1477.5754,12,-1.1,493.53189,3,35.3703,21261,Vasilevskiy_L_different_L076_RZ_20240206_AV-1.raw,,0,0,"Deamidation (NQ);Carbamidomethylation;Carbamidomethylation","Q3:Deamidation (NQ):5.08",P01490|SCXA_MESEU:P86408|SCXN1_MESEU:D8UWD3|SCXN7_MESEU:A0A143FHE4|A0A143FHE4_MESEU,DB Search
AGQYGNAC(+57.02)WC(+57.02)YK,102.70,1476.5914,12,-0.2,739.30286,2,34.1034,20027,Vasilevskiy_L_different_L076_RZ_20240206_AV-1.raw,4E6,1,1,"Carbamidomethylation;Carbamidomethylation",,P01490|SCXA_MESEU:P86408|SCXN1_MESEU:D8UWD3|SCXN7_MESEU:A0A143FHE4|A0A143FHE4_MESEU,DB Search
AHC(+57.02)MISPLQDMIAR,104.98,1641.7789,14,1.1,548.26752,3,55.1383,37009,Vasilevskiy_L_different_L076_RZ_20240206_AV-1.raw,1.12E5,1,1,"Carbamidomethylation",,E4VP21|E4VP21_MESEU,DB Search
AHESAHLLGC(+57.02)DHDGEGDDKTGSKDC(+57.02)PAKDGYIMGDR,100.47,3913.6689,36,-8.6,979.41608,4,32.2226,18667,Vasilevskiy_L_different_L076_RZ_20240206_AV-1.raw,1.54E6,2,2,"Carbamidomethylation;Carbamidomethylation",,A0A0K0LC99|A0A0K0LC99_9SCOR,DB Search
AHHNGDNIPGK,104.96,1158.5530,11,0.6,387.19183,3,15.2208,5335,Vasilevskiy_L_different_L076_RZ_20240206_AV-1.raw,2.08E5,2,2,"",,Q686S9|Q686S9_MESGB:Q686U1|Q686U1_MESGB:Q686R4|Q686R4_MESGB:Q686W4|Q686W4_MESGB:Q686V0|Q686V0_MESGB:Q686V7|Q686V7_MESGB:Q686W0|Q686W0_MESGB:Q686T0|Q686T0_MESGB:Q686U6|Q686U6_MESGB:A0A1W7RA66|A0A1W7RA66_9SCOR:Q686U5|Q686U5_MESGB:A0A2I9LP56|A0A2I9LP56_9SCOR:Q686T5|Q686T5_MESGB:Q686U9|Q686U9_MESGB:Q686X3|Q686X3_MESEU,DB Search
AHNELR,100.75,738.3773,6,-0.2,247.13298,3,15.1434,5241,Vasilevskiy_L_different_L076_RZ_20240206_AV-1.raw,,0,0,"",,F1CJ75|F1CJ75_HOTJU:A0A0U1U080|A0A0U1U080_ISOMC:A0A1E1WVY9|A0A1E1WVY9_TITOB,DB Search
AIFETVVSQSC(+57.02)PAK,58.71,1535.7654,14,1.2,512.92969,3,48.5392,31677,Vasilevskiy_L_different_L076_RZ_20240206_AV-1.raw,,0,0,"Carbamidomethylation",,A0A1E1WVY9|A0A1E1WVY9_TITOB,DB Search
AKAC(+57.02)LDPGIM(+15.99)N(+0.98)MVLTDATFVPTILNC(+57.02)LFK,69.70,3269.6208,29,7.5,1090.88904,3,70.7539,50099,Vasilevskiy_L_different_L076_RZ_20240206_AV-1.raw,3.49E3,1,1,"Carbamidomethylation;Oxidation (M);Deamidation (NQ);Carbamidomethylation","C4:Oxidation (M):0.00;M10:Deamidation (NQ):37.72",A0A059U8Z3|A0A059U8Z3_MESGB,DB Search
AKAC(+57.02)LDPGIM(+15.99)NMVLTDATFVPTILNC(+57.02)LFK,37.71,3268.6367,29,5.8,1090.55920,3,70.8025,50078,Vasilevskiy_L_different_L076_RZ_20240206_AV-1.raw,,0,0,"Carbamidomethylation;Oxidation (M);Carbamidomethylation","C4:Oxidation (M):0.00",A0A059U8Z3|A0A059U8Z3_MESGB,DB Search
AKAC(+57.02)LDPGIMN(+0.98)MVLTDATFVPTILNC(+57.02)LFK,73.92,3253.6260,29,7.1,1085.55688,3,70.5652,49881,Vasilevskiy_L_different_L076_RZ_20240206_AV-1.raw,,0,0,"Carbamidomethylation;Deamidation (NQ);Carbamidomethylation","C4:Deamidation (NQ):26.30",A0A059U8Z3|A0A059U8Z3_MESGB,DB Search
AKAC(+57.02)LDPGIMNMVLTDATFVPTILNC(+57.02)LFK,81.99,3252.6418,29,-2.7,1085.21826,3,70.8156,49881,Vasilevskiy_L_different_L076_RZ_20240206_AV-1.raw,2.89E5,1,1,"Carbamidomethylation;Carbamidomethylation",,A0A059U8Z3|A0A059U8Z3_MESGB,DB Search
AKC(+57.02)DN(+0.98)DKC(+57.02)VC(+57.02)EPK,96.50,1623.6691,13,0.8,406.92487,4,15.7166,5684,Vasilevskiy_L_different_L076_RZ_20240206_AV-1.raw,3.1E7,3,3,"Carbamidomethylation;Deamidation (NQ);Carbamidomethylation;Carbamidomethylation","C3:Deamidation (NQ):1000.00",P86400|KAX86_MESEU:P80671|KAX84_LEIHE:Q549D8|Q549D8_MESMA:Q9U8D2|KAX82_MESMA,DB Search
AKC(+57.02)DNDK,94.18,849.3651,7,0.3,425.68994,2,13.2515,3976,Vasilevskiy_L_different_L076_RZ_20240206_AV-1.raw,2.02E4,1,1,"Carbamidomethylation",,A0A0K0LBX0|A0A0K0LBX0_9SCOR:A0A1L2FZD4|KAX88_ORTSC:A0A0K0LBY7|A0A0K0LBY7_9SCOR:P80670|KAX83_LEIHE:A0A0K0LBZ2|A0A0K0LBZ2_9SCOR:P56215|KAX81_ANDMA:P86400|KAX86_MESEU:P0CC12|KAX85_ODODO:B8XH31|B8XH31_BUTOS:P80671|KAX84_LEIHE:Q549D8|Q549D8_MESMA:Q9U8D2|KAX82_MESMA,DB Search
AKC(+57.02)EN(+0.98)DKC(+57.02)VC(+57.02)EPK,96.57,1637.6847,13,1.1,546.90277,3,15.7495,5728,Vasilevskiy_L_different_L076_RZ_20240206_AV-1.raw,4.3E5,1,1,"Carbamidomethylation;Deamidation (NQ);Carbamidomethylation;Carbamidomethylation","C3:Deamidation (NQ):1000.00",C0HJQ5|KAX87_MESEU:F1CIV5|F1CIV5_HOTJU,DB Search
AKHPDWSPAQ(+0.98)IEK,90.09,1506.7467,13,2.1,503.25723,3,27.3894,14868,Vasilevskiy_L_different_L076_RZ_20240206_AV-1.raw,,0,0,"Deamidation (NQ)","Q10:Deamidation (NQ):1000.00",P86100|HYAL1_MESMA,DB Search
AKHPDWSPAQIEK,99.97,1505.7627,13,1.5,502.92889,3,25.5692,13404,Vasilevskiy_L_different_L076_RZ_20240206_AV-1.raw,1.12E8,3,3,"",,P86100|HYAL1_MESMA,DB Search
ALC(+57.02)ADAVSYC(+57.02)GAR,97.85,1412.6177,13,-0.7,707.31561,2,30.5189,17300,Vasilevskiy_L_different_L076_RZ_20240206_AV-1.raw,,0,0,"Carbamidomethylation;Carbamidomethylation",,A0A1W7RAE9|A0A1W7RAE9_9SCOR,DB Search
ALDQDLELR,92.37,1071.5560,9,0.8,536.78571,2,37.1402,22692,Vasilevskiy_L_different_L076_RZ_20240206_AV-1.raw,,0,0,"",,E4VNZ7|E4VNZ7_MESEU,DB Search
ALN(+0.98)PYC(+57.02)DSEC(+57.02)K,31.83,1356.5326,11,1.6,679.27466,2,26.0861,13962,Vasilevskiy_L_different_L076_RZ_20240206_AV-1.raw,,0,0,"Deamidation (NQ);Carbamidomethylation;Carbamidomethylation","N3:Deamidation (NQ):1000.00",D8UWD8|SCXN9_MESEU:P09982|SCXE_MESEU:P86403|SCXN2_MESEU,DB Search
ALN(+0.98)PYC(+57.02)DSEC(+57.02)KKN(+0.98)GADGSYC(+57.02)QWLGR,98.28,2950.2319,25,6.9,984.42474,3,46.8518,30351,Vasilevskiy_L_different_L076_RZ_20240206_AV-1.raw,,0,0,"Deamidation (NQ);Carbamidomethylation;Carbamidomethylation;Deamidation (NQ);Carbamidomethylation","N3:Deamidation (NQ):108.87;C6:Deamidation (NQ):39.31",P09982|SCXE_MESEU,DB Search
ALNPYC(+57.02)DSEC(+57.02)K,104.94,1355.5486,11,0.1,678.78162,2,24.0028,12498,Vasilevskiy_L_different_L076_RZ_20240206_AV-1.raw,2.83E8,2,2,"Carbamidomethylation;Carbamidomethylation",,D8UWD8|SCXN9_MESEU:P09982|SCXE_MESEU:P86403|SCXN2_MESEU,DB Search
ALNPYC(+57.02)DSEC(+57.02)KK,104.88,1483.6436,12,1.7,495.55597,3,20.2353,9511,Vasilevskiy_L_different_L076_RZ_20240206_AV-1.raw,4.56E8,1,1,"Carbamidomethylation;Carbamidomethylation",,D8UWD8|SCXN9_MESEU:P09982|SCXE_MESEU:P86403|SCXN2_MESEU,DB Search
ALNPYC(+57.02)DSEC(+57.02)KKN(+0.98)GADGSYC(+57.02)QWLGR,104.26,2949.2480,25,0.5,738.31964,4,46.8647,30316,Vasilevskiy_L_different_L076_RZ_20240206_AV-1.raw,1.77E6,2,2,"Carbamidomethylation;Carbamidomethylation;Deamidation (NQ);Carbamidomethylation","C6:Deamidation (NQ):49.35",P09982|SCXE_MESEU,DB Search
ALNPYC(+57.02)DSEC(+57.02)KKN(+0.98)GADSGYC(+57.02)QWFGR,105.02,2983.2324,25,0.4,746.81567,4,49.6506,32530,Vasilevskiy_L_different_L076_RZ_20240206_AV-1.raw,1.82E6,1,1,"Carbamidomethylation;Carbamidomethylation;Deamidation (NQ);Carbamidomethylation","C6:Deamidation (NQ):75.74",D8UWD8|SCXN9_MESEU:P86403|SCXN2_MESEU,DB Search
ALNPYC(+57.02)DSEC(+57.02)KKNGADGSYC(+57.02)QWLGR,105.18,2948.2639,25,-6.5,983.75555,3,46.8750,30370,Vasilevskiy_L_different_L076_RZ_20240206_AV-1.raw,,0,0,"Carbamidomethylation;Carbamidomethylation;Carbamidomethylation",,P09982|SCXE_MESEU,DB Search
ALNSYC(+57.02)NTEC(+57.02)TK,26.07,1459.6072,12,-9.1,730.80420,2,23.9320,12233,Vasilevskiy_L_different_L076_RZ_20240206_AV-1.raw,,0,0,"Carbamidomethylation;Carbamidomethylation",,B8XGX9|B8XGX9_BUTOS:B8XGY7|B8XGY7_BUTOS,DB Search
ALPTC(+57.02)DGGVC(+57.02)NC(+57.02)NA,74.37,1507.5853,14,1.9,754.80139,2,27.5192,14977,Vasilevskiy_L_different_L076_RZ_20240206_AV-1.raw,,0,0,"Carbamidomethylation;Carbamidomethylation;Carbamidomethylation",,A0A088D9Q6|A0A088D9Q6_MESEU,DB Search
ALVGVYK,92.19,748.4483,7,0.5,375.23160,2,27.3980,14896,Vasilevskiy_L_different_L076_RZ_20240206_AV-1.raw,2.9E5,1,1,"",,A0A1W7RAR2|A0A1W7RAR2_9SCOR:A0A2I9LNV5|A0A2I9LNV5_9SCOR,DB Search
AM(+15.99)C(+57.02)MPC(+57.02)FTTDHNMAK,56.19,1829.7028,15,0.2,610.90833,3,42.1862,26608,Vasilevskiy_L_different_L076_RZ_20240206_AV-1.raw,,0,0,"Oxidation (M);Carbamidomethylation;Carbamidomethylation","M2:Oxidation (M):11.10",A0A0D4CZV2|A0A0D4CZV2_MESEU:P86401|CTXL_MESEU,DB Search
AMGFPFDR,96.32,939.4272,8,0.4,470.72110,2,52.8450,34892,Vasilevskiy_L_different_L076_RZ_20240206_AV-1.raw,1.53E7,1,1,"",,C6H0Z7|C6H0Z7_PANIM:A0A1W7RAG7|A0A1W7RAG7_9SCOR:C6H0Z5|C6H0Z5_PANIM:A0A1E1WVL6|A0A1E1WVL6_TITOB:P80476|HCY6_ANDAU:C6H100|C6H100_PANIM:A0A1W7RAD7|A0A1W7RAD7_9SCOR:A0A2I9LP22|A0A2I9LP22_9SCOR:C6H0Z9|C6H0Z9_PANIM:A0A1W7RAE6|A0A1W7RAE6_9SCOR,DB Search
AMGFPFDRK,88.04,1067.5222,9,1.1,356.84839,3,40.5069,25289,Vasilevskiy_L_different_L076_RZ_20240206_AV-1.raw,7.7E4,1,1,"",,C6H0Z5|C6H0Z5_PANIM:P80476|HCY6_ANDAU:A0A2I9LP22|A0A2I9LP22_9SCOR:C6H0Z9|C6H0Z9_PANIM:A0A1W7RAE6|A0A1W7RAE6_9SCOR,DB Search
AN(+0.98)QANLGPYIPSQPNGLAAEETLK,104.50,2496.2495,24,1.5,833.09174,3,57.2634,38821,Vasilevskiy_L_different_L076_RZ_20240206_AV-1.raw,5.48E5,1,1,"Deamidation (NQ)","N2:Deamidation (NQ):0.00",E4VNZ8|E4VNZ8_MESEU:E4VNZ7|E4VNZ7_MESEU,DB Search
ANQ(+0.98)ANLGPYIPSQPN(+0.98)GLAAEETLKK,104.43,2625.3286,25,0.4,876.11719,3,52.6532,34997,Vasilevskiy_L_different_L076_RZ_20240206_AV-1.raw,,0,0,"Deamidation (NQ);Deamidation (NQ)","Q3:Deamidation (NQ):12.81;N15:Deamidation (NQ):15.73",E4VNZ8|E4VNZ8_MESEU:E4VNZ7|E4VNZ7_MESEU,DB Search
ANQAN(+0.98)LGPYIPSQPNGLAAEETLKK,116.83,2624.3445,25,0.0,875.78876,3,51.2841,34127,Vasilevskiy_L_different_L076_RZ_20240206_AV-1.raw,3.55E6,1,1,"Deamidation (NQ)","N5:Deamidation (NQ):0.00",E4VNZ8|E4VNZ8_MESEU:E4VNZ7|E4VNZ7_MESEU,DB Search
ANQANLGPYIPSQPN(+0.98)GLAAEETLKK,110.31,2624.3445,25,0.0,875.78876,3,51.2841,34218,Vasilevskiy_L_different_L076_RZ_20240206_AV-1.raw,1.07E7,1,1,"Deamidation (NQ)","N15:Deamidation (NQ):14.04",E4VNZ8|E4VNZ8_MESEU:E4VNZ7|E4VNZ7_MESEU,DB Search
ANQANLGPYIPSQPNGLAAEETLK,113.07,2495.2656,24,1.5,832.76367,3,56.3292,38050,Vasilevskiy_L_different_L076_RZ_20240206_AV-1.raw,7.3E4,1,1,"",,E4VNZ8|E4VNZ8_MESEU:E4VNZ7|E4VNZ7_MESEU,DB Search
ANQANLGPYIPSQPNGLAAEETLKK,104.32,2623.3606,25,0.9,875.46161,3,50.1490,32799,Vasilevskiy_L_different_L076_RZ_20240206_AV-1.raw,2.55E6,1,1,"",,E4VNZ8|E4VNZ8_MESEU:E4VNZ7|E4VNZ7_MESEU,DB Search
APVASTVIQNVNR,95.83,1367.7521,13,2.4,684.88495,2,58.1290,39478,Vasilevskiy_L_different_L076_RZ_20240206_AV-1.raw,,0,0,"",,P86100|HYAL1_MESMA,DB Search
ARDAYIADDR,94.84,1164.5524,10,0.6,583.28381,2,19.0747,8503,Vasilevskiy_L_different_L076_RZ_20240206_AV-1.raw,,0,0,"",,P09982|SCXE_MESEU,DB Search
ARDAYIADDRN(+0.98)C(+57.02)VYTC(+57.02)ALN(+0.98)PYC(+57.02)DSEC(+57.02)K,92.85,3301.3420,27,-6.2,826.33765,4,45.6010,29336,Vasilevskiy_L_different_L076_RZ_20240206_AV-1.raw,,0,0,"Deamidation (NQ);Carbamidomethylation;Carbamidomethylation;Deamidation (NQ);Carbamidomethylation; more","N11:Deamidation (NQ):1000.00;C12:Deamidation (NQ):1000.00",P09982|SCXE_MESEU,DB Search
ARDAYIAK,92.60,906.4923,8,1.0,303.17166,3,17.0188,6775,Vasilevskiy_L_different_L076_RZ_20240206_AV-1.raw,3.61E5,1,1,"",,Q9BLM3|SCXB_ANDAU:P09981|SCX9_MESEU,DB Search
ARDAYIAKPHNC(+57.02)VYEC(+57.02)YNPK,105.02,2468.1365,20,0.2,618.04150,4,24.3852,12614,Vasilevskiy_L_different_L076_RZ_20240206_AV-1.raw,3.67E5,1,1,"Carbamidomethylation;Carbamidomethylation",,P09981|SCX9_MESEU,DB Search
ARDAYIAN(+0.98)DRNC(+57.02)VYTC(+57.02)ALNPYC(+57.02)N(+0.98)SEC(+57.02)KK,93.76,3427.4690,28,0.8,686.50159,5,38.6660,23761,Vasilevskiy_L_different_L076_RZ_20240206_AV-1.raw,2.2E6,2,2,"Deamidation (NQ);Carbamidomethylation;Carbamidomethylation;Carbamidomethylation;Deamidation (NQ); more","N8:Deamidation (NQ):0.00;C12:Deamidation (NQ):42.89",A0A146CJ08|A0A146CJ08_MESEU,DB Search
ARDAYIANDR,96.90,1163.5684,10,0.9,388.86374,3,18.0255,7517,Vasilevskiy_L_different_L076_RZ_20240206_AV-1.raw,1.81E7,2,2,"",,A0A146CJ08|A0A146CJ08_MESEU:P86403|SCXN2_MESEU,DB Search
ARDAYIANDRN(+0.98)C(+57.02)VYTC(+57.02)ALNPYC(+57.02)N(+0.98)SEC(+57.02)K,105.02,3299.3740,27,-0.4,825.85046,4,43.3609,27595,Vasilevskiy_L_different_L076_RZ_20240206_AV-1.raw,1.98E6,2,2,"Deamidation (NQ);Carbamidomethylation;Carbamidomethylation;Carbamidomethylation;Deamidation (NQ); more","N11:Deamidation (NQ):5.08;C12:Deamidation (NQ):82.63",A0A146CJ08|A0A146CJ08_MESEU,DB Search
ARDAYIANDRN(+0.98)C(+57.02)VYTC(+57.02)ALNPYC(+57.02)N(+0.98)SEC(+57.02)KK,105.02,3427.4690,28,-7.7,857.86792,4,38.7390,23791,Vasilevskiy_L_different_L076_RZ_20240206_AV-1.raw,3.23E6,2,2,"Deamidation (NQ);Carbamidomethylation;Carbamidomethylation;Carbamidomethylation;Deamidation (NQ); more","N11:Deamidation (NQ):10.22;C12:Deamidation (NQ):88.98",A0A146CJ08|A0A146CJ08_MESEU,DB Search
ARDAYIANDRNC(+57.02)VYTC(+57.02)ALN(+0.98)PYC(+57.02)N(+0.98)SEC(+57.02)KK,41.47,3427.4690,28,-2.9,1143.49365,3,38.7511,23859,Vasilevskiy_L_different_L076_RZ_20240206_AV-1.raw,,0,0,"Carbamidomethylation;Carbamidomethylation;Deamidation (NQ);Carbamidomethylation;Deamidation (NQ); more","C12:Deamidation (NQ):0.00;C16:Deamidation (NQ):15.12",A0A146CJ08|A0A146CJ08_MESEU,DB Search
ARDAYIANDRNC(+57.02)VYTC(+57.02)ALNPYC(+57.02)N(+0.98)SEC(+57.02)K,83.07,3298.3899,27,-7.5,1100.46240,3,43.4443,27638,Vasilevskiy_L_different_L076_RZ_20240206_AV-1.raw,,0,0,"Carbamidomethylation;Carbamidomethylation;Carbamidomethylation;Deamidation (NQ);Carbamidomethylation","C12:Deamidation (NQ):9.19",A0A146CJ08|A0A146CJ08_MESEU,DB Search
ARDGYIADDK,104.69,1122.5305,10,-0.3,375.18402,3,17.8593,7470,Vasilevskiy_L_different_L076_RZ_20240206_AV-1.raw,3.42E6,2,2,"",,D8UWD3|SCXN7_MESEU:A0A5P8U2M8|A0A5P8U2M8_MESEU:A0A5P8U2Q8|A0A5P8U2Q8_MESEU,DB Search
ARDGYIADDKN(+0.98)C(+57.02)AYFC(+57.02)GR,111.74,2151.9102,18,-0.4,718.31036,3,29.4244,16408,Vasilevskiy_L_different_L076_RZ_20240206_AV-1.raw,,0,0,"Deamidation (NQ);Carbamidomethylation;Carbamidomethylation","N11:Deamidation (NQ):1000.00",D8UWD3|SCXN7_MESEU,DB Search
ARDGYIADDKNC(+57.02)AYFC(+57.02)GR,105.02,2150.9263,18,0.4,538.73901,4,29.4519,16430,Vasilevskiy_L_different_L076_RZ_20240206_AV-1.raw,2.69E5,1,1,"Carbamidomethylation;Carbamidomethylation",,D8UWD3|SCXN7_MESEU,DB Search
ARFEELNADLFR,104.06,1479.7469,12,1.4,740.88177,2,54.1553,36219,Vasilevskiy_L_different_L076_RZ_20240206_AV-1.raw,1.19E5,1,1,"",,A0A1W7RAC4|A0A1W7RAC4_9SCOR:A0A2I9LP41|A0A2I9LP41_9SCOR,DB Search
ARPEYMLPVNFYGR,62.36,1711.8505,14,0.8,571.62451,3,57.2634,38772,Vasilevskiy_L_different_L076_RZ_20240206_AV-1.raw,1.52E5,1,1,"",,A0A2I9LP26|A0A2I9LP26_9SCOR,DB Search
ATC(+57.02)GYHDC(+57.02)VLYC(+57.02)Q(+0.98)M(+15.99)FGQQGK,110.75,2438.9751,20,2.4,1220.49780,2,37.9215,23258,Vasilevskiy_L_different_L076_RZ_20240206_AV-1.raw,,0,0,"Carbamidomethylation;Carbamidomethylation;Carbamidomethylation;Deamidation (NQ);Oxidation (M)","C3:Deamidation (NQ):25.70",A0A088D9U7|A0A088D9U7_MESEU,DB Search
ATC(+57.02)GYHDC(+57.02)VLYC(+57.02)Q(+0.98)MFGQQGK,109.95,2422.9802,20,3.7,808.67035,3,51.9527,34441,Vasilevskiy_L_different_L076_RZ_20240206_AV-1.raw,1.06E6,2,2,"Carbamidomethylation;Carbamidomethylation;Carbamidomethylation;Deamidation (NQ)","C3:Deamidation (NQ):22.05",A0A088D9U7|A0A088D9U7_MESEU,DB Search
ATC(+57.02)GYHDC(+57.02)VLYC(+57.02)QM(+15.99)FGQQGK,104.18,2437.9912,20,-0.4,813.67072,3,37.9713,23139,Vasilevskiy_L_different_L076_RZ_20240206_AV-1.raw,1.42E7,1,1,"Carbamidomethylation;Carbamidomethylation;Carbamidomethylation;Oxidation (M)","C3:Oxidation (M):1000.00",A0A088D9U7|A0A088D9U7_MESEU,DB Search
ATC(+57.02)GYHDC(+57.02)VLYC(+57.02)QMFGQ(+0.98)Q(+0.98)GKC(+57.02)R,97.20,2740.0962,22,7.3,914.37927,3,44.5884,28548,Vasilevskiy_L_different_L076_RZ_20240206_AV-1.raw,,0,0,"Carbamidomethylation;Carbamidomethylation;Carbamidomethylation;Deamidation (NQ);Deamidation (NQ); more","C3:Deamidation (NQ):11.12;C8:Deamidation (NQ):10.19",A0A088D9U7|A0A088D9U7_MESEU,DB Search
ATC(+57.02)GYHDC(+57.02)VLYC(+57.02)QMFGQ(+0.98)QGK,104.30,2422.9802,20,6.7,808.67279,3,51.4306,34004,Vasilevskiy_L_different_L076_RZ_20240206_AV-1.raw,,0,0,"Carbamidomethylation;Carbamidomethylation;Carbamidomethylation;Deamidation (NQ)","C3:Deamidation (NQ):0.00",A0A088D9U7|A0A088D9U7_MESEU,DB Search
ATC(+57.02)GYHDC(+57.02)VLYC(+57.02)QMFGQ(+0.98)QGKC(+57.02)R,57.89,2739.1121,22,-0.1,914.04449,3,54.0191,36157,Vasilevskiy_L_different_L076_RZ_20240206_AV-1.raw,2.73E4,1,1,"Carbamidomethylation;Carbamidomethylation;Carbamidomethylation;Deamidation (NQ);Carbamidomethylation","C3:Deamidation (NQ):0.00",A0A088D9U7|A0A088D9U7_MESEU,DB Search
ATC(+57.02)GYHDC(+57.02)VLYC(+57.02)QMFGQQ(+0.98)GKC(+57.02)R,103.79,2739.1121,22,-0.2,914.04443,3,44.6968,28658,Vasilevskiy_L_different_L076_RZ_20240206_AV-1.raw,2.12E6,1,1,"Carbamidomethylation;Carbamidomethylation;Carbamidomethylation;Deamidation (NQ);Carbamidomethylation","C3:Deamidation (NQ):0.00",A0A088D9U7|A0A088D9U7_MESEU,DB Search
ATC(+57.02)GYHDC(+57.02)VLYC(+57.02)QMFGQQGK,109.30,2421.9963,20,-0.3,808.33911,3,52.0300,34441,Vasilevskiy_L_different_L076_RZ_20240206_AV-1.raw,2.65E8,3,3,"Carbamidomethylation;Carbamidomethylation;Carbamidomethylation",,A0A088D9U7|A0A088D9U7_MESEU,DB Search
ATC(+57.02)GYHDC(+57.02)VLYC(+57.02)QMFGQQGKC(+57.02)R,85.42,2738.1279,22,-5.4,913.71167,3,44.5995,28555,Vasilevskiy_L_different_L076_RZ_20240206_AV-1.raw,,0,0,"Carbamidomethylation;Carbamidomethylation;Carbamidomethylation;Carbamidomethylation",,A0A088D9U7|A0A088D9U7_MESEU,DB Search
ATFGFSYSLTTDMAAK,102.19,1709.7970,16,4.4,855.90955,2,62.6318,43195,Vasilevskiy_L_different_L076_RZ_20240206_AV-1.raw,,0,0,"",,A0A146CJ24|A0A146CJ24_MESEU:E4VP38|E4VP38_MESEU:A0A0C4G490|A0A0C4G490_MESMA:Q8MTW7|Q8MTW7_MESMA:A0A0B4KJR4|A0A0B4KJR4_MESMA,DB Search
ATIGADFLTK,99.66,1035.5601,10,1.2,518.78790,2,47.4409,30828,Vasilevskiy_L_different_L076_RZ_20240206_AV-1.raw,,0,0,"",,A0A2I9LPI6|A0A2I9LPI6_9SCOR:A0A1W7R9V0|A0A1W7R9V0_9SCOR,DB Search
ATLSDAMC(+57.02)MPC(+57.02)FTTDHNMAK,105.02,2300.9355,20,-0.4,1151.47461,2,53.9176,36026,Vasilevskiy_L_different_L076_RZ_20240206_AV-1.raw,4.48E6,2,2,"Carbamidomethylation;Carbamidomethylation",,A0A0D4CZV2|A0A0D4CZV2_MESEU,DB Search
ATVFYPPNC(+57.02)R,85.27,1223.5757,10,1.3,612.79590,2,32.7404,19093,Vasilevskiy_L_different_L076_RZ_20240206_AV-1.raw,,0,0,"Carbamidomethylation",,F1CJ59|F1CJ59_HOTJU:F1CJA0|F1CJA0_HOTJU,DB Search
AVFPSIVGR,94.49,944.5443,9,-0.7,473.27908,2,48.0266,31315,Vasilevskiy_L_different_L076_RZ_20240206_AV-1.raw,,0,0,"",,A0A1W7RB59|A0A1W7RB59_9SCOR:E6Y2S5|E6Y2S5_MESMA:A0A1W7RB46|A0A1W7RB46_9SCOR:A0A2I9LNI8|A0A2I9LNI8_9SCOR:F1CJ72|F1CJ72_HOTJU:A0A2I9LNM3|A0A2I9LNM3_9SCOR,DB Search
AVLHIALR,89.59,891.5654,8,0.2,298.19580,3,35.1262,21099,Vasilevskiy_L_different_L076_RZ_20240206_AV-1.raw,1.81E5,1,1,"",,A0A8K1K205|A0A8K1K205_HEMLE,DB Search
AVN(+0.98)NEYC(+57.02)NHSC(+57.02)K,96.69,1495.5820,12,-0.4,748.79797,2,16.6423,6408,Vasilevskiy_L_different_L076_RZ_20240206_AV-1.raw,5.72E5,1,1,"Deamidation (NQ);Carbamidomethylation;Carbamidomethylation","N3:Deamidation (NQ):13.27",E4VP15|E4VP15_MESEU,DB Search
AVNN(+0.98)EYC(+57.02)NHSC(+57.02)K,91.73,1495.5820,12,0.4,499.53482,3,16.7391,6507,Vasilevskiy_L_different_L076_RZ_20240206_AV-1.raw,,0,0,"Deamidation (NQ);Carbamidomethylation;Carbamidomethylation","N4:Deamidation (NQ):0.00",E4VP15|E4VP15_MESEU,DB Search
AVNNEYC(+57.02)NHSC(+57.02)K,104.98,1494.5980,12,0.7,499.20694,3,16.0415,5992,Vasilevskiy_L_different_L076_RZ_20240206_AV-1.raw,5.62E7,3,3,"Carbamidomethylation;Carbamidomethylation",,E4VP15|E4VP15_MESEU,DB Search
AVPEGTLR,87.97,841.4658,8,0.4,421.74033,2,20.7789,9698,Vasilevskiy_L_different_L076_RZ_20240206_AV-1.raw,1.87E8,1,1,"",,Q9N661|KBX1_MESMA:A0A143MI92|A0A143MI92_MESEU:A0A0U4H7F5|A0A0U4H7F5_ODODO:A0A059UI30|KBX1_MESGB,DB Search
AVPESTLR,85.58,871.4763,8,0.8,436.74579,2,20.5421,9663,Vasilevskiy_L_different_L076_RZ_20240206_AV-1.raw,2.82E8,1,1,"",,A0A5P8U361|A0A5P8U361_MESEU:A9XE59|KBX12_MESEU:B8XH40|KBX1_BUTOS:A9XE60|KBX11_MESEU:E4VP14|E4VP14_MESEU:E4VP56|E4VP56_MESEU:A0A088D9S1|A0A088D9S1_MESEU:A0A088DB53|A0A088DB53_MESEU,DB Search
AVPTGGC(+57.02)PFSDLLC(+57.02)AK,105.01,1691.8010,16,0.5,846.90820,2,61.4272,42031,Vasilevskiy_L_different_L076_RZ_20240206_AV-1.raw,2.71E7,2,2,"Carbamidomethylation;Carbamidomethylation",,A0A088DB40|A0A088DB40_MESEU,DB Search
AWSTSWK,51.46,864.4130,7,1.1,433.21423,2,33.1514,19428,Vasilevskiy_L_different_L076_RZ_20240206_AV-1.raw,1.94E5,1,1,"",,A0A0U1SCI0|A0A0U1SCI0_ISOMC,DB Search
AWVAWK,84.99,759.4068,6,0.6,380.71091,2,45.2433,29049,Vasilevskiy_L_different_L076_RZ_20240206_AV-1.raw,2.24E5,1,1,"",,A0A0U1S886|A0A0U1S886_ISOMC,DB Search
AWWIYAR,94.64,964.4919,7,-0.5,965.49872,1,60.4445,41329,Vasilevskiy_L_different_L076_RZ_20240206_AV-1.raw,1.05E8,2,2,"",,P86100|HYAL1_MESMA:A0A7T9L322|A0A7T9L322_ANDCR,DB Search
AYC(+57.02)DEEC(+57.02)KK,104.72,1201.4744,9,0.4,401.49887,3,15.4330,5492,Vasilevskiy_L_different_L076_RZ_20240206_AV-1.raw,4.43E5,2,2,"Carbamidomethylation;Carbamidomethylation",,A0F0C1|A0F0C1_MESMA:P01490|SCXA_MESEU:P86408|SCXN1_MESEU:A0A0B5GD34|A0A0B5GD34_MESEU:D8UWD3|SCXN7_MESEU:A0A143FHE4|A0A143FHE4_MESEU,DB Search
AYFC(+57.02)GR,89.94,772.3326,6,0.1,387.17365,2,22.5331,11029,Vasilevskiy_L_different_L076_RZ_20240206_AV-1.raw,1.15E7,1,1,"Carbamidomethylation",,P01490|SCXA_MESEU:Q95P69|SCAA_MESMA:D8UWD3|SCXN7_MESEU:A0A0B5GD34|A0A0B5GD34_MESEU:Q1EG63|Q1EG63_MESMA:A0A143FHE4|A0A143FHE4_MESEU:Q4TUA4|SCA4_MESMA:Q49S27|Q49S27_MESMA:G4V3T9|SCAA2_MESMA:Q9GNG8|SC15_MESMA:P86408|SCXN1_MESEU:Q9GUA7|SCA3_MESMA:P82815|SCBK_MESMA,DB Search
AYHEQLTVAEITNAC(+57.02)FEPANQMVK,56.15,2763.2996,24,8.5,922.11493,3,58.8523,40084,Vasilevskiy_L_different_L076_RZ_20240206_AV-1.raw,,0,0,"Carbamidomethylation",,A0A2I9LPW7|A0A2I9LPW7_9SCOR:A0A1W7R9C0|A0A1W7R9C0_9SCOR:A0A1W7R9B8|A0A1W7R9B8_9SCOR:A0A2I9LPV8|A0A2I9LPV8_9SCOR:A0A2I9LPX0|A0A2I9LPX0_9SCOR,DB Search
AYIAN(+0.98)DRNC(+57.02)VYTC(+57.02)ALNPYC(+57.02)DSEC(+57.02)K,50.99,2957.2087,24,-7.6,986.73608,3,43.6469,27807,Vasilevskiy_L_different_L076_RZ_20240206_AV-1.raw,1.91E5,1,1,"Deamidation (NQ);Carbamidomethylation;Carbamidomethylation;Carbamidomethylation;Carbamidomethylation","N5:Deamidation (NQ):0.00",P86403|SCXN2_MESEU,DB Search
AYIANDR,84.95,821.4031,7,0.5,411.70908,2,18.3417,7902,Vasilevskiy_L_different_L076_RZ_20240206_AV-1.raw,3.39E5,1,1,"",,A0A146CJ08|A0A146CJ08_MESEU:A0A0K0LBX2|A0A0K0LBX2_9SCOR:P86403|SCXN2_MESEU,DB Search
AYIQALTR,96.96,934.5236,8,-0.3,468.26895,2,33.6399,19836,Vasilevskiy_L_different_L076_RZ_20240206_AV-1.raw,,0,0,"",,A0A1E1WVN1|A0A1E1WVN1_TITOB,DB Search
C(+57.02)(+42.01)AYFC(+57.02)GR,41.50,974.3738,7,1.0,488.19467,2,35.9986,21786,Vasilevskiy_L_different_L076_RZ_20240206_AV-1.raw,,0,0,"Carbamidomethylation;Acetylation (Protein N-term);Carbamidomethylation","C1:Carbamidomethylation:1000.00",G4V3T9|SCAA2_MESMA:P01490|SCXA_MESEU:D8UWD3|SCXN7_MESEU:P82815|SCBK_MESMA,DB Search
C(+57.02)ALNPYC(+57.02)DSEC(+57.02)KK,104.84,1643.6742,13,0.2,548.89880,3,22.2644,10928,Vasilevskiy_L_different_L076_RZ_20240206_AV-1.raw,1.27E7,2,2,"Carbamidomethylation;Carbamidomethylation;Carbamidomethylation",,D8UWD8|SCXN9_MESEU:P09982|SCXE_MESEU:P86403|SCXN2_MESEU,DB Search
C(+57.02)ALNPYC(+57.02)N(+0.98)SEC(+57.02)K,104.09,1515.5792,12,0.0,758.79688,2,27.0947,14502,Vasilevskiy_L_different_L076_RZ_20240206_AV-1.raw,3.58E6,1,1,"Carbamidomethylation;Carbamidomethylation;Deamidation (NQ);Carbamidomethylation","C1:Deamidation (NQ):82.63",A0A146CJ08|A0A146CJ08_MESEU,DB Search
C(+57.02)AVNNEYC(+57.02)NHSC(+57.02)K,94.49,1654.6287,13,-1.6,828.32031,2,19.5629,8934,Vasilevskiy_L_different_L076_RZ_20240206_AV-1.raw,4.89E5,1,1,"Carbamidomethylation;Carbamidomethylation;Carbamidomethylation",,E4VP15|E4VP15_MESEU,DB Search
C(+57.02)AYFC(+57.02)GR,90.53,932.3633,7,0.9,467.18933,2,24.5947,12749,Vasilevskiy_L_different_L076_RZ_20240206_AV-1.raw,5.73E6,1,1,"Carbamidomethylation;Carbamidomethylation",,P01490|SCXA_MESEU:Q95P69|SCAA_MESMA:D8UWD3|SCXN7_MESEU:A0A0B5GD34|A0A0B5GD34_MESEU:Q1EG63|Q1EG63_MESMA:A0A143FHE4|A0A143FHE4_MESEU:Q4TUA4|SCA4_MESMA:Q49S27|Q49S27_MESMA:G4V3T9|SCAA2_MESMA:Q9GNG8|SC15_MESMA:P86408|SCXN1_MESEU:Q9GUA7|SCA3_MESMA:P82815|SCBK_MESMA,DB Search
C(+57.02)DDHC(+57.02)QDIEKK,96.60,1446.5868,11,2.1,483.20386,3,15.4053,5445,Vasilevskiy_L_different_L076_RZ_20240206_AV-1.raw,,0,0,"Carbamidomethylation;Carbamidomethylation",,A9XE59|KBX12_MESEU:A9XE60|KBX11_MESEU:E4VP14|E4VP14_MESEU:E4VP56|E4VP56_MESEU,DB Search
C(+57.02)DDIHNWVPTWSR,66.34,1684.7416,13,3.2,562.58960,3,54.7663,36816,Vasilevskiy_L_different_L076_RZ_20240206_AV-1.raw,6.58E4,1,1,"Carbamidomethylation",,Q9NBW2|SCBT_MESMA,DB Search
C(+57.02)DEEC(+57.02)K,61.98,839.2789,6,0.1,420.64679,2,14.1488,4412,Vasilevskiy_L_different_L076_RZ_20240206_AV-1.raw,1.21E5,1,1,"Carbamidomethylation;Carbamidomethylation",,A0A1S4BWI8|A0A1S4BWI8_TOBAC:A0A1S4AKU3|A0A1S4AKU3_TOBAC:A0A1J6HWC8|A0A1J6HWC8_NICAT:P01490|SCXA_MESEU:A0A1U7W6X0|A0A1U7W6X0_NICSY:A0A1U7VTV7|A0A1U7VTV7_NICSY:A0A1U7V9L3|A0A1U7V9L3_NICSY:D8UWD3|SCXN7_MESEU:A0A0B5GD34|A0A0B5GD34_MESEU:A0A1U7XBQ6|A0A1U7XBQ6_NICSY:A0A143FHE4|A0A143FHE4_MESEU:A0A1S4AKZ2|A0A1S4AKZ2_TOBAC:Q40539|Q40539_TOBAC:A0A1S4AAG9|A0A1S4AAG9_TOBAC:A0A8J2MBE8|A0A8J2MBE8_COTCN:A0F0C1|A0F0C1_MESMA:A0A1S4ALK6|A0A1S4ALK6_TOBAC:A0A1S3YK59|A0A1S3YK59_TOBAC:P86408|SCXN1_MESEU:A0A1S4BV80|A0A1S4BV80_TOBAC,DB Search
C(+57.02)DEEC(+57.02)KK,92.10,967.3739,7,0.7,484.69455,2,13.6542,4115,Vasilevskiy_L_different_L076_RZ_20240206_AV-1.raw,1.16E4,1,1,"Carbamidomethylation;Carbamidomethylation",,A0F0C1|A0F0C1_MESMA:P01490|SCXA_MESEU:P86408|SCXN1_MESEU:A0A0B5GD34|A0A0B5GD34_MESEU:D8UWD3|SCXN7_MESEU:A0A143FHE4|A0A143FHE4_MESEU,DB Search
C(+57.02)DN(+0.98)DKC(+57.02)VC(+57.02)EPK,95.44,1424.5370,11,0.4,475.85312,3,16.7233,6494,Vasilevskiy_L_different_L076_RZ_20240206_AV-1.raw,1.71E7,2,2,"Carbamidomethylation;Deamidation (NQ);Carbamidomethylation;Carbamidomethylation","C1:Deamidation (NQ):1000.00",P86400|KAX86_MESEU:P80671|KAX84_LEIHE:Q549D8|Q549D8_MESMA:Q9U8D2|KAX82_MESMA,DB Search
C(+57.02)DNDKC(+57.02)VC(+57.02)EPK,93.89,1423.5530,11,-0.5,712.78345,2,16.0726,6016,Vasilevskiy_L_different_L076_RZ_20240206_AV-1.raw,3.39E6,1,1,"Carbamidomethylation;Carbamidomethylation;Carbamidomethylation",,P86400|KAX86_MESEU:P80671|KAX84_LEIHE:Q549D8|Q549D8_MESMA:Q9U8D2|KAX82_MESMA,DB Search
C(+57.02)EC(+57.02)IVGK,80.30,864.3834,7,0.0,433.19894,2,20.3380,9534,Vasilevskiy_L_different_L076_RZ_20240206_AV-1.raw,7.46E8,1,1,"Carbamidomethylation;Carbamidomethylation",,A0A088DB12|A0A088DB12_MESEU,DB Search
C(+57.02)EC(+57.02)IVGKL,77.10,977.4674,8,0.3,489.74112,2,36.6010,22457,Vasilevskiy_L_different_L076_RZ_20240206_AV-1.raw,3.96E7,1,1,"Carbamidomethylation;Carbamidomethylation",,A0A088DB12|A0A088DB12_MESEU,DB Search
C(+57.02)EDC(+57.02)PEHC(+57.02)ATK,104.82,1405.5061,11,-0.2,469.50922,3,16.2681,6165,Vasilevskiy_L_different_L076_RZ_20240206_AV-1.raw,2.56E7,3,3,"Carbamidomethylation;Carbamidomethylation;Carbamidomethylation",,E4VP43|KAX8R_MESEU:P86400|KAX86_MESEU,DB Search
C(+57.02)EDC(+57.02)PPHC(+57.02)ATK,96.65,1373.5162,11,0.0,687.76538,2,16.7186,6485,Vasilevskiy_L_different_L076_RZ_20240206_AV-1.raw,,0,0,"Carbamidomethylation;Carbamidomethylation;Carbamidomethylation",,C0HJQ5|KAX87_MESEU,DB Search
C(+57.02)EDHC(+57.02)EAK,89.24,1047.3750,8,0.7,524.69513,2,17.0974,6822,Vasilevskiy_L_different_L076_RZ_20240206_AV-1.raw,,0,0,"Carbamidomethylation;Carbamidomethylation",,A0A088D9U2|A0A088D9U2_MESEU:A0A0K0LC08|A0A0K0LC08_9SCOR:A0A0K0LCJ0|A0A0K0LCJ0_9SCOR:B8XH36|B8XH36_BUTOS:A0A0K0LC09|A0A0K0LC09_9SCOR:A0A0K0LC17|A0A0K0LC17_9SCOR:A0A143MGJ8|A0A143MGJ8_MESEU:A0A0K0LC11|A0A0K0LC11_9SCOR,DB Search
C(+57.02)EGLPAK,35.71,773.3741,7,0.7,387.69464,2,20.8729,9911,Vasilevskiy_L_different_L076_RZ_20240206_AV-1.raw,6.14E5,1,1,"Carbamidomethylation",,B8XH13|B8XH13_BUTOS,DB Search
C(+57.02)ELVDMN(+0.98)GIC(+57.02)VIETEHDLFYHIC(+57.02)R,105.02,3023.3286,24,1.1,756.84027,4,67.4048,47168,Vasilevskiy_L_different_L076_RZ_20240206_AV-1.raw,,0,0,"Carbamidomethylation;Deamidation (NQ);Carbamidomethylation;Carbamidomethylation","C1:Deamidation (NQ):1000.00",A0A088D9Q2|A0A088D9Q2_MESEU,DB Search
C(+57.02)ELVNM(+15.99)NGIC(+57.02)VIETEHDLFYHIC(+57.02)R,109.89,3037.3555,24,0.7,760.34668,4,67.6040,47276,Vasilevskiy_L_different_L076_RZ_20240206_AV-1.raw,1.14E6,1,1,"Carbamidomethylation;Oxidation (M);Carbamidomethylation;Carbamidomethylation","C1:Oxidation (M):1000.00",A0A088DB22|A0A088DB22_MESEU,DB Search
C(+57.02)EN(+0.98)DKC(+57.02)VC(+57.02)EPK,104.99,1438.5527,11,0.5,480.52509,3,16.7832,6547,Vasilevskiy_L_different_L076_RZ_20240206_AV-1.raw,,0,0,"Carbamidomethylation;Deamidation (NQ);Carbamidomethylation;Carbamidomethylation","C1:Deamidation (NQ):1000.00",C0HJQ5|KAX87_MESEU:F1CIV5|F1CIV5_HOTJU,DB Search
C(+57.02)ENTEC(+57.02)K,40.59,939.3426,7,0.3,470.67874,2,14.0926,4380,Vasilevskiy_L_different_L076_RZ_20240206_AV-1.raw,5.45E3,1,1,"Carbamidomethylation;Carbamidomethylation",,A0A088D9U2|A0A088D9U2_MESEU:A0A088DB26|A0A088DB26_MESEU:E4VP34|E4VP34_MESEU:P0CH57|NDB51_MESEU:E4VP57|E4VP57_MESEU:A0A088DAE8|A0A088DAE8_MESEU,DB Search
C(+57.02)FC(+57.02)QGAR,54.01,897.3585,7,0.6,449.68680,2,24.4941,12698,Vasilevskiy_L_different_L076_RZ_20240206_AV-1.raw,,0,0,"Carbamidomethylation;Carbamidomethylation",,Q9UAC9|SCAS_MESMA:E4VP32|E4VP32_MESEU:R4H5E1|R4H5E1_MESEU,DB Search
C(+57.02)FEASK,79.02,740.3163,6,0.2,371.16550,2,17.0767,6832,Vasilevskiy_L_different_L076_RZ_20240206_AV-1.raw,2.1E7,1,1,"Carbamidomethylation",,A0A088DAY3|A0A088DAY3_MESEU,DB Search
C(+57.02)FEASKY,96.74,903.3796,7,0.8,452.69748,2,23.6644,11985,Vasilevskiy_L_different_L076_RZ_20240206_AV-1.raw,7.1E6,1,1,"Carbamidomethylation",,A0A088DAY3|A0A088DAY3_MESEU,DB Search
C(+57.02)FGIDNDNISF,99.47,1300.5394,11,0.9,651.27753,2,66.3861,46361,Vasilevskiy_L_different_L076_RZ_20240206_AV-1.raw,8.04E4,1,1,"Carbamidomethylation",,E4VP64|E4VP64_MESEU,DB Search
C(+57.02)FGIDNDNISFFAAM(+15.99)EK,112.73,1993.8550,17,-0.7,665.62512,3,64.9569,45156,Vasilevskiy_L_different_L076_RZ_20240206_AV-1.raw,2.44E5,2,2,"Carbamidomethylation;Oxidation (M)","C1:Oxidation (M):1000.00",E4VP64|E4VP64_MESEU,DB Search
C(+57.02)FGIDNDNISFFAAMEK,105.02,1977.8601,17,1.1,660.29468,3,68.0638,47736,Vasilevskiy_L_different_L076_RZ_20240206_AV-1.raw,8.55E6,2,2,"Carbamidomethylation",,E4VP64|E4VP64_MESEU,DB Search
C(+57.02)FGPQ(+0.98)C(+57.02)LC(+57.02)NR,106.56,1311.5159,10,0.4,656.76544,2,39.5993,24538,Vasilevskiy_L_different_L076_RZ_20240206_AV-1.raw,7.3E6,1,1,"Carbamidomethylation;Deamidation (NQ);Carbamidomethylation;Carbamidomethylation","C1:Deamidation (NQ):42.68",P15222|CTX5A_MESEU:P59887|CTXL_HOTTS:A0A0D4CZV2|A0A0D4CZV2_MESEU:A0A146CJF8|A0A146CJF8_MESEU:A0A5P8U2N8|A0A5P8U2N8_MESEU:Q9UAD0|CTXL_MESMA:Q9BJW4|CTXLB_MESMA:A0A146CJD6|A0A146CJD6_MESEU:P60269|CTXI4_MESEU:P60270|CTXI5_MESEU:A0A0D4CYV3|A0A0D4CYV3_MESEU:A0A5P8U2Q5|A0A5P8U2Q5_MESEU,DB Search
C(+57.02)FGPQC(+57.02)L,38.75,880.3571,7,0.0,441.18585,2,50.7237,33203,Vasilevskiy_L_different_L076_RZ_20240206_AV-1.raw,6.36E5,1,1,"Carbamidomethylation;Carbamidomethylation",,A0A0D4CZV2|A0A0D4CZV2_MESEU:A0A023UH07|A0A023UH07_MESGB:F1DI80|CTXL2_MESEU:A0A146CIP8|A0A146CIP8_MESEU:Q9UAD0|CTXL_MESMA:A0A146CJD6|A0A146CJD6_MESEU:P60270|CTXI5_MESEU:P15220|CTXI1_MESEU:P59887|CTXL_HOTTS:A0A143MGK4|A0A143MGK4_MESEU:P15222|CTX5A_MESEU:A0A146CJF8|A0A146CJF8_MESEU:Q9BJW4|CTXLB_MESMA:P60269|CTXI4_MESEU:A0A146CIP9|A0A146CIP9_MESEU:A0A023UFA0|A0A023UFA0_MESGB:A0A023UGK1|A0A023UGK1_MESGB,DB Search
C(+57.02)FGPQC(+57.02)LC(+57.02),79.29,1040.3878,8,0.8,521.20160,2,45.5423,28799,Vasilevskiy_L_different_L076_RZ_20240206_AV-1.raw,1.13E8,1,1,"Carbamidomethylation;Carbamidomethylation;Carbamidomethylation",,A0A0D4CZV2|A0A0D4CZV2_MESEU:A0A023UH07|A0A023UH07_MESGB:F1DI80|CTXL2_MESEU:A0A146CIP8|A0A146CIP8_MESEU:Q9UAD0|CTXL_MESMA:A0A146CJD6|A0A146CJD6_MESEU:P60270|CTXI5_MESEU:P15220|CTXI1_MESEU:P59887|CTXL_HOTTS:A0A143MGK4|A0A143MGK4_MESEU:P15222|CTX5A_MESEU:A0A146CJF8|A0A146CJF8_MESEU:Q9BJW4|CTXLB_MESMA:P60269|CTXI4_MESEU:A0A146CIP9|A0A146CIP9_MESEU:A0A023UFA0|A0A023UFA0_MESGB:A0A023UGK1|A0A023UGK1_MESGB,DB Search
C(+57.02)FGPQC(+57.02)LC(+57.02)GYD,110.21,1375.4995,11,0.0,688.75702,2,54.6778,36635,Vasilevskiy_L_different_L076_RZ_20240206_AV-1.raw,5.81E6,1,1,"Carbamidomethylation;Carbamidomethylation;Carbamidomethylation",,P15220|CTXI1_MESEU:A0A143MGK4|A0A143MGK4_MESEU:A0A023UH07|A0A023UH07_MESGB:A0A146CIP8|A0A146CIP8_MESEU:A0A146CIP9|A0A146CIP9_MESEU:A0A023UFA0|A0A023UFA0_MESGB:A0A023UGK1|A0A023UGK1_MESGB,DB Search
C(+57.02)FGPQC(+57.02)LC(+57.02)N,105.47,1154.4307,9,0.6,578.22296,2,42.5450,27324,Vasilevskiy_L_different_L076_RZ_20240206_AV-1.raw,2.14E8,1,1,"Carbamidomethylation;Carbamidomethylation;Carbamidomethylation",,P15222|CTX5A_MESEU:P59887|CTXL_HOTTS:A0A0D4CZV2|A0A0D4CZV2_MESEU:A0A146CJF8|A0A146CJF8_MESEU:Q9UAD0|CTXL_MESMA:Q9BJW4|CTXLB_MESMA:A0A146CJD6|A0A146CJD6_MESEU:P60269|CTXI4_MESEU:P60270|CTXI5_MESEU,DB Search
C(+57.02)FGPQC(+57.02)LC(+57.02)N(+0.98)R,96.48,1311.5159,10,0.6,656.76556,2,36.8940,22583,Vasilevskiy_L_different_L076_RZ_20240206_AV-1.raw,4.25E6,1,1,"Carbamidomethylation;Carbamidomethylation;Carbamidomethylation;Deamidation (NQ)","C1:Deamidation (NQ):25.55",P15222|CTX5A_MESEU:P59887|CTXL_HOTTS:A0A0D4CZV2|A0A0D4CZV2_MESEU:A0A146CJF8|A0A146CJF8_MESEU:A0A5P8U2N8|A0A5P8U2N8_MESEU:Q9UAD0|CTXL_MESMA:Q9BJW4|CTXLB_MESMA:A0A146CJD6|A0A146CJD6_MESEU:P60269|CTXI4_MESEU:P60270|CTXI5_MESEU:A0A0D4CYV3|A0A0D4CYV3_MESEU:A0A5P8U2Q5|A0A5P8U2Q5_MESEU,DB Search
C(+57.02)FGPQC(+57.02)LC(+57.02)NR,104.98,1310.5319,10,0.6,656.27356,2,34.1352,20243,Vasilevskiy_L_different_L076_RZ_20240206_AV-1.raw,1.32E9,2,2,"Carbamidomethylation;Carbamidomethylation;Carbamidomethylation",,P15222|CTX5A_MESEU:P59887|CTXL_HOTTS:A0A0D4CZV2|A0A0D4CZV2_MESEU:A0A146CJF8|A0A146CJF8_MESEU:A0A5P8U2N8|A0A5P8U2N8_MESEU:Q9UAD0|CTXL_MESMA:Q9BJW4|CTXLB_MESMA:A0A146CJD6|A0A146CJD6_MESEU:P60269|CTXI4_MESEU:P60270|CTXI5_MESEU:A0A0D4CYV3|A0A0D4CYV3_MESEU:A0A5P8U2Q5|A0A5P8U2Q5_MESEU,DB Search
C(+57.02)FGPQC(+57.02)LC(+57.02)NRG,100.74,1367.5533,11,-0.2,684.78381,2,35.2076,20642,Vasilevskiy_L_different_L076_RZ_20240206_AV-1.raw,5.29E6,1,1,"Carbamidomethylation;Carbamidomethylation;Carbamidomethylation",,P59887|CTXL_HOTTS:A0A0D4CZV2|A0A0D4CZV2_MESEU:A0A146CJF8|A0A146CJF8_MESEU:A0A5P8U2N8|A0A5P8U2N8_MESEU:A0A146CJD6|A0A146CJD6_MESEU:A0A0D4CYV3|A0A0D4CYV3_MESEU:A0A5P8U2Q5|A0A5P8U2Q5_MESEU,DB Search
C(+57.02)FGYQ(+0.98)C(+57.02)LC(+57.02),108.94,1107.3823,8,0.3,554.69861,2,51.0949,33643,Vasilevskiy_L_different_L076_RZ_20240206_AV-1.raw,4.54E6,2,2,"Carbamidomethylation;Deamidation (NQ);Carbamidomethylation;Carbamidomethylation","C1:Deamidation (NQ):1000.00",E4VP45|E4VP45_MESEU:E4VP46|E4VP46_MESEU:R4H559|R4H559_MESEU:R4H5A4|R4H5A4_MESEU:P86402|CTXL1_MESEU:P86401|CTXL_MESEU,DB Search
C(+57.02)FGYQ(+0.98)C(+57.02)LC(+57.02)N,107.96,1221.4253,9,0.5,611.72021,2,49.7500,32513,Vasilevskiy_L_different_L076_RZ_20240206_AV-1.raw,4.78E6,2,2,"Carbamidomethylation;Deamidation (NQ);Carbamidomethylation;Carbamidomethylation","C1:Deamidation (NQ):82.63",E4VP45|E4VP45_MESEU:E4VP46|E4VP46_MESEU:R4H559|R4H559_MESEU:R4H5A4|R4H5A4_MESEU:P86402|CTXL1_MESEU:P86401|CTXL_MESEU,DB Search
C(+57.02)FGYQ(+0.98)C(+57.02)LC(+57.02)NR,97.78,1377.5264,10,8.3,689.77618,2,41.0012,25721,Vasilevskiy_L_different_L076_RZ_20240206_AV-1.raw,6.62E7,2,2,"Carbamidomethylation;Deamidation (NQ);Carbamidomethylation;Carbamidomethylation","C1:Deamidation (NQ):26.38",E4VP45|E4VP45_MESEU:E4VP46|E4VP46_MESEU:R4H559|R4H559_MESEU:R4H5A4|R4H5A4_MESEU:P86402|CTXL1_MESEU:P86401|CTXL_MESEU,DB Search
C(+57.02)FGYQC(+57.02),76.61,833.2836,6,0.3,417.64923,2,31.3659,17874,Vasilevskiy_L_different_L076_RZ_20240206_AV-1.raw,1.03E7,1,1,"Carbamidomethylation;Carbamidomethylation",,E4VP45|E4VP45_MESEU:E4VP46|E4VP46_MESEU:R4H559|R4H559_MESEU:R4H5A4|R4H5A4_MESEU:P86402|CTXL1_MESEU:P86401|CTXL_MESEU,DB Search
C(+57.02)FGYQC(+57.02)L,101.20,946.3677,7,0.4,474.19131,2,53.3571,35874,Vasilevskiy_L_different_L076_RZ_20240206_AV-1.raw,2.46E7,1,1,"Carbamidomethylation;Carbamidomethylation",,E4VP45|E4VP45_MESEU:E4VP46|E4VP46_MESEU:R4H559|R4H559_MESEU:R4H5A4|R4H5A4_MESEU:P86402|CTXL1_MESEU:P86401|CTXL_MESEU,DB Search
C(+57.02)FGYQC(+57.02)LC(+57.02),107.77,1106.3983,8,0.7,554.20685,2,50.4070,33156,Vasilevskiy_L_different_L076_RZ_20240206_AV-1.raw,3.58E8,3,3,"Carbamidomethylation;Carbamidomethylation;Carbamidomethylation",,E4VP45|E4VP45_MESEU:E4VP46|E4VP46_MESEU:R4H559|R4H559_MESEU:R4H5A4|R4H5A4_MESEU:P86402|CTXL1_MESEU:P86401|CTXL_MESEU,DB Search
C(+57.02)FGYQC(+57.02)LC(+57.02)N,108.40,1220.4413,9,0.5,611.22821,2,47.6968,30590,Vasilevskiy_L_different_L076_RZ_20240206_AV-1.raw,8.59E8,4,4,"Carbamidomethylation;Carbamidomethylation;Carbamidomethylation",,E4VP45|E4VP45_MESEU:E4VP46|E4VP46_MESEU:R4H559|R4H559_MESEU:R4H5A4|R4H5A4_MESEU:P86402|CTXL1_MESEU:P86401|CTXL_MESEU,DB Search
C(+57.02)FGYQC(+57.02)LC(+57.02)N(+0.98),104.83,1221.4253,9,0.5,611.72021,2,49.7500,32973,Vasilevskiy_L_different_L076_RZ_20240206_AV-1.raw,4.29E6,2,2,"Carbamidomethylation;Carbamidomethylation;Carbamidomethylation;Deamidation (NQ)","C1:Deamidation (NQ):0.00",E4VP45|E4VP45_MESEU:E4VP46|E4VP46_MESEU:R4H559|R4H559_MESEU:R4H5A4|R4H5A4_MESEU:P86402|CTXL1_MESEU:P86401|CTXL_MESEU,DB Search
C(+57.02)FGYQC(+57.02)LC(+57.02)N(+0.98)R,103.74,1377.5264,10,0.1,689.77057,2,42.5096,27331,Vasilevskiy_L_different_L076_RZ_20240206_AV-1.raw,1.28E8,2,2,"Carbamidomethylation;Carbamidomethylation;Carbamidomethylation;Deamidation (NQ)","C1:Deamidation (NQ):14.58",E4VP45|E4VP45_MESEU:E4VP46|E4VP46_MESEU:R4H559|R4H559_MESEU:R4H5A4|R4H5A4_MESEU:P86402|CTXL1_MESEU:P86401|CTXL_MESEU,DB Search
C(+57.02)FGYQC(+57.02)LC(+57.02)N(+0.98)RG,97.46,1434.5479,11,0.8,718.28180,2,38.7390,23836,Vasilevskiy_L_different_L076_RZ_20240206_AV-1.raw,3.92E5,2,2,"Carbamidomethylation;Carbamidomethylation;Carbamidomethylation;Deamidation (NQ)","C1:Deamidation (NQ):42.68",E4VP45|E4VP45_MESEU:E4VP46|E4VP46_MESEU:R4H559|R4H559_MESEU:R4H5A4|R4H5A4_MESEU:P86401|CTXL_MESEU,DB Search
C(+57.02)FGYQC(+57.02)LC(+57.02)NR,106.00,1376.5424,10,-0.4,1377.54907,1,37.3429,22895,Vasilevskiy_L_different_L076_RZ_20240206_AV-1.raw,8.6E9,8,8,"Carbamidomethylation;Carbamidomethylation;Carbamidomethylation",,E4VP45|E4VP45_MESEU:E4VP46|E4VP46_MESEU:R4H559|R4H559_MESEU:R4H5A4|R4H5A4_MESEU:P86402|CTXL1_MESEU:P86401|CTXL_MESEU,DB Search
C(+57.02)FGYQC(+57.02)LC(+57.02)NRG,93.54,1433.5638,11,1.0,717.78992,2,37.6073,23040,Vasilevskiy_L_different_L076_RZ_20240206_AV-1.raw,5.29E6,1,1,"Carbamidomethylation;Carbamidomethylation;Carbamidomethylation",,E4VP45|E4VP45_MESEU:E4VP46|E4VP46_MESEU:R4H559|R4H559_MESEU:R4H5A4|R4H5A4_MESEU:P86401|CTXL_MESEU,DB Search
C(+57.02)FN(+0.98)EMPPYEFSATDEDIK,101.44,2192.8918,18,-6.6,731.96637,3,58.9976,40204,Vasilevskiy_L_different_L076_RZ_20240206_AV-1.raw,,0,0,"Carbamidomethylation;Deamidation (NQ)","C1:Deamidation (NQ):1000.00",A0A146CIZ3|A0A146CIZ3_MESEU,DB Search
C(+57.02)FPNYC(+57.02)R,80.25,1015.4004,7,0.3,508.70764,2,27.0270,13827,Vasilevskiy_L_different_L076_RZ_20240206_AV-1.raw,1.03E9,1,1,"Carbamidomethylation;Carbamidomethylation",,A0A088DB13|A0A088DB13_MESEU:E4VP04|KAXU3_MESEU:A0A0S2CX25|A0A0S2CX25_MESEU:A0A088DAE0|A0A088DAE0_MESEU,DB Search
C(+57.02)FREDYPIK,87.22,1226.5753,9,0.1,409.86578,3,27.0270,14470,Vasilevskiy_L_different_L076_RZ_20240206_AV-1.raw,1.56E6,2,2,"Carbamidomethylation",,A0A2I9LPG1|A0A2I9LPG1_9SCOR:A0A059UD62|A0A059UD62_MESGB:A0AA50AAI4|A0AA50AAI4_ANDCR,DB Search
C(+57.02)FREDYPIKR,99.51,1382.6765,10,0.4,346.67654,4,22.3241,11053,Vasilevskiy_L_different_L076_RZ_20240206_AV-1.raw,,0,0,"Carbamidomethylation",,A0A059UD62|A0A059UD62_MESGB,DB Search
C(+57.02)FTTRPDMAQQC(+57.02)R,104.97,1669.7123,13,0.1,835.86353,2,22.6800,11372,Vasilevskiy_L_different_L076_RZ_20240206_AV-1.raw,2.08E5,1,1,"Carbamidomethylation;Carbamidomethylation",,E4VP45|E4VP45_MESEU:P15220|CTXI1_MESEU:A0A143MGK4|A0A143MGK4_MESEU:E4VP46|E4VP46_MESEU:R4H559|R4H559_MESEU:A0A146CIP8|A0A146CIP8_MESEU:R4H5A4|R4H5A4_MESEU:P86402|CTXL1_MESEU:A0A146CIP9|A0A146CIP9_MESEU,DB Search
C(+57.02)FWEC(+57.02)R,82.55,956.3633,6,0.2,479.18903,2,37.5884,22961,Vasilevskiy_L_different_L076_RZ_20240206_AV-1.raw,7.56E6,1,1,"Carbamidomethylation;Carbamidomethylation",,A0A088DB12|A0A088DB12_MESEU,DB Search
C(+57.02)GIPM(+15.99)GF,109.90,796.3248,7,-1.3,399.16913,2,49.1135,32089,Vasilevskiy_L_different_L076_RZ_20240206_AV-1.raw,2.91E8,4,4,"Carbamidomethylation;Oxidation (M)","C1:Oxidation (M):1000.00",P69939|KBX1_ANDAU:A0A0K0LCI9|A0A0K0LCI9_9SCOR:A9XE60|KBX11_MESEU:A0A0K0LBZ4|A0A0K0LBZ4_9SCOR:A0A0K0LC02|A0A0K0LC02_9SCOR:E4VP14|E4VP14_MESEU:E4VP56|E4VP56_MESEU:A0A088D9S1|A0A088D9S1_MESEU:A0A088DB53|A0A088DB53_MESEU:A0A5P8U361|A0A5P8U361_MESEU:A9XE59|KBX12_MESEU:B8XH40|KBX1_BUTOS:Q9N661|KBX1_MESMA:A0A0K0LC06|A0A0K0LC06_9SCOR:A0A143MI92|A0A143MI92_MESEU:A0A0U4H7F5|A0A0U4H7F5_ODODO:A0A059UI30|KBX1_MESGB,DB Search
C(+57.02)GIPMGF,108.43,780.3298,7,0.2,391.17227,2,60.9553,41670,Vasilevskiy_L_different_L076_RZ_20240206_AV-1.raw,4.37E7,2,2,"Carbamidomethylation",,P69939|KBX1_ANDAU:A0A0K0LCI9|A0A0K0LCI9_9SCOR:A9XE60|KBX11_MESEU:A0A0K0LBZ4|A0A0K0LBZ4_9SCOR:A0A0K0LC02|A0A0K0LC02_9SCOR:E4VP14|E4VP14_MESEU:E4VP56|E4VP56_MESEU:A0A088D9S1|A0A088D9S1_MESEU:A0A088DB53|A0A088DB53_MESEU:A0A5P8U361|A0A5P8U361_MESEU:A9XE59|KBX12_MESEU:B8XH40|KBX1_BUTOS:Q9N661|KBX1_MESMA:A0A0K0LC06|A0A0K0LC06_9SCOR:A0A143MI92|A0A143MI92_MESEU:A0A0U4H7F5|A0A0U4H7F5_ODODO:A0A059UI30|KBX1_MESGB,DB Search
C(+57.02)IDLPDN(+0.98)VPIR,82.81,1311.6493,11,1.8,656.83307,2,53.0939,35357,Vasilevskiy_L_different_L076_RZ_20240206_AV-1.raw,,0,0,"Carbamidomethylation;Deamidation (NQ)","C1:Deamidation (NQ):1000.00",A0A5P8U2M3|A0A5P8U2M3_MESEU:A0A5P8U2P7|A0A5P8U2P7_MESEU:A0A5P8U2Q8|A0A5P8U2Q8_MESEU,DB Search
C(+57.02)IDLPDNVPIK,96.03,1282.6591,11,0.6,642.33722,2,49.6827,32510,Vasilevskiy_L_different_L076_RZ_20240206_AV-1.raw,5.91E5,1,1,"Carbamidomethylation",,E7CZY8|SCXN3_MESEU:D8UWD2|D8UWD2_MESEU,DB Search
C(+57.02)IDLPDNVPIR,96.90,1310.6653,11,0.4,437.89584,3,50.4611,33185,Vasilevskiy_L_different_L076_RZ_20240206_AV-1.raw,2.34E8,3,3,"Carbamidomethylation",,A0A5P8U2M3|A0A5P8U2M3_MESEU:A0A5P8U2P7|A0A5P8U2P7_MESEU:A0A5P8U2Q8|A0A5P8U2Q8_MESEU,DB Search
C(+57.02)IDLPNNVPIK,97.46,1281.6750,11,0.0,641.84479,2,46.4695,29949,Vasilevskiy_L_different_L076_RZ_20240206_AV-1.raw,3.1E6,1,1,"Carbamidomethylation",,P60256|SCXB_BUTOM:P60258|SCXD_BUTOM:P60255|SCXA_BUTOM,DB Search
C(+57.02)IELPDNVPIR,92.77,1324.6809,11,0.5,663.34808,2,51.6595,34099,Vasilevskiy_L_different_L076_RZ_20240206_AV-1.raw,1.77E6,1,1,"Carbamidomethylation",,E7CZZ1|SCXNC_MESEU:P45697|SCM1_MESMA:Q6IZE0|Q6IZE0_MESMA:P59360|SCX2_MESMA:G4WFQ2|SCXND_MESEU:Q9NJC5|SC10_MESMA:P58488|SCM2_MESMA,DB Search
C(+57.02)IELPDNVPIRIPGK,98.17,1719.9341,15,0.4,574.31891,3,56.7515,38205,Vasilevskiy_L_different_L076_RZ_20240206_AV-1.raw,5.56E6,2,2,"Carbamidomethylation",,G4WFQ2|SCXND_MESEU,DB Search
C(+57.02)IGDKC(+57.02)EC(+57.02)VK,94.73,1267.5359,10,-1.7,1268.54102,1,17.3332,7028,Vasilevskiy_L_different_L076_RZ_20240206_AV-1.raw,1.5E8,2,2,"Carbamidomethylation;Carbamidomethylation;Carbamidomethylation",,A0A088D9S3|A0A088D9S3_MESEU:P16341|KAX51_LEIHE:Q9TVX3|KAX53_MESMA,DB Search
C(+57.02)IIEDC(+57.02)DDI,102.76,1151.4475,9,0.3,576.73120,2,47.6648,31016,Vasilevskiy_L_different_L076_RZ_20240206_AV-1.raw,6.49E7,2,2,"Carbamidomethylation;Carbamidomethylation",,E4VNZ8|E4VNZ8_MESEU:E4VNZ7|E4VNZ7_MESEU:R4H5K8|R4H5K8_MESEU:R4H5D2|R4H5D2_MESEU,DB Search
C(+57.02)IIEDC(+57.02)DDIK,93.01,1279.5425,10,0.3,640.77869,2,32.1041,18501,Vasilevskiy_L_different_L076_RZ_20240206_AV-1.raw,2.54E6,1,1,"Carbamidomethylation;Carbamidomethylation",,E4VNZ8|E4VNZ8_MESEU:E4VNZ7|E4VNZ7_MESEU:R4H5D2|R4H5D2_MESEU,DB Search
C(+57.02)IIEDC(+57.02)DDIKV,102.98,1378.6108,11,0.8,460.54459,3,47.0176,30513,Vasilevskiy_L_different_L076_RZ_20240206_AV-1.raw,8.14E8,6,6,"Carbamidomethylation;Carbamidomethylation",,E4VNZ8|E4VNZ8_MESEU:E4VNZ7|E4VNZ7_MESEU:R4H5D2|R4H5D2_MESEU,DB Search
C(+57.02)IIEDC(+57.02)N(+0.98)VI,71.65,1135.4889,9,-0.6,568.75140,2,59.2436,40311,Vasilevskiy_L_different_L076_RZ_20240206_AV-1.raw,3.95E5,1,1,"Carbamidomethylation;Carbamidomethylation;Deamidation (NQ)","C1:Deamidation (NQ):1000.00",A0A0U4HEU8|A0A0U4HEU8_ODODO,DB Search
C(+57.02)IILVN(+0.98)NK,83.65,973.5266,8,0.6,487.77090,2,34.7176,20263,Vasilevskiy_L_different_L076_RZ_20240206_AV-1.raw,9.91E6,2,2,"Carbamidomethylation;Deamidation (NQ)","C1:Deamidation (NQ):12.28",A0A088D9R3|A0A088D9R3_MESEU,DB Search
C(+57.02)IILVNNK,87.17,972.5426,8,0.6,487.27887,2,30.8986,17292,Vasilevskiy_L_different_L076_RZ_20240206_AV-1.raw,7.48E7,1,1,"Carbamidomethylation",,A0A088D9R3|A0A088D9R3_MESEU,DB Search
C(+57.02)IKLPDEVPIRIPGK,77.48,1733.9862,15,-9.9,578.99695,3,59.9697,41009,Vasilevskiy_L_different_L076_RZ_20240206_AV-1.raw,,0,0,"Carbamidomethylation",,P84646|SCX1_ODODO,DB Search
C(+57.02)IKPC(+57.02)K,30.20,804.3986,6,-0.9,403.20624,2,15.1025,5209,Vasilevskiy_L_different_L076_RZ_20240206_AV-1.raw,4.51E5,1,1,"Carbamidomethylation;Carbamidomethylation",,P0C8R1|KAX3C_ANDAM:P46112|KAX33_LEIHE:P59290|KAX39_BUTOC:P46111|KAX32_LEIHE:A0A0K0LBX7|A0A0K0LBX7_9SCOR,DB Search
C(+57.02)ILGPWIHLEDGSVFHDSDR,115.95,2352.0957,20,1.1,785.04004,3,65.0689,45082,Vasilevskiy_L_different_L076_RZ_20240206_AV-1.raw,1.32E7,3,3,"Carbamidomethylation",,A0A059UI24|A0A059UI24_MESGB,DB Search
C(+57.02)ILGPWIHLEDGSVFHDSDRC(+57.02)EIK,112.51,2882.3479,24,0.1,961.78998,3,62.9099,43428,Vasilevskiy_L_different_L076_RZ_20240206_AV-1.raw,1.75E8,2,2,"Carbamidomethylation;Carbamidomethylation",,A0A059UI24|A0A059UI24_MESGB,DB Search
C(+57.02)INSNC(+57.02)HC(+57.02)YY,89.52,1389.4900,10,-0.2,695.75214,2,25.9692,13875,Vasilevskiy_L_different_L076_RZ_20240206_AV-1.raw,9.94E5,1,1,"Carbamidomethylation;Carbamidomethylation;Carbamidomethylation",,A0A088D9T9|A0A088D9T9_MESEU:P0DL65|KA26U_MESMA,DB Search
C(+57.02)IPLVR,75.71,756.4316,6,-0.4,379.22293,2,30.4246,17221,Vasilevskiy_L_different_L076_RZ_20240206_AV-1.raw,,0,0,"Carbamidomethylation",,A0A2I9LNZ2|A0A2I9LNZ2_9SCOR,DB Search
C(+57.02)IPSEHDDLC(+57.02)N(+0.98)KFC(+57.02)K,43.78,1922.7961,15,-5.2,641.93597,3,33.8634,20020,Vasilevskiy_L_different_L076_RZ_20240206_AV-1.raw,,0,0,"Carbamidomethylation;Carbamidomethylation;Deamidation (NQ);Carbamidomethylation","C1:Deamidation (NQ):1000.00",A0A146CIV8|A0A146CIV8_MESEU,DB Search
C(+57.02)IQLPDN(+0.98)VPIRIPGK,93.91,1719.9341,15,-2.2,860.97247,2,55.7495,37543,Vasilevskiy_L_different_L076_RZ_20240206_AV-1.raw,,0,0,"Carbamidomethylation;Deamidation (NQ)","C1:Deamidation (NQ):0.00",P09981|SCX9_MESEU,DB Search
C(+57.02)IQLPDNVPIR,96.38,1323.6969,11,0.0,662.85571,2,50.4228,33059,Vasilevskiy_L_different_L076_RZ_20240206_AV-1.raw,4.9E6,1,1,"Carbamidomethylation",,P09981|SCX9_MESEU:P59854|SCX7_MESMA,DB Search
C(+57.02)IQLPDNVPIRIPGK,111.01,1718.9501,15,0.2,573.99078,3,55.8535,37494,Vasilevskiy_L_different_L076_RZ_20240206_AV-1.raw,1.36E7,2,2,"Carbamidomethylation",,P09981|SCX9_MESEU,DB Search
C(+57.02)ISTGVN(+0.98)YYC(+57.02)KPDFGP,91.75,1877.7964,16,0.4,939.90582,2,51.1050,33733,Vasilevskiy_L_different_L076_RZ_20240206_AV-1.raw,,0,0,"Carbamidomethylation;Deamidation (NQ);Carbamidomethylation","C1:Deamidation (NQ):1000.00",B8XH22|CL758_BUTOS,DB Search
C(+57.02)ISTGVN(+0.98)YYC(+57.02)RPDVGP,99.17,1857.8026,16,9.5,929.91736,2,43.5987,27766,Vasilevskiy_L_different_L076_RZ_20240206_AV-1.raw,,0,0,"Carbamidomethylation;Deamidation (NQ);Carbamidomethylation","C1:Deamidation (NQ):1000.00",R4H555|R4H555_MESEU,DB Search
C(+57.02)ISTGVNYY,93.60,1075.4645,9,1.1,538.74011,2,41.6810,26227,Vasilevskiy_L_different_L076_RZ_20240206_AV-1.raw,,0,0,"Carbamidomethylation",,A0A5P8U2N2|A0A5P8U2N2_MESEU:P86399|CLML_MESEU:B8XH22|CL758_BUTOS:Q8I6X9|CLCA1_MESMA:A0A0K0LBY9|A0A0K0LBY9_9SCOR:R4H555|R4H555_MESEU,DB Search
C(+57.02)ISTGVNYYC(+57.02)KPDFGP,97.79,1876.8124,16,0.6,626.61176,3,50.7572,33314,Vasilevskiy_L_different_L076_RZ_20240206_AV-1.raw,2.39E7,2,2,"Carbamidomethylation;Carbamidomethylation",,B8XH22|CL758_BUTOS,DB Search
C(+57.02)ISTGVNYYC(+57.02)RPDVGP,96.07,1856.8185,16,0.4,929.41693,2,43.7928,27777,Vasilevskiy_L_different_L076_RZ_20240206_AV-1.raw,1.7E6,1,1,"Carbamidomethylation;Carbamidomethylation",,R4H555|R4H555_MESEU,DB Search
C(+57.02)IVLPDNVPIR,101.67,1294.7067,11,-8.6,648.35504,2,66.7484,46638,Vasilevskiy_L_different_L076_RZ_20240206_AV-1.raw,2.54E4,1,1,"Carbamidomethylation",,P86404|SCXN4_MESEU,DB Search
C(+57.02)KC(+57.02)GIPMGF,75.35,1068.4554,9,-0.6,535.23468,2,49.1811,32142,Vasilevskiy_L_different_L076_RZ_20240206_AV-1.raw,,0,0,"Carbamidomethylation;Carbamidomethylation",,P69939|KBX1_ANDAU:A0A0K0LCI9|A0A0K0LCI9_9SCOR:A9XE60|KBX11_MESEU:A0A0K0LBZ4|A0A0K0LBZ4_9SCOR:A0A0K0LC02|A0A0K0LC02_9SCOR:E4VP14|E4VP14_MESEU:A0A088D9S1|A0A088D9S1_MESEU:A0A088DB53|A0A088DB53_MESEU:A0A5P8U361|A0A5P8U361_MESEU:A9XE59|KBX12_MESEU:B8XH40|KBX1_BUTOS:Q9N661|KBX1_MESMA:A0A0K0LC06|A0A0K0LC06_9SCOR:A0A143MI92|A0A143MI92_MESEU:A0A0U4H7F5|A0A0U4H7F5_ODODO:A0A059UI30|KBX1_MESGB,DB Search
C(+57.02)KDLPDN(+0.98)VPIRVPGK,29.49,1707.8977,15,-0.9,570.30603,3,51.8316,34241,Vasilevskiy_L_different_L076_RZ_20240206_AV-1.raw,1.3E5,1,1,"Carbamidomethylation;Deamidation (NQ)","C1:Deamidation (NQ):1000.00",Q1EG64|Q1EG64_MESMA:Q9GQW3|SC12_MESMA:Q1EG65|Q1EG65_MESMA,DB Search
C(+57.02)KDLPDNVPIRIPGK,71.02,1720.9294,15,6.7,861.47772,2,56.7997,38396,Vasilevskiy_L_different_L076_RZ_20240206_AV-1.raw,,0,0,"Carbamidomethylation",,P01488|SCX1_BUTOC,DB Search
C(+57.02)KHSGQC(+57.02)IKPC(+57.02)K,98.42,1501.6952,12,0.6,501.57266,3,14.7694,4965,Vasilevskiy_L_different_L076_RZ_20240206_AV-1.raw,6.54E4,1,1,"Carbamidomethylation;Carbamidomethylation;Carbamidomethylation",,P59290|KAX39_BUTOC:A0A0K0LBX7|A0A0K0LBX7_9SCOR,DB Search
C(+57.02)KHSGQC(+57.02)LKPC(+57.02)K,98.42,1501.6952,12,0.6,501.57266,3,14.7694,4965,Vasilevskiy_L_different_L076_RZ_20240206_AV-1.raw,6.54E4,1,1,"Carbamidomethylation;Carbamidomethylation;Carbamidomethylation",,P86396|KAX3D_MESEU:A0A088D9R0|A0A088D9R0_MESEU:Q9NII7|KAX36_MESMA:C0HJQ6|KAX3J_MESEU:P45696|KAX35_ANDAU,DB Search
C(+57.02)KPDFGP,80.49,819.3585,7,0.4,410.68668,2,24.4853,12692,Vasilevskiy_L_different_L076_RZ_20240206_AV-1.raw,6.15E7,1,1,"Carbamidomethylation",,F1CIZ6|CL1A_HOTJU:B8XH22|CL758_BUTOS,DB Search
C(+57.02)KPDPGP,104.59,769.3428,7,1.1,385.67914,2,16.0526,5998,Vasilevskiy_L_different_L076_RZ_20240206_AV-1.raw,,0,0,"Carbamidomethylation",,A0A088DB35|A0A088DB35_MESEU:A0A059UHJ5|A0A059UHJ5_MESGB,DB Search
C(+57.02)KVWC(+57.02)VVN(+0.98)N(+0.98)ASC(+57.02)NSSC(+57.02)K,71.58,2073.8376,17,-7.9,692.28107,3,30.0685,16931,Vasilevskiy_L_different_L076_RZ_20240206_AV-1.raw,,0,0,"Carbamidomethylation;Carbamidomethylation;Deamidation (NQ);Deamidation (NQ);Carbamidomethylation; more","C1:Deamidation (NQ):7.38;C5:Deamidation (NQ):8.26",F1CIV8|F1CIV8_HOTJU,DB Search
C(+57.02)LHQGPDQK,104.68,1081.4974,9,-0.7,361.50620,3,15.1045,5217,Vasilevskiy_L_different_L076_RZ_20240206_AV-1.raw,2.06E5,1,1,"Carbamidomethylation",,A0A143MHJ7|A0A143MHJ7_MESEU,DB Search
C(+57.02)LKPC(+57.02)K,30.20,804.3986,6,-0.9,403.20624,2,15.1025,5209,Vasilevskiy_L_different_L076_RZ_20240206_AV-1.raw,4.51E5,1,1,"Carbamidomethylation;Carbamidomethylation",,C0HJW6|KAX2G_CENTE:C0HM72|KAX2N_CENBO:A0A088D9R0|A0A088D9R0_MESEU:C0HM77|KAX2M_CENBO:Q9NII7|KAX36_MESMA:C0HJQ6|KAX3J_MESEU:P85529|KAX2D_CENSU:P45696|KAX35_ANDAU:P46110|KAX34_LEIHE:P86396|KAX3D_MESEU:P0DUI4|KAX2K_CENTE:A0A0K0LBX5|A0A0K0LBX5_9SCOR:C0HJW1|KAX2F_CENTE:P0C162|KAX29_CENEL:B8XH48|B8XH48_BUTOS:C0HM78|KAX2O_CENBO:P24662|KAX31_ANDMA:P0C161|KAX28_CENEL,DB Search
C(+57.02)LQSFLSEEQK,104.43,1367.6392,11,0.6,684.82721,2,44.5915,28495,Vasilevskiy_L_different_L076_RZ_20240206_AV-1.raw,2.53E7,1,1,"Carbamidomethylation",,A0A146CIZ3|A0A146CIZ3_MESEU,DB Search
C(+57.02)LTISFR,84.98,895.4586,7,0.3,448.73669,2,47.0852,30479,Vasilevskiy_L_different_L076_RZ_20240206_AV-1.raw,2.57E6,1,1,"Carbamidomethylation",,A0A1E1WVV1|A0A1E1WVV1_TITOB:A0A0C9RP88|A0A0C9RP88_TITBA,DB Search
C(+57.02)LVDEHC(+57.02)N(+0.98)N(+0.98)LC(+57.02)TENGAK,87.85,2034.8081,17,-7.9,679.27130,3,25.4204,13413,Vasilevskiy_L_different_L076_RZ_20240206_AV-1.raw,,0,0,"Carbamidomethylation;Carbamidomethylation;Deamidation (NQ);Deamidation (NQ);Carbamidomethylation","C1:Deamidation (NQ):53.33;C7:Deamidation (NQ):56.99",G4WFQ3|G4WFQ3_MESEU:G4WFQ5|G4WFQ5_MESEU,DB Search
C(+57.02)M(+15.99)PC(+57.02)FTTDHNMAK,104.06,1627.6251,13,-0.1,543.54895,3,22.7449,11364,Vasilevskiy_L_different_L076_RZ_20240206_AV-1.raw,2.62E5,1,1,"Carbamidomethylation;Oxidation (M);Carbamidomethylation","C1:Oxidation (M):42.99",A0A0D4CZV2|A0A0D4CZV2_MESEU:F1DI80|CTXL2_MESEU:P60269|CTXI4_MESEU:A0A5P8U2Q5|A0A5P8U2Q5_MESEU:P86401|CTXL_MESEU,DB Search
C(+57.02)M(+15.99)PC(+57.02)FTTRPNMAQQC(+57.02)R,27.53,2072.8472,16,-9.3,691.94989,3,27.7700,15186,Vasilevskiy_L_different_L076_RZ_20240206_AV-1.raw,,0,0,"Carbamidomethylation;Oxidation (M);Carbamidomethylation;Carbamidomethylation","C1:Oxidation (M):27.52",A0A023UH07|A0A023UH07_MESGB:A0A023UGK1|A0A023UGK1_MESGB,DB Search
C(+57.02)MDGEC(+57.02)TC(+57.02)VSGQPR,94.51,1655.6161,14,0.6,828.81580,2,20.9890,9945,Vasilevskiy_L_different_L076_RZ_20240206_AV-1.raw,1.68E6,1,1,"Carbamidomethylation;Carbamidomethylation;Carbamidomethylation",,A0A088D9P7|A0A088D9P7_MESEU,DB Search
C(+57.02)MISPLQDMIAR,94.41,1433.6829,12,0.0,717.84869,2,63.0638,43492,Vasilevskiy_L_different_L076_RZ_20240206_AV-1.raw,1.01E6,1,1,"Carbamidomethylation",,E4VP21|E4VP21_MESEU,DB Search
C(+57.02)MPC(+57.02)FTTDHNM(+15.99)AK,104.15,1627.6251,13,0.4,543.54919,3,25.5002,13459,Vasilevskiy_L_different_L076_RZ_20240206_AV-1.raw,5.7E5,1,1,"Carbamidomethylation;Carbamidomethylation;Oxidation (M)","C1:Oxidation (M):59.43",A0A0D4CZV2|A0A0D4CZV2_MESEU:F1DI80|CTXL2_MESEU:P60269|CTXI4_MESEU:A0A5P8U2Q5|A0A5P8U2Q5_MESEU:P86401|CTXL_MESEU,DB Search
C(+57.02)MPC(+57.02)FTTDHNMAK,110.14,1611.6302,13,-0.7,538.21698,3,31.3535,17919,Vasilevskiy_L_different_L076_RZ_20240206_AV-1.raw,1.77E7,3,3,"Carbamidomethylation;Carbamidomethylation",,A0A0D4CZV2|A0A0D4CZV2_MESEU:F1DI80|CTXL2_MESEU:P60269|CTXI4_MESEU:A0A5P8U2Q5|A0A5P8U2Q5_MESEU:P86401|CTXL_MESEU,DB Search
C(+57.02)MPC(+57.02)FTTRPN(+0.98)MAQQC(+57.02)R,104.93,2057.8362,16,0.1,1029.92554,2,35.7792,21628,Vasilevskiy_L_different_L076_RZ_20240206_AV-1.raw,1.3E7,2,2,"Carbamidomethylation;Carbamidomethylation;Deamidation (NQ);Carbamidomethylation","C1:Deamidation (NQ):44.44",A0A023UH07|A0A023UH07_MESGB:A0A023UGK1|A0A023UGK1_MESGB,DB Search
C(+57.02)N(+0.98)SWNDNLITK,93.11,1364.6030,11,0.5,683.30914,2,42.0924,26471,Vasilevskiy_L_different_L076_RZ_20240206_AV-1.raw,1E7,2,2,"Carbamidomethylation;Deamidation (NQ)","C1:Deamidation (NQ):67.82",E4VP06|E4VP06_MESEU:E4VP31|E4VP31_MESEU:A0A146CIV8|A0A146CIV8_MESEU,DB Search
C(+57.02)NAIC(+57.02)QR,89.43,920.3956,7,0.3,461.20523,2,17.0029,6731,Vasilevskiy_L_different_L076_RZ_20240206_AV-1.raw,1.5E7,1,1,"Carbamidomethylation;Carbamidomethylation",,A0A2I9LP54|A0A2I9LP54_9SCOR:A0A143MHJ7|A0A143MHJ7_MESEU:F1CIX4|F1CIX4_HOTJU,DB Search
C(+57.02)NDLC(+57.02)TEN(+0.98)GAESGYC(+57.02)QILGK,105.02,2288.9348,20,0.7,1145.47546,2,47.6968,31005,Vasilevskiy_L_different_L076_RZ_20240206_AV-1.raw,1.5E6,2,2,"Carbamidomethylation;Carbamidomethylation;Deamidation (NQ);Carbamidomethylation","C1:Deamidation (NQ):78.75",P09981|SCX9_MESEU,DB Search
C(+57.02)NDLC(+57.02)TENGAESGYC(+57.02)QILGK,105.02,2287.9507,20,-1.1,1144.98145,2,47.1550,30541,Vasilevskiy_L_different_L076_RZ_20240206_AV-1.raw,3.08E6,2,2,"Carbamidomethylation;Carbamidomethylation;Carbamidomethylation",,P09981|SCX9_MESEU,DB Search
C(+57.02)NSWN(+0.98)DNLITK,97.27,1364.6030,11,1.0,683.30951,2,40.8791,25577,Vasilevskiy_L_different_L076_RZ_20240206_AV-1.raw,8.81E6,2,2,"Carbamidomethylation;Deamidation (NQ)","C1:Deamidation (NQ):0.00",E4VP06|E4VP06_MESEU:E4VP31|E4VP31_MESEU:A0A146CIV8|A0A146CIV8_MESEU,DB Search
C(+57.02)NSWNDNLITK,102.57,1363.6190,11,0.5,682.81714,2,54.1543,36144,Vasilevskiy_L_different_L076_RZ_20240206_AV-1.raw,2.4E8,3,3,"Carbamidomethylation",,E4VP06|E4VP06_MESEU:E4VP31|E4VP31_MESEU:A0A146CIV8|A0A146CIV8_MESEU,DB Search
C(+57.02)PALYQR,47.31,906.4382,7,1.4,454.22699,2,32.2146,18660,Vasilevskiy_L_different_L076_RZ_20240206_AV-1.raw,,0,0,"Carbamidomethylation",,A0A224XGF6|A0A224XGF6_9SCOR,DB Search
C(+57.02)PEALFQPSFLGMESC(+57.02)GIHETTYNSIMK,110.64,3246.4495,28,0.3,1083.15735,3,66.9788,46814,Vasilevskiy_L_different_L076_RZ_20240206_AV-1.raw,1.93E5,1,1,"Carbamidomethylation;Carbamidomethylation",,A0A1W7RB46|A0A1W7RB46_9SCOR:C5J8B7|C5J8B7_OPICY:A0A2I9LNM3|A0A2I9LNM3_9SCOR,DB Search
C(+57.02)PEHC(+57.02)ATK,90.06,1001.4059,8,3.1,501.71179,2,16.2525,6155,Vasilevskiy_L_different_L076_RZ_20240206_AV-1.raw,2.02E4,1,1,"Carbamidomethylation;Carbamidomethylation",,E4VP43|KAX8R_MESEU:P86400|KAX86_MESEU,DB Search
C(+57.02)PGYPPC(+57.02)K,90.26,977.4099,8,0.2,489.71234,2,18.4151,7864,Vasilevskiy_L_different_L076_RZ_20240206_AV-1.raw,1.21E6,1,1,"Carbamidomethylation;Carbamidomethylation",,A0A088DB16|A0A088DB16_MESEU,DB Search
C(+57.02)PGYPPC(+57.02)KDK,104.87,1220.5319,10,2.1,407.85208,3,17.9590,7525,Vasilevskiy_L_different_L076_RZ_20240206_AV-1.raw,2.74E5,1,1,"Carbamidomethylation;Carbamidomethylation",,A0A088DB16|A0A088DB16_MESEU,DB Search
C(+57.02)PVIEK,59.62,744.3840,6,0.3,373.19940,2,18.2763,7803,Vasilevskiy_L_different_L076_RZ_20240206_AV-1.raw,6.7E5,1,1,"Carbamidomethylation",,A0A088DB26|A0A088DB26_MESEU:A0A0K0LC08|A0A0K0LC08_9SCOR:E4VP34|E4VP34_MESEU:P0CH57|NDB51_MESEU:A0A0K0LCJ0|A0A0K0LCJ0_9SCOR:Q9NJC6|KBX2_MESMA:E4VP57|E4VP57_MESEU:A0A0K0LC09|A0A0K0LC09_9SCOR:A0A0K0LC11|A0A0K0LC11_9SCOR:A0A0U4GZ05|A0A0U4GZ05_ODODO:A0A088D9U2|A0A088D9U2_MESEU:B8XH36|B8XH36_BUTOS:A0A143MGJ8|A0A143MGJ8_MESEU:A0A0K0LC05|A0A0K0LC05_9SCOR:A0A088DAE8|A0A088DAE8_MESEU,DB Search
C(+57.02)Q(+0.98)GGSC(+57.02)ASVC(+57.02)R,96.64,1241.4587,11,6.8,621.74084,2,16.9914,6726,Vasilevskiy_L_different_L076_RZ_20240206_AV-1.raw,4.88E6,2,2,"Carbamidomethylation;Deamidation (NQ);Carbamidomethylation;Carbamidomethylation","C1:Deamidation (NQ):1000.00",Q86SD8|KA155_ANDAU:Q867F4|KA154_ANDAU:Q8I0L5|KA152_MESMA:P60233|KA151_ANDAU:A0A143MGR2|A0A143MGR2_MESEU:Q86BX0|KA158_MESMA:P60208|KA153_ANDMA,DB Search
C(+57.02)Q(+0.98)LSC(+57.02)R,44.53,823.3317,6,0.8,412.67343,2,17.2966,6979,Vasilevskiy_L_different_L076_RZ_20240206_AV-1.raw,9.69E5,1,1,"Carbamidomethylation;Deamidation (NQ);Carbamidomethylation","C1:Deamidation (NQ):1000.00",P31719|KAX52_ANDMA:A0A088D9S3|A0A088D9S3_MESEU:P16341|KAX51_LEIHE:Q9TVX3|KAX53_MESMA,DB Search
C(+57.02)Q(+0.98)WAGQ(+0.98)YGN(+0.98)AC(+57.02)WC(+57.02)YK,48.97,1953.7120,15,-3.8,652.24213,3,60.7469,41649,Vasilevskiy_L_different_L076_RZ_20240206_AV-1.raw,,0,0,"Carbamidomethylation;Deamidation (NQ);Deamidation (NQ);Deamidation (NQ);Carbamidomethylation; more","C1:Deamidation (NQ):1000.00;Q2:Deamidation (NQ):1000.00;Q6:Deamidation (NQ):1000.00",P86408|SCXN1_MESEU:D8UWD3|SCXN7_MESEU:A0A143FHE4|A0A143FHE4_MESEU,DB Search
C(+57.02)Q(+0.98)WASPYGNAC(+57.02)WC(+57.02)YK,107.16,1950.7488,15,7.3,976.38879,2,61.4098,42199,Vasilevskiy_L_different_L076_RZ_20240206_AV-1.raw,,0,0,"Carbamidomethylation;Deamidation (NQ);Carbamidomethylation;Carbamidomethylation","C1:Deamidation (NQ):11.94",P01481|SCX5_LEIQU:M1JMR8|SCX8_ANDCR:P01482|SCX5_ANDMA,DB Search
C(+57.02)QAGSC(+57.02)ASVC(+57.02)R,94.28,1254.4904,11,-0.3,628.25226,2,16.8803,6632,Vasilevskiy_L_different_L076_RZ_20240206_AV-1.raw,2.26E6,1,1,"Carbamidomethylation;Carbamidomethylation;Carbamidomethylation",,A0A088DB08|A0A088DB08_MESEU,DB Search
C(+57.02)QGGSC(+57.02)ASVC(+57.02)R,104.98,1240.4747,11,0.2,1241.48218,1,16.1631,6106,Vasilevskiy_L_different_L076_RZ_20240206_AV-1.raw,5.93E8,3,3,"Carbamidomethylation;Carbamidomethylation;Carbamidomethylation",,Q86SD8|KA155_ANDAU:Q867F4|KA154_ANDAU:Q8I0L5|KA152_MESMA:P60233|KA151_ANDAU:A0A143MGR2|A0A143MGR2_MESEU:Q86BX0|KA158_MESMA:P60208|KA153_ANDMA,DB Search
C(+57.02)QGGSC(+57.02)ASVC(+57.02)RK,104.79,1368.5697,12,0.4,685.29242,2,15.2513,5281,Vasilevskiy_L_different_L076_RZ_20240206_AV-1.raw,3.52E5,2,2,"Carbamidomethylation;Carbamidomethylation;Carbamidomethylation",,Q8I0L5|KA152_MESMA:P60208|KA153_ANDMA,DB Search
C(+57.02)QILGK,59.00,717.3843,6,-0.5,359.69925,2,20.7604,9807,Vasilevskiy_L_different_L076_RZ_20240206_AV-1.raw,,0,0,"Carbamidomethylation",,P09981|SCX9_MESEU:A0A5P8U2M8|A0A5P8U2M8_MESEU,DB Search
C(+57.02)QLLGK,59.00,717.3843,6,-0.5,359.69925,2,20.7604,9807,Vasilevskiy_L_different_L076_RZ_20240206_AV-1.raw,,0,0,"Carbamidomethylation",,A0A5P8U2M3|A0A5P8U2M3_MESEU:A0A5P8U2P7|A0A5P8U2P7_MESEU:A0A5P8U2Q8|A0A5P8U2Q8_MESEU,DB Search
C(+57.02)QLSC(+57.02)R,80.22,822.3477,6,1.0,412.18152,2,16.7891,6553,Vasilevskiy_L_different_L076_RZ_20240206_AV-1.raw,1.76E8,1,1,"Carbamidomethylation;Carbamidomethylation",,P31719|KAX52_ANDMA:A0A088D9S3|A0A088D9S3_MESEU:P16341|KAX51_LEIHE:Q9TVX3|KAX53_MESMA,DB Search
C(+57.02)QM(+15.99)FGQQGK,93.99,1098.4586,9,0.2,550.23669,2,17.6488,7275,Vasilevskiy_L_different_L076_RZ_20240206_AV-1.raw,5.42E5,1,1,"Carbamidomethylation;Oxidation (M)","C1:Oxidation (M):1000.00",A0A088D9U7|A0A088D9U7_MESEU,DB Search
C(+57.02)QMFGQQGK,96.62,1082.4637,9,-0.8,542.23871,2,22.4843,11047,Vasilevskiy_L_different_L076_RZ_20240206_AV-1.raw,3.43E7,1,1,"Carbamidomethylation",,A0A088D9U7|A0A088D9U7_MESEU,DB Search
C(+57.02)QNNQC(+57.02)R,94.00,978.3760,7,0.6,490.19559,2,13.6907,4133,Vasilevskiy_L_different_L076_RZ_20240206_AV-1.raw,3.49E4,1,1,"Carbamidomethylation;Carbamidomethylation",,A0A088DAY7|A0A088DAY7_MESEU:P0DL45|KA168_BUTPA:A0A0K0LCI3|A0A0K0LCI3_9SCOR:B3EWY1|KA167_MESGB:V9LLQ7|V9LLQ7_MESMA:A0A088D9P9|A0A088D9P9_MESEU:A0A088DAC3|A0A088DAC3_MESEU:Q9NBG9|KA162_MESMA:B8XH42|KA166_BUTOS:D3JXM1|KA164_MESEU:P0DL46|KA169_BUTPA:Q8MQL0|KA163_MESMA,DB Search
C(+57.02)QWAGKYGN(+0.98)AC(+57.02)WC(+57.02)YK,26.20,1951.7804,15,-0.9,976.89661,2,56.1876,37890,Vasilevskiy_L_different_L076_RZ_20240206_AV-1.raw,,0,0,"Carbamidomethylation;Deamidation (NQ);Carbamidomethylation;Carbamidomethylation","C1:Deamidation (NQ):46.13",A0F0C1|A0F0C1_MESMA,DB Search
C(+57.02)QWAGQYGN(+0.98)AC(+57.02)WC(+57.02)YK,104.93,1951.7440,15,0.7,976.88000,2,50.0500,32849,Vasilevskiy_L_different_L076_RZ_20240206_AV-1.raw,3.33E5,1,1,"Carbamidomethylation;Deamidation (NQ);Carbamidomethylation;Carbamidomethylation","C1:Deamidation (NQ):73.31",P86408|SCXN1_MESEU:D8UWD3|SCXN7_MESEU:A0A143FHE4|A0A143FHE4_MESEU,DB Search
C(+57.02)QWAGQYGNAC(+57.02)WC(+57.02)YK,105.02,1950.7600,15,0.3,651.26080,3,49.2596,32102,Vasilevskiy_L_different_L076_RZ_20240206_AV-1.raw,1.08E7,1,1,"Carbamidomethylation;Carbamidomethylation;Carbamidomethylation",,P86408|SCXN1_MESEU:D8UWD3|SCXN7_MESEU:A0A143FHE4|A0A143FHE4_MESEU,DB Search
C(+57.02)QWASPYGN(+0.98)AC(+57.02)WC(+57.02)YK,101.37,1950.7488,15,5.7,976.38721,2,49.2533,32068,Vasilevskiy_L_different_L076_RZ_20240206_AV-1.raw,2.15E7,1,1,"Carbamidomethylation;Deamidation (NQ);Carbamidomethylation;Carbamidomethylation","C1:Deamidation (NQ):23.18",P01481|SCX5_LEIQU:M1JMR8|SCX8_ANDCR:P01482|SCX5_ANDMA,DB Search
C(+57.02)QWFGK,86.66,824.3640,6,0.4,413.18942,2,33.9686,19927,Vasilevskiy_L_different_L076_RZ_20240206_AV-1.raw,4.21E6,1,1,"Carbamidomethylation",,P83644|SCX4_LEIHE:E7CZZ1|SCXNC_MESEU:B8XGY4|B8XGY4_BUTOS,DB Search
C(+57.02)QWFGR,89.09,852.3701,6,0.1,427.19235,2,35.9823,21705,Vasilevskiy_L_different_L076_RZ_20240206_AV-1.raw,1.25E7,1,1,"Carbamidomethylation",,D8UWD8|SCXN9_MESEU:F1CJ49|F1CJ49_HOTJU:P84614|SCX28_HOTTS:A0A146CJ08|A0A146CJ08_MESEU:A0A0K0LBX2|A0A0K0LBX2_9SCOR:P86403|SCXN2_MESEU:Q86SE0|SCX2_ANDAM,DB Search
C(+57.02)QWIGR,85.40,818.3857,6,0.5,410.20035,2,28.6593,15831,Vasilevskiy_L_different_L076_RZ_20240206_AV-1.raw,1.63E7,1,1,"Carbamidomethylation",,P84646|SCX1_ODODO,DB Search
C(+57.02)QWLGR,85.40,818.3857,6,0.5,410.20035,2,28.6593,15831,Vasilevskiy_L_different_L076_RZ_20240206_AV-1.raw,1.63E7,1,1,"Carbamidomethylation",,P59896|SCXI_BUTOM:P09982|SCXE_MESEU:P01483|SCX2_BUTOC,DB Search
C(+57.02)QYGTC(+57.02)YC(+57.02)K,95.49,1238.4519,9,-0.4,620.23297,2,20.0955,9330,Vasilevskiy_L_different_L076_RZ_20240206_AV-1.raw,4.87E5,1,1,"Carbamidomethylation;Carbamidomethylation;Carbamidomethylation",,A0A2I9LNQ7|A0A2I9LNQ7_9SCOR,DB Search
C(+57.02)RAMGFSSGK,103.37,1099.4902,10,-8.5,550.74774,2,30.8002,17457,Vasilevskiy_L_different_L076_RZ_20240206_AV-1.raw,9.13E5,1,1,"Carbamidomethylation",,C0HJQ2|KA192_BUTOC,DB Search
C(+57.02)RDC(+57.02)C(+57.02)GGNGK,61.65,1182.4329,10,-2.7,592.22211,2,20.8787,9896,Vasilevskiy_L_different_L076_RZ_20240206_AV-1.raw,,0,0,"Carbamidomethylation;Carbamidomethylation;Carbamidomethylation",,E4VP45|E4VP45_MESEU:P15222|CTX5A_MESEU:A0A0D4CZV2|A0A0D4CZV2_MESEU:E4VP46|E4VP46_MESEU:R4H559|R4H559_MESEU:A0A146CJF8|A0A146CJF8_MESEU:R4H5A4|R4H5A4_MESEU:A0A146CJD6|A0A146CJD6_MESEU:P60269|CTXI4_MESEU:P86402|CTXL1_MESEU:P86401|CTXL_MESEU,DB Search
C(+57.02)RDYLC(+57.02)DC(+57.02)IE,99.27,1402.5315,10,-0.1,702.27295,2,38.8971,23862,Vasilevskiy_L_different_L076_RZ_20240206_AV-1.raw,6.5E5,1,1,"Carbamidomethylation;Carbamidomethylation;Carbamidomethylation",,A0A088D9U7|A0A088D9U7_MESEU,DB Search
C(+57.02)RDYLC(+57.02)DC(+57.02)IEK,102.77,1530.6265,11,-1.0,511.21561,3,27.3482,14821,Vasilevskiy_L_different_L076_RZ_20240206_AV-1.raw,6.71E7,5,5,"Carbamidomethylation;Carbamidomethylation;Carbamidomethylation",,A0A088D9U7|A0A088D9U7_MESEU,DB Search
C(+57.02)REEPGTGLYPDC(+57.02)C(+57.02)NK,94.64,1954.7971,16,1.7,652.60742,3,24.4409,12653,Vasilevskiy_L_different_L076_RZ_20240206_AV-1.raw,,0,0,"Carbamidomethylation;Carbamidomethylation;Carbamidomethylation",,D2CFI7|LA1_MESMA,DB Search
C(+57.02)RPDVGP,57.52,799.3646,7,0.1,400.68964,2,18.9554,8161,Vasilevskiy_L_different_L076_RZ_20240206_AV-1.raw,7.1E6,1,1,"Carbamidomethylation",,R4H555|R4H555_MESEU,DB Search
C(+57.02)SASSQC(+57.02)WPIC(+57.02)EK,96.49,1611.6479,13,-0.5,806.83087,2,36.8523,22380,Vasilevskiy_L_different_L076_RZ_20240206_AV-1.raw,2.31E6,1,1,"Carbamidomethylation;Carbamidomethylation;Carbamidomethylation",,A0A088DAD7|A0A088DAD7_MESEU,DB Search
C(+57.02)SDTYQ(+0.98)GLC(+57.02)K,27.76,1231.4850,10,0.8,616.75024,2,22.4477,11141,Vasilevskiy_L_different_L076_RZ_20240206_AV-1.raw,3.68E7,2,2,"Carbamidomethylation;Deamidation (NQ);Carbamidomethylation","C1:Deamidation (NQ):1000.00",A0A2I9LNW3|A0A2I9LNW3_9SCOR,DB Search
C(+57.02)SEEYPGLC(+57.02)K,92.84,1241.5056,10,0.7,621.76056,2,25.8313,13633,Vasilevskiy_L_different_L076_RZ_20240206_AV-1.raw,1.4E7,1,1,"Carbamidomethylation;Carbamidomethylation",,F8THJ4|F8THJ4_HOTJU,DB Search
C(+57.02)SESYQ(+0.98)C(+57.02)FPVC(+57.02)K,102.64,1564.5996,12,-4.6,783.30353,2,36.7601,22378,Vasilevskiy_L_different_L076_RZ_20240206_AV-1.raw,,0,0,"Carbamidomethylation;Deamidation (NQ);Carbamidomethylation;Carbamidomethylation","C1:Deamidation (NQ):1000.00",Q9BKB7|KGX21_MESEU:A0A088DAE4|A0A088DAE4_MESEU,DB Search
C(+57.02)SESYQC(+57.02)FPVC(+57.02)K,103.39,1563.6156,12,0.2,782.81525,2,47.6384,31126,Vasilevskiy_L_different_L076_RZ_20240206_AV-1.raw,5.86E8,4,4,"Carbamidomethylation;Carbamidomethylation;Carbamidomethylation",,Q9BKB7|KGX21_MESEU:A0A088DAE4|A0A088DAE4_MESEU,DB Search
C(+57.02)SIAC(+57.02)INK,87.08,964.4470,8,0.1,483.23083,2,22.0015,10814,Vasilevskiy_L_different_L076_RZ_20240206_AV-1.raw,1.68E6,1,1,"Carbamidomethylation;Carbamidomethylation",,A0A088DAF1|A0A088DAF1_MESEU,DB Search
C(+57.02)SN(+0.98)DTC(+57.02)TC(+57.02)YR,94.75,1336.4482,10,0.7,669.23187,2,18.0919,7594,Vasilevskiy_L_different_L076_RZ_20240206_AV-1.raw,1.4E6,1,1,"Carbamidomethylation;Deamidation (NQ);Carbamidomethylation;Carbamidomethylation","C1:Deamidation (NQ):1000.00",A0A088D9R3|A0A088D9R3_MESEU,DB Search
C(+57.02)SNDTC(+57.02)TC(+57.02)YR,94.24,1335.4642,10,0.9,668.73999,2,17.5571,7193,Vasilevskiy_L_different_L076_RZ_20240206_AV-1.raw,1.97E7,1,1,"Carbamidomethylation;Carbamidomethylation;Carbamidomethylation",,A0A088D9R3|A0A088D9R3_MESEU,DB Search
C(+57.02)SQILFP,77.86,863.4211,7,-1.0,432.71741,2,60.4416,41394,Vasilevskiy_L_different_L076_RZ_20240206_AV-1.raw,1.42E5,1,1,"Carbamidomethylation",,A0A088DB34|A0A088DB34_MESEU:Q5F1N4|KS4_MESMA:A0A088D9T4|A0A088D9T4_MESEU,DB Search
C(+57.02)SSDADC(+57.02)FGK,93.35,1145.4117,10,0.5,573.71344,2,19.7722,9083,Vasilevskiy_L_different_L076_RZ_20240206_AV-1.raw,1.22E6,1,1,"Carbamidomethylation;Carbamidomethylation",,A0A088DB16|A0A088DB16_MESEU,DB Search
C(+57.02)SYGTC(+57.02)YC(+57.02)K,93.18,1197.4253,9,0.9,599.72046,2,20.1444,9359,Vasilevskiy_L_different_L076_RZ_20240206_AV-1.raw,2.53E6,1,1,"Carbamidomethylation;Carbamidomethylation;Carbamidomethylation",,Q95NJ8|KA171_MESMA,DB Search
C(+57.02)TC(+57.02)VSGQPR,69.25,1063.4539,9,-0.4,532.73401,2,16.1448,6069,Vasilevskiy_L_different_L076_RZ_20240206_AV-1.raw,2.92E7,1,1,"Carbamidomethylation;Carbamidomethylation",,A0A088D9P7|A0A088D9P7_MESEU,DB Search
C(+57.02)TC(+57.02)YPR,27.37,855.3367,6,0.2,428.67575,2,17.5917,7212,Vasilevskiy_L_different_L076_RZ_20240206_AV-1.raw,1.47E6,1,1,"Carbamidomethylation;Carbamidomethylation",,A0A059UEE4|KA274_MESGB:A0A059UHK0|A0A059UHK0_MESGB:A0A0U1TYB8|A0A0U1TYB8_ISOMC,DB Search
C(+57.02)TILGENEYC(+57.02)R,97.26,1413.6017,11,0.6,707.80853,2,34.9140,20744,Vasilevskiy_L_different_L076_RZ_20240206_AV-1.raw,6.53E6,1,1,"Carbamidomethylation;Carbamidomethylation",,Q6WJF5|LV1A_MESMA,DB Search
C(+57.02)TLGTC(+57.02)Y,34.15,873.3361,7,0.0,874.34332,1,31.4806,18265,Vasilevskiy_L_different_L076_RZ_20240206_AV-1.raw,9.25E6,1,1,"Carbamidomethylation;Carbamidomethylation",,A0A088DB30|A0A088DB30_MESEU,DB Search
C(+57.02)TYGTC(+57.02)Y,70.05,923.3154,7,0.5,462.66516,2,27.5499,15003,Vasilevskiy_L_different_L076_RZ_20240206_AV-1.raw,,0,0,"Carbamidomethylation;Carbamidomethylation",,P0DMR9|KA17G_MESMA:A0A088D9Q7|A0A088D9Q7_MESEU,DB Search
C(+57.02)VAM(+15.99)GF,59.20,699.2720,6,-0.1,700.27924,1,32.0724,18450,Vasilevskiy_L_different_L076_RZ_20240206_AV-1.raw,1.39E6,1,1,"Carbamidomethylation;Oxidation (M)","C1:Oxidation (M):1000.00",P83407|KA191_MESMA:A0A088DAE2|A0A088DAE2_MESEU,DB Search
C(+57.02)VAM(+15.99)GFSSGK,104.75,1058.4525,10,0.8,530.23395,2,21.0222,10068,Vasilevskiy_L_different_L076_RZ_20240206_AV-1.raw,7.09E7,3,3,"Carbamidomethylation;Oxidation (M)","C1:Oxidation (M):1000.00",P83407|KA191_MESMA:A0A088DAE2|A0A088DAE2_MESEU,DB Search
C(+57.02)VAMGF,74.90,683.2771,6,0.5,684.28473,1,48.8533,32004,Vasilevskiy_L_different_L076_RZ_20240206_AV-1.raw,1.33E7,1,1,"Carbamidomethylation",,P83407|KA191_MESMA:A0A088DAE2|A0A088DAE2_MESEU,DB Search
C(+57.02)VAMGFSSGK,104.84,1042.4575,10,1.4,522.23682,2,30.1556,17002,Vasilevskiy_L_different_L076_RZ_20240206_AV-1.raw,8.06E8,3,3,"Carbamidomethylation",,P83407|KA191_MESMA:A0A088DAE2|A0A088DAE2_MESEU,DB Search
C(+57.02)VAMGFSSGKC(+57.02)INSK,96.40,1644.7422,15,-3.2,549.25293,3,30.5465,17323,Vasilevskiy_L_different_L076_RZ_20240206_AV-1.raw,,0,0,"Carbamidomethylation;Carbamidomethylation",,P83407|KA191_MESMA:A0A088DAE2|A0A088DAE2_MESEU,DB Search
C(+57.02)VAMGFSSGKC(+57.02)INSKC(+57.02)K,88.94,1932.8678,17,0.8,645.29706,3,24.0179,12284,Vasilevskiy_L_different_L076_RZ_20240206_AV-1.raw,3.01E5,1,1,"Carbamidomethylation;Carbamidomethylation;Carbamidomethylation",,P83407|KA191_MESMA:A0A088DAE2|A0A088DAE2_MESEU,DB Search
C(+57.02)VC(+57.02)EPK,76.20,791.3306,6,0.0,396.67258,2,17.8593,7520,Vasilevskiy_L_different_L076_RZ_20240206_AV-1.raw,1.31E9,4,4,"Carbamidomethylation;Carbamidomethylation",,C0HJQ5|KAX87_MESEU:E4VP43|KAX8R_MESEU:F1CIV5|F1CIV5_HOTJU:P86400|KAX86_MESEU:P80671|KAX84_LEIHE:Q549D8|Q549D8_MESMA:Q9U8D2|KAX82_MESMA,DB Search
C(+57.02)VDHWC(+57.02)Y,99.35,1038.3688,7,0.0,520.19165,2,36.7299,22197,Vasilevskiy_L_different_L076_RZ_20240206_AV-1.raw,6.51E6,1,1,"Carbamidomethylation;Carbamidomethylation",,A0A088DB34|A0A088DB34_MESEU:Q5F1N4|KS4_MESMA:A0A088D9T4|A0A088D9T4_MESEU,DB Search
C(+57.02)VDHWC(+57.02)YC(+57.02),89.09,1198.3994,8,0.2,600.20709,2,34.1009,20171,Vasilevskiy_L_different_L076_RZ_20240206_AV-1.raw,1.46E6,1,1,"Carbamidomethylation;Carbamidomethylation;Carbamidomethylation",,A0A088DB34|A0A088DB34_MESEU:Q5F1N4|KS4_MESMA:A0A088D9T4|A0A088D9T4_MESEU,DB Search
C(+57.02)VDHWC(+57.02)YC(+57.02)SQILFP,96.26,1883.7793,14,1.2,942.89807,2,66.7156,46651,Vasilevskiy_L_different_L076_RZ_20240206_AV-1.raw,2.67E6,1,1,"Carbamidomethylation;Carbamidomethylation;Carbamidomethylation",,A0A088DB34|A0A088DB34_MESEU:Q5F1N4|KS4_MESMA:A0A088D9T4|A0A088D9T4_MESEU,DB Search
C(+57.02)VFQGK,77.60,737.3530,6,0.5,369.68399,2,19.9429,9167,Vasilevskiy_L_different_L076_RZ_20240206_AV-1.raw,6.27E6,1,1,"Carbamidomethylation",,A0A088DB45|A0A088DB45_MESEU,DB Search
C(+57.02)VIEAEGSLIY,85.92,1252.6010,11,0.8,627.30823,2,60.6752,41553,Vasilevskiy_L_different_L076_RZ_20240206_AV-1.raw,5.72E5,1,1,"Carbamidomethylation",,V9LLZ2|V9LLZ2_MESMA:V9LLN7|V9LLN7_MESMA:Q8MUB1|KA221_MESMA,DB Search
C(+57.02)VIEAEGSLIYHL,90.49,1502.7439,13,-1.6,752.37805,2,64.3425,44593,Vasilevskiy_L_different_L076_RZ_20240206_AV-1.raw,4.06E5,1,1,"Carbamidomethylation",,V9LLZ2|V9LLZ2_MESMA:V9LLN7|V9LLN7_MESMA:Q8MUB1|KA221_MESMA,DB Search
C(+57.02)VIEAEGSLIYHLC(+57.02),90.75,1662.7745,14,1.2,832.39557,2,61.6595,42380,Vasilevskiy_L_different_L076_RZ_20240206_AV-1.raw,2.24E5,1,1,"Carbamidomethylation;Carbamidomethylation",,V9LLZ2|V9LLZ2_MESMA:V9LLN7|V9LLN7_MESMA:Q8MUB1|KA221_MESMA,DB Search
C(+57.02)VIEAEGSLIYHLC(+57.02)K,109.01,1790.8695,15,0.7,597.96417,3,56.3084,37988,Vasilevskiy_L_different_L076_RZ_20240206_AV-1.raw,4.71E8,4,4,"Carbamidomethylation;Carbamidomethylation",,V9LLZ2|V9LLZ2_MESMA:V9LLN7|V9LLN7_MESMA:Q8MUB1|KA221_MESMA,DB Search
C(+57.02)VINNDSC(+57.02)NSHC(+57.02)IGSGGYYGYC(+57.02)YFWK,97.56,3180.2622,26,0.2,796.07300,4,65.5066,45581,Vasilevskiy_L_different_L076_RZ_20240206_AV-1.raw,1.98E5,1,1,"Carbamidomethylation;Carbamidomethylation;Carbamidomethylation;Carbamidomethylation",,F6K6F3|F6K6F3_MESEU,DB Search
C(+57.02)VLN(+0.98)HSC(+57.02)GILC(+57.02)EGYGGSGYC(+57.02)YFWK,104.33,2887.1863,24,-0.9,963.40179,3,56.4515,38063,Vasilevskiy_L_different_L076_RZ_20240206_AV-1.raw,7.57E5,1,1,"Carbamidomethylation;Deamidation (NQ);Carbamidomethylation;Carbamidomethylation;Carbamidomethylation","C1:Deamidation (NQ):1000.00",Q9NBW2|SCBT_MESMA,DB Search
C(+57.02)VN(+0.98)GFC(+57.02)DC(+57.02)F,111.35,1178.3831,9,0.1,1179.39050,1,55.1412,37207,Vasilevskiy_L_different_L076_RZ_20240206_AV-1.raw,1.94E7,4,4,"Carbamidomethylation;Deamidation (NQ);Carbamidomethylation;Carbamidomethylation","C1:Deamidation (NQ):1000.00",Q9BKB7|KGX21_MESEU,DB Search
C(+57.02)VNGFC(+57.02)DC(+57.02)F,109.26,1177.3990,9,1.1,589.70746,2,53.9840,35905,Vasilevskiy_L_different_L076_RZ_20240206_AV-1.raw,3.76E7,1,1,"Carbamidomethylation;Carbamidomethylation;Carbamidomethylation",,Q9BKB7|KGX21_MESEU,DB Search
C(+57.02)VQLC(+57.02)IILVNNK,100.48,1472.7843,12,0.8,737.40002,2,58.7173,39910,Vasilevskiy_L_different_L076_RZ_20240206_AV-1.raw,7.86E4,1,1,"Carbamidomethylation;Carbamidomethylation",,A0A088D9R3|A0A088D9R3_MESEU,DB Search
C(+57.02)VTEFEM(+15.99)N(+0.98)YVYHFC(+57.02)R,99.44,2070.8274,15,9.8,691.28986,3,52.6649,35006,Vasilevskiy_L_different_L076_RZ_20240206_AV-1.raw,,0,0,"Carbamidomethylation;Oxidation (M);Deamidation (NQ);Carbamidomethylation","C1:Oxidation (M):1000.00;M7:Deamidation (NQ):1000.00",A0A088D9R6|A0A088D9R6_MESEU,DB Search
C(+57.02)VTEFEM(+15.99)NYVYHFC(+57.02)R,103.09,2069.8435,15,0.2,690.95520,3,52.7677,35052,Vasilevskiy_L_different_L076_RZ_20240206_AV-1.raw,5.25E5,1,1,"Carbamidomethylation;Oxidation (M);Carbamidomethylation","C1:Oxidation (M):1000.00",A0A088D9R6|A0A088D9R6_MESEU,DB Search
C(+57.02)VTEFEMNYVYHF,90.86,1737.7167,13,0.5,869.86609,2,66.5187,46449,Vasilevskiy_L_different_L076_RZ_20240206_AV-1.raw,1.1E5,1,1,"Carbamidomethylation",,A0A088D9R6|A0A088D9R6_MESEU,DB Search
C(+57.02)VTEFEMNYVYHFC(+57.02)R,105.02,2053.8484,15,0.8,685.62396,3,59.4108,40427,Vasilevskiy_L_different_L076_RZ_20240206_AV-1.raw,1.96E7,2,2,"Carbamidomethylation;Carbamidomethylation",,A0A088D9R6|A0A088D9R6_MESEU,DB Search
C(+57.02)VWPEEPYTSWK,91.20,1580.6969,12,-0.7,791.35522,2,57.8344,39178,Vasilevskiy_L_different_L076_RZ_20240206_AV-1.raw,1.58E6,1,1,"Carbamidomethylation",,P86100|HYAL1_MESMA:A0A0K0LBS4|A0A0K0LBS4_9SCOR:A0A7T9L322|A0A7T9L322_ANDCR,DB Search
C(+57.02)VYDDENWFEIISTEK,105.02,2046.8881,16,1.5,1024.45288,2,68.1937,47834,Vasilevskiy_L_different_L076_RZ_20240206_AV-1.raw,8.03E4,1,1,"Carbamidomethylation",,E4VP53|E4VP53_MESEU,DB Search
C(+57.02)VYEC(+57.02)YNPK,93.18,1231.5001,9,0.2,616.75751,2,24.5649,12711,Vasilevskiy_L_different_L076_RZ_20240206_AV-1.raw,7.87E6,1,1,"Carbamidomethylation;Carbamidomethylation",,A0A5P8U2M3|A0A5P8U2M3_MESEU:P09981|SCX9_MESEU:A0A7D5FUD4|A0A7D5FUD4_MESEU:A0A5P8U2P7|A0A5P8U2P7_MESEU:A0A5P8U2Q8|A0A5P8U2Q8_MESEU,DB Search
C(+57.02)VYTC(+57.02)ALNPYC(+57.02)DSEC(+57.02)K,117.52,2038.7893,16,-0.7,680.60321,3,43.0369,27300,Vasilevskiy_L_different_L076_RZ_20240206_AV-1.raw,,0,0,"Carbamidomethylation;Carbamidomethylation;Carbamidomethylation;Carbamidomethylation",,D8UWD8|SCXN9_MESEU:P09982|SCXE_MESEU:P86403|SCXN2_MESEU,DB Search
C(+57.02)VYTC(+57.02)ALNPYC(+57.02)N(+0.98)SEC(+57.02)K,97.39,2038.7893,16,-0.6,1020.40131,2,43.1504,27227,Vasilevskiy_L_different_L076_RZ_20240206_AV-1.raw,2.11E6,1,1,"Carbamidomethylation;Carbamidomethylation;Carbamidomethylation;Deamidation (NQ);Carbamidomethylation","C1:Deamidation (NQ):67.69",A0A146CJ08|A0A146CJ08_MESEU,DB Search
C(+57.02)VYTC(+57.02)ALNPYC(+57.02)N(+0.98)SEC(+57.02)KK,104.81,2166.8843,17,0.6,723.30249,3,35.7409,21526,Vasilevskiy_L_different_L076_RZ_20240206_AV-1.raw,6.26E6,2,2,"Carbamidomethylation;Carbamidomethylation;Carbamidomethylation;Deamidation (NQ);Carbamidomethylation","C1:Deamidation (NQ):67.69",A0A146CJ08|A0A146CJ08_MESEU,DB Search
C(+57.02)WC(+57.02)DDIHNWVPTWSR,60.78,2030.8516,15,1.7,677.95892,3,65.6064,45664,Vasilevskiy_L_different_L076_RZ_20240206_AV-1.raw,4.26E4,1,1,"Carbamidomethylation;Carbamidomethylation",,Q9NBW2|SCBT_MESMA,DB Search
C(+57.02)WC(+57.02)EGLPDK,92.90,1163.4740,9,2.4,582.74567,2,34.4780,20522,Vasilevskiy_L_different_L076_RZ_20240206_AV-1.raw,,0,0,"Carbamidomethylation;Carbamidomethylation",,A0A146CIT8|A0A146CIT8_MESEU:B8XGZ2|B8XGZ2_BUTOS:B8XGY8|B8XGY8_BUTOS:B8XGZ5|B8XGZ5_BUTOS,DB Search
C(+57.02)WC(+57.02)EGLPNSK,24.51,1249.5220,10,-0.3,625.76807,2,32.5782,18877,Vasilevskiy_L_different_L076_RZ_20240206_AV-1.raw,1.83E6,1,1,"Carbamidomethylation;Carbamidomethylation",,P82813|SIX3_HOTTS,DB Search
C(+57.02)WC(+57.02)EKL,43.09,894.3728,6,0.3,448.19379,2,34.8873,20835,Vasilevskiy_L_different_L076_RZ_20240206_AV-1.raw,2.34E5,1,1,"Carbamidomethylation;Carbamidomethylation",,Q6WJF5|LV1A_MESMA:A0A6V7YAA6|A0A6V7YAA6_9BILA:A0A146CJ25|A0A146CJ25_MESEU,DB Search
C(+57.02)WC(+57.02)EKLP,53.26,991.4255,7,0.7,496.72040,2,40.4733,25590,Vasilevskiy_L_different_L076_RZ_20240206_AV-1.raw,3.47E6,1,1,"Carbamidomethylation;Carbamidomethylation",,A0A146CJ25|A0A146CJ25_MESEU,DB Search
C(+57.02)WC(+57.02)EKLPD,89.56,1106.4525,8,0.7,554.23389,2,36.7930,22408,Vasilevskiy_L_different_L076_RZ_20240206_AV-1.raw,3.94E5,1,1,"Carbamidomethylation;Carbamidomethylation",,A0A146CJ25|A0A146CJ25_MESEU,DB Search
C(+57.02)WC(+57.02)EKLPDKDVTIWN,68.60,1962.8967,15,-0.5,655.30585,3,54.1175,36205,Vasilevskiy_L_different_L076_RZ_20240206_AV-1.raw,1.5E5,1,1,"Carbamidomethylation;Carbamidomethylation",,A0A146CJ25|A0A146CJ25_MESEU,DB Search
C(+57.02)WC(+57.02)EKLPDKDVTIWN(+0.98)AVK,110.26,2262.0813,18,1.2,566.52826,4,53.3552,35566,Vasilevskiy_L_different_L076_RZ_20240206_AV-1.raw,3.12E7,4,4,"Carbamidomethylation;Carbamidomethylation;Deamidation (NQ)","C1:Deamidation (NQ):1000.00",A0A146CJ25|A0A146CJ25_MESEU,DB Search
C(+57.02)WC(+57.02)EKLPDKDVTIWNAVK,113.76,2261.0972,18,1.8,566.28259,4,54.2158,36146,Vasilevskiy_L_different_L076_RZ_20240206_AV-1.raw,7E7,3,3,"Carbamidomethylation;Carbamidomethylation",,A0A146CJ25|A0A146CJ25_MESEU,DB Search
C(+57.02)WGELDEM(+15.99)EIWEPK,96.56,1836.7699,14,0.4,919.39252,2,62.2283,42764,Vasilevskiy_L_different_L076_RZ_20240206_AV-1.raw,3.92E6,1,1,"Carbamidomethylation;Oxidation (M)","C1:Oxidation (M):1000.00",E4VP06|E4VP06_MESEU:E4VP31|E4VP31_MESEU,DB Search
C(+57.02)WGELDEMEIWEPK,96.51,1820.7749,14,-0.2,911.39453,2,66.7484,46580,Vasilevskiy_L_different_L076_RZ_20240206_AV-1.raw,1.21E8,3,3,"Carbamidomethylation",,E4VP06|E4VP06_MESEU:E4VP31|E4VP31_MESEU,DB Search
C(+57.02)YC(+57.02)EGAPK,96.70,983.3841,8,1.0,492.69980,2,21.4526,10428,Vasilevskiy_L_different_L076_RZ_20240206_AV-1.raw,6.19E6,1,1,"Carbamidomethylation;Carbamidomethylation",,A0A5P8U2P2|A0A5P8U2P2_MESEU:P0C5H3|SCB1_LEIHE:R4H564|R4H564_MESEU:P86406|SCXNF_MESEU:E4VP18|E4VP18_MESEU:E4VP15|E4VP15_MESEU:Q9UAC8|SCAT_MESMA,DB Search
C(+57.02)YGPQ(+0.98)C(+57.02)LC(+57.02)NR,104.98,1327.5107,10,3.2,664.76477,2,30.6827,17437,Vasilevskiy_L_different_L076_RZ_20240206_AV-1.raw,9.08E6,1,1,"Carbamidomethylation;Deamidation (NQ);Carbamidomethylation;Carbamidomethylation","C1:Deamidation (NQ):42.89",A0A0U3YCU6|A0A0U3YCU6_ODODO:P85066|CTXL1_LEIHE,DB Search
C(+57.02)YGPQC(+57.02)I,91.95,896.3521,7,-0.2,897.35919,1,39.9190,24492,Vasilevskiy_L_different_L076_RZ_20240206_AV-1.raw,5.03E6,2,2,"Carbamidomethylation;Carbamidomethylation",,P55966|CTXL8_LEIHE,DB Search
C(+57.02)YGPQC(+57.02)IC(+57.02),94.52,1056.3827,8,0.8,529.19904,2,35.5244,21274,Vasilevskiy_L_different_L076_RZ_20240206_AV-1.raw,1.26E8,1,1,"Carbamidomethylation;Carbamidomethylation;Carbamidomethylation",,P55966|CTXL8_LEIHE,DB Search
C(+57.02)YGPQC(+57.02)L,91.95,896.3521,7,-0.2,897.35919,1,39.9190,24492,Vasilevskiy_L_different_L076_RZ_20240206_AV-1.raw,5.03E6,2,2,"Carbamidomethylation;Carbamidomethylation",,P45639|CTXL_LEIQU:P15229|CTXL1_HOTTS:P85066|CTXL1_LEIHE,DB Search
C(+57.02)YGPQC(+57.02)LC(+57.02),94.52,1056.3827,8,0.8,529.19904,2,35.5244,21274,Vasilevskiy_L_different_L076_RZ_20240206_AV-1.raw,1.26E8,1,1,"Carbamidomethylation;Carbamidomethylation;Carbamidomethylation",,P45639|CTXL_LEIQU:P15229|CTXL1_HOTTS:P85066|CTXL1_LEIHE,DB Search
C(+57.02)YGPQC(+57.02)LC(+57.02)N,107.17,1170.4257,9,-0.8,1171.43201,1,33.3405,19588,Vasilevskiy_L_different_L076_RZ_20240206_AV-1.raw,1.32E8,2,2,"Carbamidomethylation;Carbamidomethylation;Carbamidomethylation",,P85066|CTXL1_LEIHE,DB Search
C(+57.02)YGPQC(+57.02)LC(+57.02)N(+0.98)R,104.91,1327.5107,10,1.9,664.76392,2,31.0756,17832,Vasilevskiy_L_different_L076_RZ_20240206_AV-1.raw,4.7E7,2,2,"Carbamidomethylation;Carbamidomethylation;Carbamidomethylation;Deamidation (NQ)","C1:Deamidation (NQ):0.00",A0A0U3YCU6|A0A0U3YCU6_ODODO:P85066|CTXL1_LEIHE,DB Search
C(+57.02)YGPQC(+57.02)LC(+57.02)NR,105.00,1326.5267,10,0.3,443.18298,3,28.0040,15543,Vasilevskiy_L_different_L076_RZ_20240206_AV-1.raw,3.64E9,4,4,"Carbamidomethylation;Carbamidomethylation;Carbamidomethylation",,A0A0U3YCU6|A0A0U3YCU6_ODODO:P85066|CTXL1_LEIHE,DB Search
C(+57.02)YSSDC(+57.02)R,90.99,946.3273,7,1.2,474.17151,2,16.7821,6546,Vasilevskiy_L_different_L076_RZ_20240206_AV-1.raw,,0,0,"Carbamidomethylation;Carbamidomethylation",,P83407|KA191_MESMA:A0A088DAE2|A0A088DAE2_MESEU:C0HJQ2|KA192_BUTOC,DB Search
C(+57.02)YVPWGGEEHR,108.31,1388.5931,11,-0.4,463.87149,3,34.0424,20167,Vasilevskiy_L_different_L076_RZ_20240206_AV-1.raw,,0,0,"Carbamidomethylation",,Q686S9|Q686S9_MESGB:Q686U1|Q686U1_MESGB:Q686R4|Q686R4_MESGB:Q686W4|Q686W4_MESGB:Q686V7|Q686V7_MESGB:Q686W0|Q686W0_MESGB:Q686T0|Q686T0_MESGB:Q686U6|Q686U6_MESGB:Q686U5|Q686U5_MESGB:Q686T5|Q686T5_MESGB:Q686U9|Q686U9_MESGB:Q686V2|Q686V2_MESGB:Q686X3|Q686X3_MESEU,DB Search
D(+42.01)AHC(+57.02)N(+0.98)DLC(+57.02)TK,99.84,1275.4860,10,3.6,638.75256,2,23.5541,11978,Vasilevskiy_L_different_L076_RZ_20240206_AV-1.raw,,0,0,"Acetylation (Protein N-term);Carbamidomethylation;Deamidation (NQ);Carbamidomethylation","D1:Acetylation (Protein N-term):1000.00;C4:Deamidation (NQ):1000.00",P60257|SCXC_BUTOM,DB Search
D(+42.01)AYC(+57.02)NELC(+57.02)TK,95.18,1314.5221,10,1.0,658.26898,2,28.1429,15394,Vasilevskiy_L_different_L076_RZ_20240206_AV-1.raw,5.63E6,2,2,"Acetylation (Protein N-term);Carbamidomethylation;Carbamidomethylation","D1:Acetylation (Protein N-term):1000.00",P60256|SCXB_BUTOM,DB Search
D(+42.01)AYC(+57.02)NELC(+57.02)TKN(+0.98)GAK,104.98,1685.7025,14,0.3,843.85883,2,24.2180,12493,Vasilevskiy_L_different_L076_RZ_20240206_AV-1.raw,2.39E5,2,2,"Acetylation (Protein N-term);Carbamidomethylation;Carbamidomethylation;Deamidation (NQ)","D1:Deamidation (NQ):72.73",P60256|SCXB_BUTOM,DB Search
D(+42.01)GYIANDRNC(+57.02)VYTC(+57.02)ALNPYC(+57.02)DSEC(+57.02)K,105.61,3099.2466,25,1.0,1034.09058,3,53.4527,35643,Vasilevskiy_L_different_L076_RZ_20240206_AV-1.raw,,0,0,"Acetylation (Protein N-term);Carbamidomethylation;Carbamidomethylation;Carbamidomethylation;Carbamidomethylation","D1:Acetylation (Protein N-term):1000.00",D8UWD8|SCXN9_MESEU,DB Search
D(+42.01)GYIANDRNC(+57.02)VYTC(+57.02)ALNPYC(+57.02)DSEC(+57.02)KK,92.46,3227.3416,26,-2.3,1076.78540,3,49.1388,32108,Vasilevskiy_L_different_L076_RZ_20240206_AV-1.raw,,0,0,"Acetylation (Protein N-term);Carbamidomethylation;Carbamidomethylation;Carbamidomethylation;Carbamidomethylation","D1:Acetylation (Protein N-term):1000.00",D8UWD8|SCXN9_MESEU,DB Search
D(+42.01)KDC(+57.02)AYFC(+57.02)GRN(+0.98)AYC(+57.02)DEEC(+57.02)KK,99.96,2631.0134,20,5.9,878.01697,3,15.8483,5826,Vasilevskiy_L_different_L076_RZ_20240206_AV-1.raw,1.76E6,1,1,"Acetylation (Protein N-term);Carbamidomethylation;Carbamidomethylation;Deamidation (NQ);Carbamidomethylation; more","D1:Acetylation (Protein N-term):1000.00;C4:Deamidation (NQ):1000.00",P01490|SCXA_MESEU,DB Search
D(+42.01)N(+0.98)GYLLN(+0.98)KYTGC(+57.02)KIWC(+57.02)VINNESC(+57.02)NSEC(+57.02)K,109.09,3482.4888,28,3.6,871.63263,4,59.9402,41015,Vasilevskiy_L_different_L076_RZ_20240206_AV-1.raw,3.57E5,1,1,"Acetylation (Protein N-term);Deamidation (NQ);Deamidation (NQ);Carbamidomethylation;Carbamidomethylation; more","D1:Deamidation (NQ):73.72;N2:Deamidation (NQ):85.25",Q9UAC8|SCAT_MESMA,DB Search
DAGTIAGLNVLR,94.54,1198.6670,12,0.8,600.34125,2,55.2717,37099,Vasilevskiy_L_different_L076_RZ_20240206_AV-1.raw,3.99E5,1,1,"",,A0A1W7RAC4|A0A1W7RAC4_9SCOR:A0A2I9LP41|A0A2I9LP41_9SCOR,DB Search
DALSC(+57.02)QIIIPQK,99.34,1384.7384,12,-0.2,693.37634,2,47.2787,30669,Vasilevskiy_L_different_L076_RZ_20240206_AV-1.raw,1.98E5,1,1,"Carbamidomethylation",,A0A1W7RAN8|A0A1W7RAN8_9SCOR:A0A2I9LPI1|A0A2I9LPI1_9SCOR,DB Search
DATPQYFEFK,96.61,1244.5713,10,-0.2,623.29285,2,52.2955,34449,Vasilevskiy_L_different_L076_RZ_20240206_AV-1.raw,7.04E7,1,1,"",,F8THJ4|F8THJ4_HOTJU:A0A0K0LC90|A0A0K0LC90_9SCOR,DB Search
DAVLLIFANK,83.78,1102.6385,10,-0.7,552.32617,2,65.8456,45879,Vasilevskiy_L_different_L076_RZ_20240206_AV-1.raw,3.18E4,1,1,"",,A0A2I9LNM8|A0A2I9LNM8_9SCOR:A0A1W7RB33|A0A1W7RB33_9SCOR,DB Search
DAVLLLFANK,83.78,1102.6385,10,-0.7,552.32617,2,65.8456,45879,Vasilevskiy_L_different_L076_RZ_20240206_AV-1.raw,3.18E4,1,1,"",,A0A1W7RB47|A0A1W7RB47_9SCOR:A0A2I9LNP6|A0A2I9LNP6_9SCOR,DB Search
DAYIADDKN(+0.98)C(+57.02)VYTC(+57.02)AKNSYC(+57.02)NNEC(+57.02)TKNGA,21.62,3419.3799,29,3.0,1140.80396,3,45.0887,28753,Vasilevskiy_L_different_L076_RZ_20240206_AV-1.raw,5.71E6,1,1,"Deamidation (NQ);Carbamidomethylation;Carbamidomethylation;Carbamidomethylation;Carbamidomethylation","N9:Deamidation (NQ):3.19",P0DQN9|DEL2A_HOTJU,DB Search
DAYIADDKNC(+57.02)VYTC(+57.02)AKNSYC(+57.02)NNEC(+57.02)TKNGA,67.73,3418.3958,29,3.9,1140.47705,3,44.5521,28454,Vasilevskiy_L_different_L076_RZ_20240206_AV-1.raw,1.82E6,1,1,"Carbamidomethylation;Carbamidomethylation;Carbamidomethylation;Carbamidomethylation",,P0DQN9|DEL2A_HOTJU,DB Search
DAYIADDR,95.76,937.4141,8,0.1,469.71439,2,21.4654,10225,Vasilevskiy_L_different_L076_RZ_20240206_AV-1.raw,6.58E7,2,2,"",,P09982|SCXE_MESEU,DB Search
DAYIADDRN(+0.98)C(+57.02)VYTC(+57.02)ALN(+0.98)PYC(+57.02)DSEC(+57.02)KK,103.69,3202.2988,26,5.4,1068.44592,3,46.3807,29976,Vasilevskiy_L_different_L076_RZ_20240206_AV-1.raw,,0,0,"Deamidation (NQ);Carbamidomethylation;Carbamidomethylation;Deamidation (NQ);Carbamidomethylation; more","N9:Deamidation (NQ):1000.00;C10:Deamidation (NQ):1000.00",P09982|SCXE_MESEU,DB Search
DAYIADDRN(+0.98)C(+57.02)VYTC(+57.02)ALNPYC(+57.02)DSEC(+57.02)K,94.56,3073.2197,25,-2.1,1025.41174,3,52.4291,34825,Vasilevskiy_L_different_L076_RZ_20240206_AV-1.raw,,0,0,"Deamidation (NQ);Carbamidomethylation;Carbamidomethylation;Carbamidomethylation;Carbamidomethylation","N9:Deamidation (NQ):21.81",P09982|SCXE_MESEU,DB Search
DAYIADDRNC(+57.02)VYTC(+57.02),86.10,1734.6978,14,0.3,579.24005,3,32.7087,19074,Vasilevskiy_L_different_L076_RZ_20240206_AV-1.raw,1.95E5,1,1,"Carbamidomethylation;Carbamidomethylation",,P09982|SCXE_MESEU,DB Search
DAYIADDRNC(+57.02)VYTC(+57.02)ALNPY,95.91,2292.9780,19,-0.5,765.33289,3,54.8260,36724,Vasilevskiy_L_different_L076_RZ_20240206_AV-1.raw,7.84E5,1,1,"Carbamidomethylation;Carbamidomethylation",,P09982|SCXE_MESEU,DB Search
DAYIADDRNC(+57.02)VYTC(+57.02)ALNPYC(+57.02)DSEC(+57.02)K,108.99,3072.2358,25,0.2,769.06641,4,49.2482,32200,Vasilevskiy_L_different_L076_RZ_20240206_AV-1.raw,7.42E5,2,2,"Carbamidomethylation;Carbamidomethylation;Carbamidomethylation;Carbamidomethylation",,P09982|SCXE_MESEU,DB Search
DAYIADDRNC(+57.02)VYTC(+57.02)ALNPYC(+57.02)DSEC(+57.02)KK,105.02,3200.3308,26,0.9,801.09070,4,44.6916,28830,Vasilevskiy_L_different_L076_RZ_20240206_AV-1.raw,9.4E8,7,7,"Carbamidomethylation;Carbamidomethylation;Carbamidomethylation;Carbamidomethylation",,P09982|SCXE_MESEU,DB Search
DAYIAK,63.06,679.3541,6,1.8,340.68491,2,20.0509,9308,Vasilevskiy_L_different_L076_RZ_20240206_AV-1.raw,3.46E8,1,1,"",,Q9BLM3|SCXB_ANDAU:B6A8R9|B6A8R9_MESMA:P17728|SCXA_LEIHE:P58328|SCX4_MESMA:P59360|SCX2_MESMA:P86405|SCXN5_MESEU:E7D080|E7D080_MESEU:E7CZZ0|SCXNB_MESEU:Q9NJC8|SC13_MESMA:P01487|SCX3_LEIQU:A0A0U1TXT4|A0A0U1TXT4_LYCMC:E7CZY9|SCXN6_MESEU:P58488|SCM2_MESMA:P15227|SCX3_MESMA:Q9NJC4|SC17_MESMA:P0DV30|SCXT2_MESMA:P45697|SCM1_MESMA:O61705|SCXA_MESMA:P86404|SCXN4_MESEU:P09981|SCX9_MESEU:P45698|SCX9_MESMA:Q9GQV6|SC16_MESMA:G4WFQ2|SCXND_MESEU:E7D082|SCX5B_MESEU:P59853|MKTX3_MESMA:Q9N682|SCXB_MESMA:B6A8S0|B6A8S0_MESMA,DB Search
DAYIAKPH,87.01,913.4658,8,-0.1,305.49582,3,18.4743,7942,Vasilevskiy_L_different_L076_RZ_20240206_AV-1.raw,2.42E7,3,3,"",,P45697|SCM1_MESMA:E7D080|E7D080_MESEU:E7CZZ0|SCXNB_MESEU:P09981|SCX9_MESEU:P86404|SCXN4_MESEU:P59360|SCX2_MESMA:Q9GQV6|SC16_MESMA:G4WFQ2|SCXND_MESEU:E7D082|SCX5B_MESEU:P86405|SCXN5_MESEU:E7CZY9|SCXN6_MESEU:P58488|SCM2_MESMA,DB Search
DAYIAKPHN,88.77,1027.5087,9,0.4,343.51031,3,18.1577,7716,Vasilevskiy_L_different_L076_RZ_20240206_AV-1.raw,3.95E6,2,2,"",,P45697|SCM1_MESMA:E7D080|E7D080_MESEU:E7CZZ0|SCXNB_MESEU:P09981|SCX9_MESEU:P86404|SCXN4_MESEU:P59360|SCX2_MESMA:Q9GQV6|SC16_MESMA:G4WFQ2|SCXND_MESEU:E7D082|SCX5B_MESEU:P86405|SCXN5_MESEU:E7CZY9|SCXN6_MESEU:P58488|SCM2_MESMA,DB Search
DAYIAKPHN(+0.98)C(+57.02)VYEC(+57.02),75.53,1739.7283,14,7.0,870.87750,2,26.9156,14482,Vasilevskiy_L_different_L076_RZ_20240206_AV-1.raw,,0,0,"Deamidation (NQ);Carbamidomethylation;Carbamidomethylation","N9:Deamidation (NQ):1000.00",P45697|SCM1_MESMA:E7CZZ0|SCXNB_MESEU:P09981|SCX9_MESEU:P86404|SCXN4_MESEU:P59360|SCX2_MESMA:Q9GQV6|SC16_MESMA:G4WFQ2|SCXND_MESEU:E7D082|SCX5B_MESEU:P86405|SCXN5_MESEU:E7CZY9|SCXN6_MESEU:P58488|SCM2_MESMA,DB Search
DAYIAKPHN(+0.98)C(+57.02)VYEC(+57.02)YN(+0.98)PK,85.64,2242.9663,18,9.6,748.66986,3,30.0765,16949,Vasilevskiy_L_different_L076_RZ_20240206_AV-1.raw,1.07E5,1,1,"Deamidation (NQ);Carbamidomethylation;Carbamidomethylation;Deamidation (NQ)","N9:Deamidation (NQ):1000.00;C10:Deamidation (NQ):1000.00",P09981|SCX9_MESEU,DB Search
DAYIAKPHN(+0.98)C(+57.02)VYEC(+57.02)YNPK,110.80,2241.9824,18,0.0,748.33472,3,29.7885,16640,Vasilevskiy_L_different_L076_RZ_20240206_AV-1.raw,1.34E8,7,7,"Deamidation (NQ);Carbamidomethylation;Carbamidomethylation","N9:Deamidation (NQ):57.92",P09981|SCX9_MESEU,DB Search
DAYIAKPHN(+0.98)C(+57.02)VYEC(+57.02)YNPKG,69.18,2299.0037,19,1.0,767.34265,3,32.0377,18579,Vasilevskiy_L_different_L076_RZ_20240206_AV-1.raw,4.33E4,1,1,"Deamidation (NQ);Carbamidomethylation;Carbamidomethylation","N9:Deamidation (NQ):0.00",P09981|SCX9_MESEU,DB Search
DAYIAKPHNC(+57.02),87.74,1187.5393,10,-0.6,396.85349,3,18.4426,7949,Vasilevskiy_L_different_L076_RZ_20240206_AV-1.raw,3.95E6,2,2,"Carbamidomethylation",,P45697|SCM1_MESMA:E7D080|E7D080_MESEU:E7CZZ0|SCXNB_MESEU:P09981|SCX9_MESEU:P86404|SCXN4_MESEU:P59360|SCX2_MESMA:Q9GQV6|SC16_MESMA:G4WFQ2|SCXND_MESEU:E7D082|SCX5B_MESEU:P86405|SCXN5_MESEU:E7CZY9|SCXN6_MESEU:P58488|SCM2_MESMA,DB Search
DAYIAKPHNC(+57.02)VY,99.17,1449.6710,12,0.4,484.23114,3,27.5761,14984,Vasilevskiy_L_different_L076_RZ_20240206_AV-1.raw,4.41E6,2,2,"Carbamidomethylation",,P45697|SCM1_MESMA:E7CZZ0|SCXNB_MESEU:P09981|SCX9_MESEU:P86404|SCXN4_MESEU:P59360|SCX2_MESMA:Q9GQV6|SC16_MESMA:G4WFQ2|SCXND_MESEU:E7D082|SCX5B_MESEU:P86405|SCXN5_MESEU:E7CZY9|SCXN6_MESEU:P58488|SCM2_MESMA,DB Search
DAYIAKPHNC(+57.02)VYEC(+57.02),93.83,1738.7443,14,0.2,580.58881,3,26.9225,14490,Vasilevskiy_L_different_L076_RZ_20240206_AV-1.raw,1.12E5,1,1,"Carbamidomethylation;Carbamidomethylation",,P45697|SCM1_MESMA:E7CZZ0|SCXNB_MESEU:P09981|SCX9_MESEU:P86404|SCXN4_MESEU:P59360|SCX2_MESMA:Q9GQV6|SC16_MESMA:G4WFQ2|SCXND_MESEU:E7D082|SCX5B_MESEU:P86405|SCXN5_MESEU:E7CZY9|SCXN6_MESEU:P58488|SCM2_MESMA,DB Search
DAYIAKPHNC(+57.02)VYEC(+57.02)Y,30.99,1901.8076,15,4.4,951.91528,2,31.5406,18135,Vasilevskiy_L_different_L076_RZ_20240206_AV-1.raw,9.6E4,1,1,"Carbamidomethylation;Carbamidomethylation",,P09981|SCX9_MESEU,DB Search
DAYIAKPHNC(+57.02)VYEC(+57.02)YN(+0.98)PKG,64.76,2299.0037,19,1.0,767.34265,3,32.0377,18558,Vasilevskiy_L_different_L076_RZ_20240206_AV-1.raw,4.33E4,1,1,"Carbamidomethylation;Carbamidomethylation;Deamidation (NQ)","C10:Deamidation (NQ):0.00",P09981|SCX9_MESEU,DB Search
DAYIAKPHNC(+57.02)VYEC(+57.02)YNPK,104.87,2240.9983,18,0.8,561.25732,4,28.2952,15453,Vasilevskiy_L_different_L076_RZ_20240206_AV-1.raw,1.21E9,4,4,"Carbamidomethylation;Carbamidomethylation",,P09981|SCX9_MESEU,DB Search
DAYIAN(+0.98)DRN(+0.98)C(+57.02)VYTC(+57.02),93.22,1735.6818,14,-1.2,868.84711,2,34.9368,20844,Vasilevskiy_L_different_L076_RZ_20240206_AV-1.raw,6.29E5,1,1,"Deamidation (NQ);Deamidation (NQ);Carbamidomethylation;Carbamidomethylation","N6:Deamidation (NQ):1000.00;N9:Deamidation (NQ):1000.00",A0A146CJ08|A0A146CJ08_MESEU:A0A0K0LBX2|A0A0K0LBX2_9SCOR:P86403|SCXN2_MESEU,DB Search
DAYIAN(+0.98)DRN(+0.98)C(+57.02)VYTC(+57.02)ALN(+0.98)PYC(+57.02)DSEC(+57.02)K,114.91,3074.2039,25,9.7,1025.75183,3,51.5477,34101,Vasilevskiy_L_different_L076_RZ_20240206_AV-1.raw,,0,0,"Deamidation (NQ);Deamidation (NQ);Carbamidomethylation;Carbamidomethylation;Deamidation (NQ); more","N6:Deamidation (NQ):1000.00;N9:Deamidation (NQ):1000.00;C10:Deamidation (NQ):1000.00",P86403|SCXN2_MESEU,DB Search
DAYIAN(+0.98)DRN(+0.98)C(+57.02)VYTC(+57.02)ALN(+0.98)PYC(+57.02)DSEC(+57.02)KK,110.37,3202.2988,26,6.5,801.58716,4,48.1062,31379,Vasilevskiy_L_different_L076_RZ_20240206_AV-1.raw,,0,0,"Deamidation (NQ);Deamidation (NQ);Carbamidomethylation;Carbamidomethylation;Deamidation (NQ); more","N6:Deamidation (NQ):1000.00;N9:Deamidation (NQ):1000.00;C10:Deamidation (NQ):1000.00",P86403|SCXN2_MESEU,DB Search
DAYIAN(+0.98)DRN(+0.98)C(+57.02)VYTC(+57.02)ALNPYC(+57.02)DSEC(+57.02)K,104.86,3073.2197,25,-0.4,1025.41345,3,50.8898,33697,Vasilevskiy_L_different_L076_RZ_20240206_AV-1.raw,6.47E6,1,1,"Deamidation (NQ);Deamidation (NQ);Carbamidomethylation;Carbamidomethylation;Carbamidomethylation; more","N6:Deamidation (NQ):111.39;N9:Deamidation (NQ):117.35",P86403|SCXN2_MESEU,DB Search
DAYIAN(+0.98)DRN(+0.98)C(+57.02)VYTC(+57.02)ALNPYC(+57.02)DSEC(+57.02)KK,111.12,3201.3147,26,-1.9,801.33441,4,48.1273,31467,Vasilevskiy_L_different_L076_RZ_20240206_AV-1.raw,2.33E6,1,1,"Deamidation (NQ);Deamidation (NQ);Carbamidomethylation;Carbamidomethylation;Carbamidomethylation; more","N6:Deamidation (NQ):15.66;N9:Deamidation (NQ):19.48",P86403|SCXN2_MESEU,DB Search
DAYIAN(+0.98)DRN(+0.98)C(+57.02)VYTC(+57.02)ALNPYC(+57.02)N(+0.98)SEC(+57.02)KK,110.11,3201.3147,26,2.5,1068.11487,3,47.1796,30617,Vasilevskiy_L_different_L076_RZ_20240206_AV-1.raw,5.45E7,2,2,"Deamidation (NQ);Deamidation (NQ);Carbamidomethylation;Carbamidomethylation;Carbamidomethylation; more","N6:Deamidation (NQ):49.39;N9:Deamidation (NQ):55.71;C10:Deamidation (NQ):42.68",A0A146CJ08|A0A146CJ08_MESEU,DB Search
DAYIAN(+0.98)DRNC(+57.02)VYTC(+57.02),88.82,1734.6978,14,-0.3,868.35590,2,34.3124,20382,Vasilevskiy_L_different_L076_RZ_20240206_AV-1.raw,1.2E6,1,1,"Deamidation (NQ);Carbamidomethylation;Carbamidomethylation","N6:Deamidation (NQ):32.97",A0A146CJ08|A0A146CJ08_MESEU:A0A0K0LBX2|A0A0K0LBX2_9SCOR:P86403|SCXN2_MESEU,DB Search
DAYIAN(+0.98)DRNC(+57.02)VYTC(+57.02)ALNPY,91.42,2292.9780,19,-3.7,1147.49207,2,56.6762,38314,Vasilevskiy_L_different_L076_RZ_20240206_AV-1.raw,7.44E4,1,1,"Deamidation (NQ);Carbamidomethylation;Carbamidomethylation","N6:Deamidation (NQ):12.33",A0A146CJ08|A0A146CJ08_MESEU:P86403|SCXN2_MESEU,DB Search
DAYIAN(+0.98)DRNC(+57.02)VYTC(+57.02)ALNPYC(+57.02)N(+0.98)SEC(+57.02)K,104.01,3072.2358,25,2.0,1025.08789,3,50.1848,33076,Vasilevskiy_L_different_L076_RZ_20240206_AV-1.raw,7.76E6,2,2,"Deamidation (NQ);Carbamidomethylation;Carbamidomethylation;Carbamidomethylation;Deamidation (NQ); more","N6:Deamidation (NQ):0.00;C10:Deamidation (NQ):8.26",A0A146CJ08|A0A146CJ08_MESEU,DB Search
DAYIAN(+0.98)DRNC(+57.02)VYTC(+57.02)ALNPYC(+57.02)N(+0.98)SEC(+57.02)KK,110.78,3200.3308,26,-2.6,1067.78137,3,43.9570,28060,Vasilevskiy_L_different_L076_RZ_20240206_AV-1.raw,2.64E6,1,1,"Deamidation (NQ);Carbamidomethylation;Carbamidomethylation;Carbamidomethylation;Deamidation (NQ); more","N6:Deamidation (NQ):9.42;C10:Deamidation (NQ):61.69",A0A146CJ08|A0A146CJ08_MESEU,DB Search
DAYIAN(+0.98)DRNC(+57.02)VYTC(+57.02)ALNPYC(+57.02)N(+0.98)SEC(+57.02)KKN(+0.98)GADSGYC(+57.02)QWFGR,103.77,4699.9194,39,1.6,940.99274,5,58.4197,39642,Vasilevskiy_L_different_L076_RZ_20240206_AV-1.raw,4.26E5,1,1,"Deamidation (NQ);Carbamidomethylation;Carbamidomethylation;Carbamidomethylation;Deamidation (NQ); more","N6:Deamidation (NQ):0.00;C10:Deamidation (NQ):33.81;C14:Deamidation (NQ):46.32",A0A146CJ08|A0A146CJ08_MESEU,DB Search
DAYIAN(+0.98)DRNC(+57.02)VYTC(+57.02)ALNPYC(+57.02)N(+0.98)SEC(+57.02)KKNGADSGYC(+57.02)QWFGR,39.57,4698.9355,39,-0.8,1175.74023,4,58.4015,39706,Vasilevskiy_L_different_L076_RZ_20240206_AV-1.raw,,0,0,"Deamidation (NQ);Carbamidomethylation;Carbamidomethylation;Carbamidomethylation;Deamidation (NQ); more","N6:Deamidation (NQ):0.00;C10:Deamidation (NQ):0.00",A0A146CJ08|A0A146CJ08_MESEU,DB Search
DAYIANDR,92.62,936.4301,8,0.4,469.22250,2,19.7722,9038,Vasilevskiy_L_different_L076_RZ_20240206_AV-1.raw,1.09E9,2,2,"",,A0A146CJ08|A0A146CJ08_MESEU:A0A0K0LBX2|A0A0K0LBX2_9SCOR:P86403|SCXN2_MESEU,DB Search
DAYIANDRN,88.70,1050.4730,9,0.4,526.24402,2,19.4789,8838,Vasilevskiy_L_different_L076_RZ_20240206_AV-1.raw,6.13E5,1,1,"",,A0A146CJ08|A0A146CJ08_MESEU:A0A0K0LBX2|A0A0K0LBX2_9SCOR:P86403|SCXN2_MESEU,DB Search
DAYIANDRN(+0.98)C(+57.02)VY,90.08,1473.6194,12,0.4,737.81726,2,36.0599,21805,Vasilevskiy_L_different_L076_RZ_20240206_AV-1.raw,1.34E6,1,1,"Deamidation (NQ);Carbamidomethylation","N9:Deamidation (NQ):32.97",A0A146CJ08|A0A146CJ08_MESEU:A0A0K0LBX2|A0A0K0LBX2_9SCOR:P86403|SCXN2_MESEU,DB Search
DAYIANDRN(+0.98)C(+57.02)VYTC(+57.02),96.23,1734.6978,14,5.5,868.36090,2,33.6015,19770,Vasilevskiy_L_different_L076_RZ_20240206_AV-1.raw,3.05E7,3,3,"Deamidation (NQ);Carbamidomethylation;Carbamidomethylation","N9:Deamidation (NQ):22.34",A0A146CJ08|A0A146CJ08_MESEU:A0A0K0LBX2|A0A0K0LBX2_9SCOR:P86403|SCXN2_MESEU,DB Search
DAYIANDRN(+0.98)C(+57.02)VYTC(+57.02)ALN(+0.98)PYC(+57.02)N(+0.98)SEC(+57.02)KK,99.90,3201.3147,26,5.9,1068.11853,3,45.7835,29486,Vasilevskiy_L_different_L076_RZ_20240206_AV-1.raw,,0,0,"Deamidation (NQ);Carbamidomethylation;Carbamidomethylation;Deamidation (NQ);Carbamidomethylation; more","N9:Deamidation (NQ):0.00;C10:Deamidation (NQ):25.26;C14:Deamidation (NQ):60.32",A0A146CJ08|A0A146CJ08_MESEU,DB Search
DAYIANDRN(+0.98)C(+57.02)VYTC(+57.02)ALNPY,100.59,2292.9780,19,-0.7,1147.49548,2,54.8260,36737,Vasilevskiy_L_different_L076_RZ_20240206_AV-1.raw,3.1E6,1,1,"Deamidation (NQ);Carbamidomethylation;Carbamidomethylation","N9:Deamidation (NQ):7.77",A0A146CJ08|A0A146CJ08_MESEU:P86403|SCXN2_MESEU,DB Search
DAYIANDRN(+0.98)C(+57.02)VYTC(+57.02)ALNPYC(+57.02)DSEC(+57.02)K,105.02,3072.2358,25,-0.3,1025.08557,3,49.2596,32094,Vasilevskiy_L_different_L076_RZ_20240206_AV-1.raw,2.18E8,2,2,"Deamidation (NQ);Carbamidomethylation;Carbamidomethylation;Carbamidomethylation;Carbamidomethylation","N9:Deamidation (NQ):19.05",P86403|SCXN2_MESEU,DB Search
DAYIANDRN(+0.98)C(+57.02)VYTC(+57.02)ALNPYC(+57.02)DSEC(+57.02)KK,105.02,3200.3308,26,-0.6,1067.78357,3,44.6627,28483,Vasilevskiy_L_different_L076_RZ_20240206_AV-1.raw,2.03E8,3,3,"Deamidation (NQ);Carbamidomethylation;Carbamidomethylation;Carbamidomethylation;Carbamidomethylation","N9:Deamidation (NQ):29.32",P86403|SCXN2_MESEU,DB Search
DAYIANDRN(+0.98)C(+57.02)VYTC(+57.02)ALNPYC(+57.02)N(+0.98)SEC(+57.02)K,104.47,3072.2358,25,-0.3,1025.08557,3,49.7500,32093,Vasilevskiy_L_different_L076_RZ_20240206_AV-1.raw,3.99E7,1,1,"Deamidation (NQ);Carbamidomethylation;Carbamidomethylation;Carbamidomethylation;Deamidation (NQ); more","N9:Deamidation (NQ):5.08;C10:Deamidation (NQ):42.89",A0A146CJ08|A0A146CJ08_MESEU,DB Search
DAYIANDRN(+0.98)C(+57.02)VYTC(+57.02)ALNPYC(+57.02)N(+0.98)SEC(+57.02)KK,103.76,3200.3308,26,1.5,801.09113,4,45.3149,28448,Vasilevskiy_L_different_L076_RZ_20240206_AV-1.raw,5.48E7,2,2,"Deamidation (NQ);Carbamidomethylation;Carbamidomethylation;Carbamidomethylation;Deamidation (NQ); more","N9:Deamidation (NQ):0.00;C10:Deamidation (NQ):61.69",A0A146CJ08|A0A146CJ08_MESEU,DB Search
DAYIANDRN(+0.98)C(+57.02)VYTC(+57.02)ALNPYC(+57.02)N(+0.98)SEC(+57.02)KKN(+0.98)GADSGYC(+57.02)QWFGR,109.03,4699.9194,39,1.6,940.99274,5,58.4197,39614,Vasilevskiy_L_different_L076_RZ_20240206_AV-1.raw,4.26E5,1,1,"Deamidation (NQ);Carbamidomethylation;Carbamidomethylation;Carbamidomethylation;Deamidation (NQ); more","N9:Deamidation (NQ):0.00;C10:Deamidation (NQ):42.68;C14:Deamidation (NQ):43.70",A0A146CJ08|A0A146CJ08_MESEU,DB Search
DAYIANDRN(+0.98)C(+57.02)VYTC(+57.02)AR,103.20,1961.8359,16,0.6,654.95300,3,28.4340,15689,Vasilevskiy_L_different_L076_RZ_20240206_AV-1.raw,8.67E5,1,1,"Deamidation (NQ);Carbamidomethylation;Carbamidomethylation","N9:Deamidation (NQ):12.33",A0A0K0LBX2|A0A0K0LBX2_9SCOR,DB Search
DAYIANDRNC(+57.02)VYTC(+57.02)ALNPYC(+57.02)DSEC(+57.02)K,101.55,3071.2517,25,-7.2,1536.62207,2,49.1857,32146,Vasilevskiy_L_different_L076_RZ_20240206_AV-1.raw,,0,0,"Carbamidomethylation;Carbamidomethylation;Carbamidomethylation;Carbamidomethylation",,P86403|SCXN2_MESEU,DB Search
DAYIANDRNC(+57.02)VYTC(+57.02)ALNPYC(+57.02)DSEC(+57.02)KK,101.45,3199.3467,26,-4.6,1067.45129,3,45.8886,29571,Vasilevskiy_L_different_L076_RZ_20240206_AV-1.raw,,0,0,"Carbamidomethylation;Carbamidomethylation;Carbamidomethylation;Carbamidomethylation",,P86403|SCXN2_MESEU,DB Search
DAYIANDRNC(+57.02)VYTC(+57.02)ALNPYC(+57.02)N(+0.98)SEC(+57.02)KK,104.76,3199.3467,26,0.4,1067.45667,3,44.0066,28135,Vasilevskiy_L_different_L076_RZ_20240206_AV-1.raw,3.17E5,1,1,"Carbamidomethylation;Carbamidomethylation;Carbamidomethylation;Deamidation (NQ);Carbamidomethylation","C10:Deamidation (NQ):45.10",A0A146CJ08|A0A146CJ08_MESEU,DB Search
DAYIAQ(+0.98)NYNC(+57.02)VYDC(+57.02)ARDAYC(+57.02)NELC(+57.02)TKNG,69.03,3421.3745,28,1.9,1141.46753,3,45.7514,29459,Vasilevskiy_L_different_L076_RZ_20240206_AV-1.raw,,0,0,"Deamidation (NQ);Carbamidomethylation;Carbamidomethylation;Carbamidomethylation;Carbamidomethylation","Q6:Deamidation (NQ):17.01",P60256|SCXB_BUTOM,DB Search
DAYIAQGNNC(+57.02)VYQC(+57.02),101.10,1674.6766,14,-1.9,838.34399,2,35.9598,21783,Vasilevskiy_L_different_L076_RZ_20240206_AV-1.raw,1.17E5,1,1,"Carbamidomethylation;Carbamidomethylation",,E7CZZ1|SCXNC_MESEU,DB Search
DAYIAQGNNC(+57.02)VYQC(+57.02)AL,102.91,1858.7979,16,1.6,930.40765,2,53.3429,35602,Vasilevskiy_L_different_L076_RZ_20240206_AV-1.raw,3.11E5,1,1,"Carbamidomethylation;Carbamidomethylation",,E7CZZ1|SCXNC_MESEU,DB Search
DAYIAQGNNC(+57.02)VYQC(+57.02)ALN(+0.98)SSC(+57.02)N(+0.98)ELC(+57.02)TKN(+0.98)GAK,113.71,3425.4268,30,5.5,1142.82251,3,51.0949,33675,Vasilevskiy_L_different_L076_RZ_20240206_AV-1.raw,7.29E6,1,1,"Carbamidomethylation;Carbamidomethylation;Deamidation (NQ);Carbamidomethylation;Deamidation (NQ); more","C10:Deamidation (NQ):14.19;C14:Deamidation (NQ):8.77;N17:Deamidation (NQ):3.43",E7CZZ1|SCXNC_MESEU,DB Search
DAYIAQNYN(+0.98)C(+57.02)VYFC(+57.02)LN(+0.98)PW,25.03,2311.9553,18,6.9,1156.99292,2,50.6181,33327,Vasilevskiy_L_different_L076_RZ_20240206_AV-1.raw,,0,0,"Deamidation (NQ);Carbamidomethylation;Carbamidomethylation;Deamidation (NQ)","N9:Deamidation (NQ):28.36;C10:Deamidation (NQ):17.73",A0A146CJ90|A0A146CJ90_MESEU,DB Search
DAYIAQNYNC(+57.02)VYDC(+57.02)ARDAYC(+57.02)NELC(+57.02)TKNG,71.13,3420.3904,28,-1.5,1141.13574,3,45.7588,29459,Vasilevskiy_L_different_L076_RZ_20240206_AV-1.raw,8.97E4,1,1,"Carbamidomethylation;Carbamidomethylation;Carbamidomethylation;Carbamidomethylation",,P60256|SCXB_BUTOM,DB Search
DAYIAQNYNC(+57.02)VYTC(+57.02)FKDAHC(+57.02)NDLC(+57.02)TKNGASSGYC(+57.02)QWAGK,97.65,4609.9243,39,-8.9,1153.47803,4,53.7990,35933,Vasilevskiy_L_different_L076_RZ_20240206_AV-1.raw,,0,0,"Carbamidomethylation;Carbamidomethylation;Carbamidomethylation;Carbamidomethylation;Carbamidomethylation",,P60257|SCXC_BUTOM,DB Search
DC(+57.02)AYFC(+57.02)GR,104.68,1047.3903,8,-1.3,524.70172,2,28.3065,15619,Vasilevskiy_L_different_L076_RZ_20240206_AV-1.raw,5.81E6,2,2,"Carbamidomethylation;Carbamidomethylation",,P01490|SCXA_MESEU,DB Search
DC(+57.02)C(+57.02)GGN(+0.98)GK,49.30,867.2851,8,-1.2,434.64929,2,13.6282,4108,Vasilevskiy_L_different_L076_RZ_20240206_AV-1.raw,,0,0,"Carbamidomethylation;Carbamidomethylation;Deamidation (NQ)","C2:Deamidation (NQ):1000.00",E4VP45|E4VP45_MESEU:P15222|CTX5A_MESEU:A0A0D4CZV2|A0A0D4CZV2_MESEU:E4VP46|E4VP46_MESEU:R4H559|R4H559_MESEU:A0A146CJF8|A0A146CJF8_MESEU:R4H5A4|R4H5A4_MESEU:A0A146CJD6|A0A146CJD6_MESEU:P60269|CTXI4_MESEU:P86402|CTXL1_MESEU:P86401|CTXL_MESEU,DB Search
DC(+57.02)C(+57.02)GGN(+0.98)GKC(+57.02)FGYQC(+57.02)LC(+57.02)N(+0.98)RG,77.16,2283.8225,19,4.1,1142.92322,2,35.0961,21011,Vasilevskiy_L_different_L076_RZ_20240206_AV-1.raw,2.55E4,1,1,"Carbamidomethylation;Carbamidomethylation;Deamidation (NQ);Carbamidomethylation;Carbamidomethylation; more","C2:Deamidation (NQ):29.93;C3:Deamidation (NQ):0.00",E4VP45|E4VP45_MESEU:E4VP46|E4VP46_MESEU:R4H559|R4H559_MESEU:R4H5A4|R4H5A4_MESEU:P86401|CTXL_MESEU,DB Search
DC(+57.02)C(+57.02)GGN(+0.98)GKC(+57.02)FGYQC(+57.02)LC(+57.02)NR,92.98,2225.8169,18,2.3,742.94794,3,34.6067,20629,Vasilevskiy_L_different_L076_RZ_20240206_AV-1.raw,,0,0,"Carbamidomethylation;Carbamidomethylation;Deamidation (NQ);Carbamidomethylation;Carbamidomethylation; more","C2:Deamidation (NQ):15.08",E4VP45|E4VP45_MESEU:E4VP46|E4VP46_MESEU:R4H559|R4H559_MESEU:R4H5A4|R4H5A4_MESEU:P86402|CTXL1_MESEU:P86401|CTXL_MESEU,DB Search
DC(+57.02)C(+57.02)GGN(+0.98)GKC(+57.02)FGYQC(+57.02)LC(+57.02)NRG,88.39,2282.8384,19,-0.4,761.95312,3,35.1053,20929,Vasilevskiy_L_different_L076_RZ_20240206_AV-1.raw,2.57E6,1,1,"Carbamidomethylation;Carbamidomethylation;Deamidation (NQ);Carbamidomethylation;Carbamidomethylation; more","C2:Deamidation (NQ):15.08",E4VP45|E4VP45_MESEU:E4VP46|E4VP46_MESEU:R4H559|R4H559_MESEU:R4H5A4|R4H5A4_MESEU:P86401|CTXL_MESEU,DB Search
DC(+57.02)C(+57.02)GGNGKC(+57.02)FGYQC(+57.02)LC(+57.02)NRG,89.39,2281.8545,19,-0.4,761.62512,3,32.3951,18670,Vasilevskiy_L_different_L076_RZ_20240206_AV-1.raw,2.21E6,1,1,"Carbamidomethylation;Carbamidomethylation;Carbamidomethylation;Carbamidomethylation;Carbamidomethylation",,E4VP45|E4VP45_MESEU:E4VP46|E4VP46_MESEU:R4H559|R4H559_MESEU:R4H5A4|R4H5A4_MESEU:P86401|CTXL_MESEU,DB Search
DC(+57.02)C(+57.02)PYGEHC(+57.02),89.62,1196.3685,9,-0.2,599.19141,2,19.4961,8842,Vasilevskiy_L_different_L076_RZ_20240206_AV-1.raw,4.32E5,1,1,"Carbamidomethylation;Carbamidomethylation;Carbamidomethylation",,A0A088DB35|A0A088DB35_MESEU:A0A088DAF5|A0A088DAF5_MESEU,DB Search
DC(+57.02)C(+57.02)PYGEHC(+57.02)L,98.62,1309.4525,10,1.1,655.73425,2,30.5995,17361,Vasilevskiy_L_different_L076_RZ_20240206_AV-1.raw,5.3E5,1,1,"Carbamidomethylation;Carbamidomethylation;Carbamidomethylation",,A0A088DB35|A0A088DB35_MESEU:A0A088DAF5|A0A088DAF5_MESEU,DB Search
DC(+57.02)C(+57.02)PYGEHC(+57.02)LSA,108.93,1467.5217,12,-0.3,734.76794,2,29.6746,16618,Vasilevskiy_L_different_L076_RZ_20240206_AV-1.raw,,0,0,"Carbamidomethylation;Carbamidomethylation;Carbamidomethylation",,A0A088DB35|A0A088DB35_MESEU:A0A088DAF5|A0A088DAF5_MESEU,DB Search
DC(+57.02)C(+57.02)PYGEHC(+57.02)LSAGEGYFC(+57.02)K,109.34,2308.8645,19,-1.5,770.62769,3,42.1806,26603,Vasilevskiy_L_different_L076_RZ_20240206_AV-1.raw,8.68E7,2,2,"Carbamidomethylation;Carbamidomethylation;Carbamidomethylation;Carbamidomethylation",,A0A088DB35|A0A088DB35_MESEU,DB Search
DC(+57.02)C(+57.02)PYGEHC(+57.02)LSAGK,103.90,1652.6382,14,0.6,551.88696,3,22.9830,11508,Vasilevskiy_L_different_L076_RZ_20240206_AV-1.raw,4.63E7,2,2,"Carbamidomethylation;Carbamidomethylation;Carbamidomethylation",,A0A088DAF5|A0A088DAF5_MESEU,DB Search
DC(+57.02)C(+57.02)PYGER,93.71,1055.3800,8,0.4,528.69751,2,18.9554,8344,Vasilevskiy_L_different_L076_RZ_20240206_AV-1.raw,3.9E7,1,1,"Carbamidomethylation;Carbamidomethylation",,A0A088D9S6|A0A088D9S6_MESEU,DB Search
DC(+57.02)NYYC(+57.02)SIAC(+57.02)INK,96.82,1679.6742,13,0.1,840.84448,2,45.8751,29518,Vasilevskiy_L_different_L076_RZ_20240206_AV-1.raw,1.19E7,1,1,"Carbamidomethylation;Carbamidomethylation;Carbamidomethylation",,A0A088DAF1|A0A088DAF1_MESEU,DB Search
DC(+57.02)PASDGYIM(+15.99)GDR,96.45,1471.5708,13,0.3,736.79285,2,25.1104,12971,Vasilevskiy_L_different_L076_RZ_20240206_AV-1.raw,2.19E7,1,1,"Carbamidomethylation;Oxidation (M)","C2:Oxidation (M):1000.00",E4VNZ8|E4VNZ8_MESEU:E4VNZ7|E4VNZ7_MESEU,DB Search
DC(+57.02)PASDGYIMGDR,105.01,1455.5758,13,0.1,486.19925,3,34.2703,20280,Vasilevskiy_L_different_L076_RZ_20240206_AV-1.raw,4.01E8,5,5,"Carbamidomethylation",,E4VNZ8|E4VNZ8_MESEU:E4VNZ7|E4VNZ7_MESEU,DB Search
DC(+57.02)PASDGYIMGDRN(+0.98)K,101.93,1698.6978,15,1.3,567.24060,3,27.8216,15229,Vasilevskiy_L_different_L076_RZ_20240206_AV-1.raw,,0,0,"Carbamidomethylation;Deamidation (NQ)","C2:Deamidation (NQ):1000.00",E4VNZ8|E4VNZ8_MESEU:E4VNZ7|E4VNZ7_MESEU,DB Search
DDAYPLK,87.76,820.3967,7,0.3,411.20572,2,24.6953,12870,Vasilevskiy_L_different_L076_RZ_20240206_AV-1.raw,1.51E7,1,1,"",,E4VP64|E4VP64_MESEU,DB Search
DDFVDLSC(+57.02)EK,88.13,1226.5125,10,-0.3,614.26337,2,41.0471,25760,Vasilevskiy_L_different_L076_RZ_20240206_AV-1.raw,,0,0,"Carbamidomethylation",,A0A146CJ04|A0A146CJ04_MESEU,DB Search
DDGNYPTN(+0.98)AYGNR,104.98,1456.5854,13,0.9,729.30066,2,22.1354,10913,Vasilevskiy_L_different_L076_RZ_20240206_AV-1.raw,,0,0,"Deamidation (NQ)","N8:Deamidation (NQ):28.70",A0A146CJ25|A0A146CJ25_MESEU,DB Search
DDGNYPTNAYGNR,105.00,1455.6014,13,-0.5,728.80762,2,24.0702,12293,Vasilevskiy_L_different_L076_RZ_20240206_AV-1.raw,5.05E7,3,3,"",,A0A146CJ25|A0A146CJ25_MESEU,DB Search
DDKNC(+57.02)AYFC(+57.02)GR,106.77,1404.5551,11,4.1,703.28766,2,30.0639,16927,Vasilevskiy_L_different_L076_RZ_20240206_AV-1.raw,,0,0,"Carbamidomethylation;Carbamidomethylation",,G4V3T9|SCAA2_MESMA:Q9GNG8|SC15_MESMA:P86408|SCXN1_MESEU:Q9GUA7|SCA3_MESMA:Q95P69|SCAA_MESMA:A0A0B5GD34|A0A0B5GD34_MESEU:D8UWD3|SCXN7_MESEU:Q1EG63|Q1EG63_MESMA:P82815|SCBK_MESMA:Q4TUA4|SCA4_MESMA:A0A143FHE4|A0A143FHE4_MESEU:Q49S27|Q49S27_MESMA,DB Search
DDLHKPVGLYPC(+57.02)HGQGGNQFWMLSK,89.91,2883.3584,25,2.2,721.84845,4,53.7047,35854,Vasilevskiy_L_different_L076_RZ_20240206_AV-1.raw,,0,0,"Carbamidomethylation",,A0A2I9LPG6|A0A2I9LPG6_9SCOR,DB Search
DDRNC(+57.02)VYTC(+57.02)ALN(+0.98)PYC(+57.02)DSEC(+57.02)KK,30.47,2668.0662,21,6.9,890.36877,3,34.1420,20249,Vasilevskiy_L_different_L076_RZ_20240206_AV-1.raw,,0,0,"Carbamidomethylation;Carbamidomethylation;Deamidation (NQ);Carbamidomethylation;Carbamidomethylation","C5:Deamidation (NQ):36.72",P09982|SCXE_MESEU,DB Search
DDRNC(+57.02)VYTC(+57.02)ALNPYC(+57.02)DSEC(+57.02)K,96.83,2538.9873,20,0.1,847.33643,3,40.1284,25022,Vasilevskiy_L_different_L076_RZ_20240206_AV-1.raw,5.88E4,1,1,"Carbamidomethylation;Carbamidomethylation;Carbamidomethylation;Carbamidomethylation",,P09982|SCXE_MESEU,DB Search
DDRYPDKK,93.26,1035.4985,8,0.5,346.17361,3,14.9348,5079,Vasilevskiy_L_different_L076_RZ_20240206_AV-1.raw,5.11E5,2,2,"",,P80476|HCY6_ANDAU:A0A2I9LP22|A0A2I9LP22_9SCOR:A0A1E1WVP7|A0A1E1WVP7_TITOB,DB Search
DFDDLIHLC(+57.02)EQAR,109.13,1630.7410,13,0.8,544.58801,3,60.0401,40979,Vasilevskiy_L_different_L076_RZ_20240206_AV-1.raw,7.14E5,2,2,"Carbamidomethylation",,A0A1W7RAE6|A0A1W7RAE6_9SCOR,DB Search
DFLDGKLEAHVK,104.58,1370.7194,12,-2.8,457.91245,3,39.4528,24445,Vasilevskiy_L_different_L076_RZ_20240206_AV-1.raw,,0,0,"",,A0A2I9LPE8|A0A2I9LPE8_9SCOR,DB Search
DFNDFIHLC(+57.02)EQAR,108.09,1663.7412,13,0.3,555.58789,3,58.9162,40036,Vasilevskiy_L_different_L076_RZ_20240206_AV-1.raw,7.95E5,2,2,"Carbamidomethylation",,A0A2I9LP14|A0A2I9LP14_9SCOR:P80476|HCY6_ANDAU:A0A1E1WW95|A0A1E1WW95_TITOB,DB Search
DFVQDLVK,91.47,962.5073,8,-0.6,482.26062,2,54.5173,36499,Vasilevskiy_L_different_L076_RZ_20240206_AV-1.raw,1.08E5,1,1,"",,A0A1W7R9F1|A0A1W7R9F1_9SCOR,DB Search
DFYSFAC(+57.02)GR,90.24,1121.4600,9,-0.5,561.73700,2,50.0500,32885,Vasilevskiy_L_different_L076_RZ_20240206_AV-1.raw,1.87E5,1,1,"Carbamidomethylation",,A0A2I9LPD0|A0A2I9LPD0_9SCOR,DB Search
DGFC(+57.02)LTISFR,110.84,1214.5753,10,0.7,608.29541,2,66.8311,46685,Vasilevskiy_L_different_L076_RZ_20240206_AV-1.raw,1.35E7,2,2,"Carbamidomethylation",,A0A1E1WVV1|A0A1E1WVV1_TITOB:A0A0C9RP88|A0A0C9RP88_TITBA,DB Search
DGFC(+57.02)LTISFRK,104.90,1342.6703,11,-0.1,448.56400,3,57.2972,38813,Vasilevskiy_L_different_L076_RZ_20240206_AV-1.raw,1.91E5,2,2,"Carbamidomethylation",,A0A1E1WVV1|A0A1E1WVV1_TITOB:A0A0C9RP88|A0A0C9RP88_TITBA,DB Search
DGFLLDR,39.19,834.4235,7,0.1,418.21909,2,49.0666,32650,Vasilevskiy_L_different_L076_RZ_20240206_AV-1.raw,4.65E7,2,2,"",,A0A7S8RFI7|SCX37_TITSE,DB Search
DGLC(+57.02)AY,45.00,697.2741,6,-1.9,698.28009,1,34.4340,20417,Vasilevskiy_L_different_L076_RZ_20240206_AV-1.raw,1.56E6,1,1,"Carbamidomethylation",,T1E6Y3|T1E6Y3_9SCOR,DB Search
DGLC(+57.02)AYVIGR,75.73,1122.5492,10,1.6,562.28278,2,56.3937,38011,Vasilevskiy_L_different_L076_RZ_20240206_AV-1.raw,2.08E5,1,1,"Carbamidomethylation",,T1E6Y3|T1E6Y3_9SCOR,DB Search
DGNYPTNAYGNR,96.52,1340.5746,12,-0.1,671.29449,2,22.0316,10794,Vasilevskiy_L_different_L076_RZ_20240206_AV-1.raw,8.77E6,1,1,"",,A0A146CJ25|A0A146CJ25_MESEU,DB Search
DGYIADDK,92.95,895.3923,8,0.7,448.70374,2,20.3840,9463,Vasilevskiy_L_different_L076_RZ_20240206_AV-1.raw,1.76E8,2,2,"",,P01490|SCXA_MESEU:Q95P69|SCAA_MESMA:D8UWD3|SCXN7_MESEU:A0A0B5GD34|A0A0B5GD34_MESEU:Q1EG63|Q1EG63_MESMA:A0A5P8U2M8|A0A5P8U2M8_MESEU:A0A143FHE4|A0A143FHE4_MESEU:Q4TUA4|SCA4_MESMA:A0A5P8U2Q8|A0A5P8U2Q8_MESEU:Q49S27|Q49S27_MESMA:Q9GNG8|SC15_MESMA:P86408|SCXN1_MESEU:Q9GUA7|SCA3_MESMA:P82815|SCBK_MESMA:Q9GYX2|SCA1_MESMA,DB Search
DGYIADDKDC(+57.02)AY,107.44,1404.5503,12,-1.2,703.28162,2,31.5284,18066,Vasilevskiy_L_different_L076_RZ_20240206_AV-1.raw,2.55E5,1,1,"Carbamidomethylation",,P01490|SCXA_MESEU,DB Search
DGYIADDKDC(+57.02)AYFC(+57.02)GR,105.49,1924.7720,16,9.7,642.60413,3,39.7325,26274,Vasilevskiy_L_different_L076_RZ_20240206_AV-1.raw,1.02E9,7,7,"Carbamidomethylation;Carbamidomethylation",,P01490|SCXA_MESEU,DB Search
DGYIADDKDC(+57.02)AYFC(+57.02)GRN(+0.98)AYC(+57.02)DEEC(+57.02)KK,87.58,3223.2627,26,4.7,1075.43323,3,32.9383,19253,Vasilevskiy_L_different_L076_RZ_20240206_AV-1.raw,4.97E5,1,1,"Carbamidomethylation;Carbamidomethylation;Deamidation (NQ);Carbamidomethylation;Carbamidomethylation","C10:Deamidation (NQ):1000.00",P01490|SCXA_MESEU,DB Search
DGYIADDKDC(+57.02)AYFC(+57.02)GRNAYC(+57.02)DEEC(+57.02)K,110.32,3094.1838,25,0.5,774.55359,4,37.4968,22906,Vasilevskiy_L_different_L076_RZ_20240206_AV-1.raw,3.18E6,1,1,"Carbamidomethylation;Carbamidomethylation;Carbamidomethylation;Carbamidomethylation",,P01490|SCXA_MESEU,DB Search
DGYIADDKDC(+57.02)AYFC(+57.02)GRNAYC(+57.02)DEEC(+57.02)KK,113.40,3222.2788,26,-0.1,806.57684,4,32.9106,19152,Vasilevskiy_L_different_L076_RZ_20240206_AV-1.raw,2.02E6,1,1,"Carbamidomethylation;Carbamidomethylation;Carbamidomethylation;Carbamidomethylation",,P01490|SCXA_MESEU,DB Search
DGYIADDKN,93.26,1009.4352,9,0.3,505.72504,2,19.8384,9148,Vasilevskiy_L_different_L076_RZ_20240206_AV-1.raw,7.04E5,1,1,"",,Q95P69|SCAA_MESMA:D8UWD3|SCXN7_MESEU:A0A0B5GD34|A0A0B5GD34_MESEU:Q1EG63|Q1EG63_MESMA:A0A5P8U2M8|A0A5P8U2M8_MESEU:A0A143FHE4|A0A143FHE4_MESEU:Q4TUA4|SCA4_MESMA:A0A5P8U2Q8|A0A5P8U2Q8_MESEU:Q49S27|Q49S27_MESMA:Q9GNG8|SC15_MESMA:P86408|SCXN1_MESEU:Q9GUA7|SCA3_MESMA:P82815|SCBK_MESMA:Q9GYX2|SCA1_MESMA,DB Search
DGYIADDKN(+0.98)C(+57.02)AYFC(+57.02)GR,105.00,1924.7720,16,7.2,963.40015,2,40.5780,24376,Vasilevskiy_L_different_L076_RZ_20240206_AV-1.raw,8.46E6,2,2,"Deamidation (NQ);Carbamidomethylation;Carbamidomethylation","N9:Deamidation (NQ):1000.00",Q9GNG8|SC15_MESMA:P86408|SCXN1_MESEU:Q9GUA7|SCA3_MESMA:Q95P69|SCAA_MESMA:A0A0B5GD34|A0A0B5GD34_MESEU:D8UWD3|SCXN7_MESEU:Q1EG63|Q1EG63_MESMA:P82815|SCBK_MESMA:Q4TUA4|SCA4_MESMA:A0A143FHE4|A0A143FHE4_MESEU:Q49S27|Q49S27_MESMA,DB Search
DGYIADDKNC(+57.02)AY,101.65,1403.5663,12,0.3,702.79065,2,32.4325,18857,Vasilevskiy_L_different_L076_RZ_20240206_AV-1.raw,2.4E7,2,2,"Carbamidomethylation",,Q9GNG8|SC15_MESMA:P86408|SCXN1_MESEU:Q9GUA7|SCA3_MESMA:Q95P69|SCAA_MESMA:A0A0B5GD34|A0A0B5GD34_MESEU:D8UWD3|SCXN7_MESEU:Q1EG63|Q1EG63_MESMA:P82815|SCBK_MESMA:Q4TUA4|SCA4_MESMA:A0A143FHE4|A0A143FHE4_MESEU:Q49S27|Q49S27_MESMA,DB Search
DGYIADDKNC(+57.02)AYF,109.83,1550.6348,13,0.3,776.32489,2,49.1287,31983,Vasilevskiy_L_different_L076_RZ_20240206_AV-1.raw,4.21E6,1,1,"Carbamidomethylation",,Q9GNG8|SC15_MESMA:P86408|SCXN1_MESEU:Q9GUA7|SCA3_MESMA:Q95P69|SCAA_MESMA:A0A0B5GD34|A0A0B5GD34_MESEU:D8UWD3|SCXN7_MESEU:Q1EG63|Q1EG63_MESMA:P82815|SCBK_MESMA:Q4TUA4|SCA4_MESMA:A0A143FHE4|A0A143FHE4_MESEU:Q49S27|Q49S27_MESMA,DB Search
DGYIADDKNC(+57.02)AYFC(+57.02),96.40,1710.6654,14,0.5,856.34039,2,45.0426,28659,Vasilevskiy_L_different_L076_RZ_20240206_AV-1.raw,2.2E7,1,1,"Carbamidomethylation;Carbamidomethylation",,Q9GNG8|SC15_MESMA:P86408|SCXN1_MESEU:Q9GUA7|SCA3_MESMA:Q95P69|SCAA_MESMA:A0A0B5GD34|A0A0B5GD34_MESEU:D8UWD3|SCXN7_MESEU:Q1EG63|Q1EG63_MESMA:P82815|SCBK_MESMA:Q4TUA4|SCA4_MESMA:A0A143FHE4|A0A143FHE4_MESEU:Q49S27|Q49S27_MESMA,DB Search
DGYIADDKNC(+57.02)AYFC(+57.02)GR,105.56,1923.7880,16,2.2,642.27136,3,49.5202,32463,Vasilevskiy_L_different_L076_RZ_20240206_AV-1.raw,2.91E10,35,35,"Carbamidomethylation;Carbamidomethylation",,Q9GNG8|SC15_MESMA:P86408|SCXN1_MESEU:Q9GUA7|SCA3_MESMA:Q95P69|SCAA_MESMA:A0A0B5GD34|A0A0B5GD34_MESEU:D8UWD3|SCXN7_MESEU:Q1EG63|Q1EG63_MESMA:P82815|SCBK_MESMA:Q4TUA4|SCA4_MESMA:A0A143FHE4|A0A143FHE4_MESEU:Q49S27|Q49S27_MESMA,DB Search
DGYIADDKNC(+57.02)AYFC(+57.02)GRN(+0.98)AYC(+57.02)DEEC(+57.02)K,105.02,3094.1838,25,-2.6,1032.39917,3,37.4863,22920,Vasilevskiy_L_different_L076_RZ_20240206_AV-1.raw,1.5E6,1,1,"Carbamidomethylation;Carbamidomethylation;Deamidation (NQ);Carbamidomethylation;Carbamidomethylation","C10:Deamidation (NQ):118.18",P86408|SCXN1_MESEU:A0A0B5GD34|A0A0B5GD34_MESEU:D8UWD3|SCXN7_MESEU:A0A143FHE4|A0A143FHE4_MESEU,DB Search
DGYIADDKNC(+57.02)AYFC(+57.02)GRN(+0.98)AYC(+57.02)DEEC(+57.02)KK,105.22,3222.2788,26,-0.1,806.57684,4,32.9106,19212,Vasilevskiy_L_different_L076_RZ_20240206_AV-1.raw,2.57E6,2,2,"Carbamidomethylation;Carbamidomethylation;Deamidation (NQ);Carbamidomethylation;Carbamidomethylation","C10:Deamidation (NQ):97.31",P86408|SCXN1_MESEU:A0A0B5GD34|A0A0B5GD34_MESEU:D8UWD3|SCXN7_MESEU:A0A143FHE4|A0A143FHE4_MESEU,DB Search
DGYIADDKNC(+57.02)AYFC(+57.02)GRNAYC(+57.02)DEEC(+57.02)K,92.40,3093.1997,25,-6.0,1032.06763,3,38.1080,23397,Vasilevskiy_L_different_L076_RZ_20240206_AV-1.raw,,0,0,"Carbamidomethylation;Carbamidomethylation;Carbamidomethylation;Carbamidomethylation",,P86408|SCXN1_MESEU:A0A0B5GD34|A0A0B5GD34_MESEU:D8UWD3|SCXN7_MESEU:A0A143FHE4|A0A143FHE4_MESEU,DB Search
DGYIADDKNC(+57.02)PYFC(+57.02)GR,108.17,1949.8036,16,0.2,975.90924,2,39.6925,24619,Vasilevskiy_L_different_L076_RZ_20240206_AV-1.raw,2.32E8,4,4,"Carbamidomethylation;Carbamidomethylation",,Q9GYX2|SCA1_MESMA,DB Search
DGYIADDKNC(+57.02)VYEC(+57.02)YN(+0.98)PKGSYC(+57.02)NDLC(+57.02)TK,108.45,3422.3835,28,3.0,856.60571,4,45.1515,28961,Vasilevskiy_L_different_L076_RZ_20240206_AV-1.raw,,0,0,"Carbamidomethylation;Carbamidomethylation;Deamidation (NQ);Carbamidomethylation;Carbamidomethylation","C10:Deamidation (NQ):2.37",A0A5P8U2Q8|A0A5P8U2Q8_MESEU,DB Search
DGYIAN(+0.98)DRN(+0.98)C(+57.02)VYTC(+57.02)AL,85.12,1905.7874,16,-4.3,953.89685,2,47.9981,31237,Vasilevskiy_L_different_L076_RZ_20240206_AV-1.raw,3.23E5,1,1,"Deamidation (NQ);Deamidation (NQ);Carbamidomethylation;Carbamidomethylation","N6:Deamidation (NQ):1000.00;N9:Deamidation (NQ):1000.00",D8UWD8|SCXN9_MESEU,DB Search
DGYIMGDR,96.36,925.3964,8,0.6,463.70572,2,27.6791,14937,Vasilevskiy_L_different_L076_RZ_20240206_AV-1.raw,2.62E7,2,2,"",,E4VNZ8|E4VNZ8_MESEU:A0A1E1WW02|A0A1E1WW02_TITOB:E4VNZ7|E4VNZ7_MESEU:A0A2I9LP83|A0A2I9LP83_9SCOR:A0A0U4HEU8|A0A0U4HEU8_ODODO:A0A0K0LC99|A0A0K0LC99_9SCOR:A0A2I9LP73|A0A2I9LP73_9SCOR,DB Search
DGYIVDDKNC(+57.02)AYFC(+57.02)GR,103.68,1951.8192,16,-5.3,651.61023,3,40.3283,25617,Vasilevskiy_L_different_L076_RZ_20240206_AV-1.raw,9.37E7,1,1,"Carbamidomethylation;Carbamidomethylation",,G4V3T9|SCAA2_MESMA,DB Search
DGYIVDDKNC(+57.02)TFFC(+57.02)GR,47.83,1965.8350,16,1.2,656.28638,3,45.3427,29097,Vasilevskiy_L_different_L076_RZ_20240206_AV-1.raw,9.23E5,1,1,"Carbamidomethylation;Carbamidomethylation",,P01481|SCX5_LEIQU:M1JMR8|SCX8_ANDCR:Q9BLM4|SCXA_ANDAU,DB Search
DGYPVD,23.07,664.2704,6,-6.7,665.27325,1,38.9409,23965,Vasilevskiy_L_different_L076_RZ_20240206_AV-1.raw,2.81E5,1,1,"",,P0C5J7|SCXT_PARLS:A0A2I9LP94|A0A2I9LP94_9SCOR:P0DUI1|SCX16_CENTE:P46066|SCXV_CENSC:A0A2I9LP93|A0A2I9LP93_9SCOR:P58296|SCXB_CENNO:B7SNV8|SCX8_PARGR:P58779|SCX5_CENSC:P0CI53|SNAAL_LYCMC,DB Search
DHGAGC(+57.02)GYC(+57.02)TGYQDVSC(+57.02)LC(+57.02)LESPK,105.14,2733.0928,24,-1.2,912.03711,3,48.9166,31967,Vasilevskiy_L_different_L076_RZ_20240206_AV-1.raw,4.59E5,1,1,"Carbamidomethylation;Carbamidomethylation;Carbamidomethylation;Carbamidomethylation",,E4VP01|E4VP01_MESEU,DB Search
DIHNWVPTWSR,102.24,1409.6840,11,0.8,470.90231,3,56.0241,37755,Vasilevskiy_L_different_L076_RZ_20240206_AV-1.raw,1.54E5,1,1,"",,Q9NBW2|SCBT_MESMA,DB Search
DIN(+0.98)GGM(+15.99)LQVSDLANHLK,103.28,1840.8989,17,-1.2,921.45563,2,52.9020,35237,Vasilevskiy_L_different_L076_RZ_20240206_AV-1.raw,5.32E5,2,2,"Deamidation (NQ);Oxidation (M)","N3:Deamidation (NQ):41.87",P86100|HYAL1_MESMA,DB Search
DIN(+0.98)GGMLQVSDLAN(+0.98)HLK,104.99,1825.8879,17,1.0,609.63721,3,55.1865,37082,Vasilevskiy_L_different_L076_RZ_20240206_AV-1.raw,,0,0,"Deamidation (NQ);Deamidation (NQ)","N3:Deamidation (NQ):23.70;N14:Deamidation (NQ):56.47",P86100|HYAL1_MESMA,DB Search
DIN(+0.98)GGMLQVSDLANHLK,100.05,1824.9039,17,0.2,609.30872,3,62.5124,43339,Vasilevskiy_L_different_L076_RZ_20240206_AV-1.raw,2.13E7,3,3,"Deamidation (NQ)","N3:Deamidation (NQ):12.72",P86100|HYAL1_MESMA,DB Search
DINGGM(+15.99)LQVSDLANHLK,103.71,1839.9149,17,0.9,614.31281,3,51.6263,34095,Vasilevskiy_L_different_L076_RZ_20240206_AV-1.raw,2.85E6,2,2,"Oxidation (M)","M6:Oxidation (M):1000.00",P86100|HYAL1_MESMA,DB Search
DINGGMLQ(+0.98)VSDLANHLK,62.33,1824.9039,17,-0.9,609.30804,3,62.9284,43443,Vasilevskiy_L_different_L076_RZ_20240206_AV-1.raw,4.71E4,1,1,"Deamidation (NQ)","Q8:Deamidation (NQ):0.00",P86100|HYAL1_MESMA,DB Search
DINGGMLQISDLANHLK,108.04,1837.9355,17,1.6,919.97650,2,62.5748,43162,Vasilevskiy_L_different_L076_RZ_20240206_AV-1.raw,8.22E5,2,2,"",,A0A7T9L322|A0A7T9L322_ANDCR,DB Search
DINGGMLQVSDLAN(+0.98)HLK,104.97,1824.9039,17,-0.3,609.30841,3,54.6108,36480,Vasilevskiy_L_different_L076_RZ_20240206_AV-1.raw,9.99E6,3,3,"Deamidation (NQ)","N14:Deamidation (NQ):62.39",P86100|HYAL1_MESMA,DB Search
DINGGMLQVSDLANHLK,110.46,1823.9199,17,1.6,608.98157,3,61.0740,41741,Vasilevskiy_L_different_L076_RZ_20240206_AV-1.raw,9.11E7,3,3,"",,P86100|HYAL1_MESMA,DB Search
DKDVTIWN(+0.98)AVK,104.08,1288.6663,11,0.1,430.56274,3,47.8624,31176,Vasilevskiy_L_different_L076_RZ_20240206_AV-1.raw,2.08E5,2,2,"Deamidation (NQ)","N8:Deamidation (NQ):1000.00",Q6WJF5|LV1A_MESMA:A0A146CJ25|A0A146CJ25_MESEU,DB Search
DKDVTIWNAVK,94.21,1287.6823,11,0.1,644.84845,2,43.4185,27502,Vasilevskiy_L_different_L076_RZ_20240206_AV-1.raw,3.69E6,2,2,"",,Q6WJF5|LV1A_MESMA:A0A146CJ25|A0A146CJ25_MESEU,DB Search
DKNC(+57.02)AYFC(+57.02)GR,104.21,1289.5281,10,-0.6,430.84973,3,22.5823,11255,Vasilevskiy_L_different_L076_RZ_20240206_AV-1.raw,2.04E5,1,1,"Carbamidomethylation;Carbamidomethylation",,G4V3T9|SCAA2_MESMA:Q9GNG8|SC15_MESMA:P86408|SCXN1_MESEU:Q9GUA7|SCA3_MESMA:Q95P69|SCAA_MESMA:A0A0B5GD34|A0A0B5GD34_MESEU:D8UWD3|SCXN7_MESEU:Q1EG63|Q1EG63_MESMA:P82815|SCBK_MESMA:Q4TUA4|SCA4_MESMA:A0A143FHE4|A0A143FHE4_MESEU:Q49S27|Q49S27_MESMA,DB Search
DKVPIK,20.64,698.4327,6,0.6,350.22382,2,16.9307,6703,Vasilevskiy_L_different_L076_RZ_20240206_AV-1.raw,3.94E6,1,1,"",,A0A0U4RZC4|A0A0U4RZC4_ODODO:M1JB54|SCX7_ANDCR:P86408|SCXN1_MESEU:P15224|SCX1_ORTSC:A0A0K0LBU4|A0A0K0LBU4_9SCOR:A0A0B5GD34|A0A0B5GD34_MESEU:D8UWD3|SCXN7_MESEU:D5HR49|D5HR49_9SCOR:A0A143FHE4|A0A143FHE4_MESEU:Q86SE0|SCX2_ANDAM,DB Search
DKVPIR,21.71,726.4388,6,0.1,364.22672,2,26.6644,14313,Vasilevskiy_L_different_L076_RZ_20240206_AV-1.raw,,0,0,"",,P56569|MKTX1_MESMA:Q56TT9|SCIT_HOTJU:Q86BW9|MKTX2_MESMA:A0A0K0LBX2|A0A0K0LBX2_9SCOR:A0A7D5FUD4|A0A7D5FUD4_MESEU:P0DJH8|SCX1_BUTMA:F0V3W0|F0V3W0_HOTJU:Q49S27|Q49S27_MESMA:P0DQN9|DEL2A_HOTJU:Q9GNG8|SC15_MESMA:P0DMH9|SCX47_MESMA:Q9GUA7|SCA3_MESMA:Q9GYX2|SCA1_MESMA:D5HR55|D5HR55_HOTJU:B8XGY7|B8XGY7_BUTOS:B8XGY1|B8XGY1_BUTOS:P01483|SCX2_BUTOC:Q95P69|SCAA_MESMA:P84614|SCX28_HOTTS:A0A146CJC0|A0A146CJC0_MESEU:P86403|SCXN2_MESEU:Q4TUA4|SCA4_MESMA:P01489|SCX4_LEIQU:P59896|SCXI_BUTOM:G4V3T9|SCAA2_MESMA:A0A146CJ90|A0A146CJ90_MESEU:F1CJ53|F1CJ53_HOTJU:D8UWD8|SCXN9_MESEU:P83644|SCX4_LEIHE:P82815|SCBK_MESMA:P59853|MKTX3_MESMA,DB Search
DLANHLK,78.40,809.4395,7,0.5,405.72723,2,19.5016,8847,Vasilevskiy_L_different_L076_RZ_20240206_AV-1.raw,,0,0,"",,F1CIW6|F1CIW6_HOTJU:P86100|HYAL1_MESMA:A0A7T9L322|A0A7T9L322_ANDCR,DB Search
DLC(+57.02)TEN(+0.98)GAESGYC(+57.02)Q(+0.98)ILGKYGN(+0.98)AC(+57.02)WC(+57.02)IQLPDNVPIR,26.55,4073.7903,35,2.2,1358.94043,3,65.2652,45384,Vasilevskiy_L_different_L076_RZ_20240206_AV-1.raw,,0,0,"Carbamidomethylation;Deamidation (NQ);Carbamidomethylation;Deamidation (NQ);Deamidation (NQ); more","C3:Deamidation (NQ):6.88;N6:Deamidation (NQ):10.23;C13:Deamidation (NQ):6.67",P09981|SCX9_MESEU,DB Search
DLC(+57.02)TEN(+0.98)GAESGYC(+57.02)QILGK,105.02,2014.8612,18,-0.9,1008.43701,2,49.3182,32322,Vasilevskiy_L_different_L076_RZ_20240206_AV-1.raw,9.07E4,1,1,"Carbamidomethylation;Deamidation (NQ);Carbamidomethylation","C3:Deamidation (NQ):64.00",P09981|SCX9_MESEU,DB Search
DLC(+57.02)TENGAESGYC(+57.02)QILGK,105.02,2013.8772,18,0.4,1007.94629,2,48.9503,31968,Vasilevskiy_L_different_L076_RZ_20240206_AV-1.raw,,0,0,"Carbamidomethylation;Carbamidomethylation",,P09981|SCX9_MESEU,DB Search
DLDTGEC(+57.02)ITIC(+57.02)QC(+57.02)SK,24.31,1798.7535,15,-1.9,900.38232,2,39.1526,24194,Vasilevskiy_L_different_L076_RZ_20240206_AV-1.raw,,0,0,"Carbamidomethylation;Carbamidomethylation;Carbamidomethylation",,E4VP39|E4VP39_MESEU,DB Search
DLKDVDVQDMER,100.72,1461.6769,12,0.1,488.23297,3,35.6407,21433,Vasilevskiy_L_different_L076_RZ_20240206_AV-1.raw,9.84E5,2,2,"",,A0A1E1WWC5|A0A1E1WWC5_TITOB,DB Search
DLPDNVPIRVPGK,94.55,1418.7881,13,-0.7,710.40082,2,52.4145,34725,Vasilevskiy_L_different_L076_RZ_20240206_AV-1.raw,8.67E5,1,1,"",,Q1EG64|Q1EG64_MESMA:Q9GQW3|SC12_MESMA:Q1EG65|Q1EG65_MESMA,DB Search
DLPLIAIDSFR,94.31,1258.6921,11,0.9,630.35388,2,68.0962,47766,Vasilevskiy_L_different_L076_RZ_20240206_AV-1.raw,4.59E5,1,1,"",,A0A2I9LNZ2|A0A2I9LNZ2_9SCOR,DB Search
DLSDVDVQ(+0.98)EMERWRERILDAINIHH,35.65,3089.4988,25,5.3,773.38611,4,65.0406,45257,Vasilevskiy_L_different_L076_RZ_20240206_AV-1.raw,2.55E5,1,1,"Deamidation (NQ)","Q8:Deamidation (NQ):50.91",C6H0Z9|C6H0Z9_PANIM,DB Search
DLTDYLMK,98.91,997.4790,8,0.6,499.74707,2,57.0811,38577,Vasilevskiy_L_different_L076_RZ_20240206_AV-1.raw,6.42E5,1,1,"",,A0A1W7RB59|A0A1W7RB59_9SCOR:E6Y2S5|E6Y2S5_MESMA:A0A1W7RB46|A0A1W7RB46_9SCOR:A0A2I9LNI8|A0A2I9LNI8_9SCOR:A0A2I9LNM3|A0A2I9LNM3_9SCOR,DB Search
DLYAN(+0.98)TVLSGGTTMYPGIADR,57.91,2215.0466,21,7.3,739.36157,3,62.7603,43303,Vasilevskiy_L_different_L076_RZ_20240206_AV-1.raw,,0,0,"Deamidation (NQ)","N5:Deamidation (NQ):1000.00",A0A1W7RB59|A0A1W7RB59_9SCOR:E6Y2S5|E6Y2S5_MESMA:A0A1W7RB46|A0A1W7RB46_9SCOR:A0A2I9LNI8|A0A2I9LNI8_9SCOR:A0A0K0LCC7|A0A0K0LCC7_9SCOR:C5J8B7|C5J8B7_OPICY:A0A2I9LNM3|A0A2I9LNM3_9SCOR,DB Search
DLYANTVLSGGTTMYPGIADR,112.55,2214.0627,21,-0.6,1108.03796,2,62.7208,43300,Vasilevskiy_L_different_L076_RZ_20240206_AV-1.raw,1.7E4,1,1,"",,A0A1W7RB59|A0A1W7RB59_9SCOR:E6Y2S5|E6Y2S5_MESMA:A0A1W7RB46|A0A1W7RB46_9SCOR:A0A2I9LNI8|A0A2I9LNI8_9SCOR:A0A0K0LCC7|A0A0K0LCC7_9SCOR:C5J8B7|C5J8B7_OPICY:A0A2I9LNM3|A0A2I9LNM3_9SCOR,DB Search
DMDTMKY,81.13,902.3514,7,1.6,452.18369,2,30.0971,16964,Vasilevskiy_L_different_L076_RZ_20240206_AV-1.raw,1.31E6,1,1,"",,Q6JQN2|NDB44_MESMA:A0A0U1S7U5|A0A0U1S7U5_LYCMC:E4VP07|NDB46_MESEU:A0A146CJ26|A0A146CJ26_MESEU:Q9GQW4|NDB4U_MESMA,DB Search
DMKVEAVSC(+57.02)EDC(+57.02)PEHC(+57.02)ATK,105.02,2264.9170,19,-0.1,755.97955,3,22.8444,11518,Vasilevskiy_L_different_L076_RZ_20240206_AV-1.raw,2.74E6,2,2,"Carbamidomethylation;Carbamidomethylation;Carbamidomethylation",,E4VP43|KAX8R_MESEU:P86400|KAX86_MESEU,DB Search
DN(+0.98)GYLLDKYTGC(+57.02)K,104.98,1546.6974,13,1.3,516.57373,3,43.2058,27186,Vasilevskiy_L_different_L076_RZ_20240206_AV-1.raw,1.77E8,8,8,"Deamidation (NQ);Carbamidomethylation","N2:Deamidation (NQ):1000.00",F6K6F3|F6K6F3_MESEU:Q9UAC9|SCAS_MESMA:P86406|SCXNF_MESEU:E4VP18|E4VP18_MESEU,DB Search
DN(+0.98)GYLLN(+0.98)K,91.91,937.4393,8,0.4,469.72711,2,34.1998,20277,Vasilevskiy_L_different_L076_RZ_20240206_AV-1.raw,7.4E7,3,3,"Deamidation (NQ);Deamidation (NQ)","N2:Deamidation (NQ):1000.00;N7:Deamidation (NQ):1000.00",A0A5P8U2P2|A0A5P8U2P2_MESEU:P0C5H3|SCB1_LEIHE:Q9UAC8|SCAT_MESMA,DB Search
DN(+0.98)TIC(+57.02)WVQK,99.65,1163.5281,9,4.8,582.77411,2,41.1131,25747,Vasilevskiy_L_different_L076_RZ_20240206_AV-1.raw,1.68E7,3,3,"Deamidation (NQ);Carbamidomethylation","N2:Deamidation (NQ):53.33",E4VP53|E4VP53_MESEU:E4VP49|E4VP49_MESEU,DB Search
DNFRPPQPLNGR,102.09,1409.7163,12,1.1,470.91324,3,32.3951,18798,Vasilevskiy_L_different_L076_RZ_20240206_AV-1.raw,4.57E4,1,1,"",,A0A1W7RAS9|A0A1W7RAS9_9SCOR,DB Search
DNGYLLDKYTGC(+57.02)K,111.40,1545.7134,13,0.6,516.24536,3,43.3609,27622,Vasilevskiy_L_different_L076_RZ_20240206_AV-1.raw,1.04E9,7,7,"Carbamidomethylation",,F6K6F3|F6K6F3_MESEU:Q9UAC9|SCAS_MESMA:P86406|SCXNF_MESEU:E4VP18|E4VP18_MESEU,DB Search
DNGYLLDKYTGC(+57.02)KVWC(+57.02)VIN(+0.98)NESC(+57.02)NSEC(+57.02)K,104.56,3426.4624,28,4.7,857.62695,4,60.1672,41104,Vasilevskiy_L_different_L076_RZ_20240206_AV-1.raw,2.96E5,1,1,"Carbamidomethylation;Carbamidomethylation;Deamidation (NQ);Carbamidomethylation;Carbamidomethylation","C12:Deamidation (NQ):0.00",Q9UAC9|SCAS_MESMA:P86406|SCXNF_MESEU:E4VP18|E4VP18_MESEU,DB Search
DNGYLLDKYTGC(+57.02)KVWC(+57.02)VINNESC(+57.02)NSEC(+57.02)K,104.34,3425.4785,28,-3.5,857.37390,4,60.0849,41104,Vasilevskiy_L_different_L076_RZ_20240206_AV-1.raw,,0,0,"Carbamidomethylation;Carbamidomethylation;Carbamidomethylation;Carbamidomethylation",,Q9UAC9|SCAS_MESMA:P86406|SCXNF_MESEU:E4VP18|E4VP18_MESEU,DB Search
DNGYLLDKYTGC(+57.02)KVWC(+57.02)VINNESC(+57.02)NSEC(+57.02)KIR,117.57,3694.6636,30,0.8,924.67395,4,59.1780,40365,Vasilevskiy_L_different_L076_RZ_20240206_AV-1.raw,3.59E4,1,1,"Carbamidomethylation;Carbamidomethylation;Carbamidomethylation;Carbamidomethylation",,Q9UAC9|SCAS_MESMA:P86406|SCXNF_MESEU:E4VP18|E4VP18_MESEU,DB Search
DNGYLLN(+0.98)K,103.69,936.4553,8,-1.1,469.23438,2,30.9479,17654,Vasilevskiy_L_different_L076_RZ_20240206_AV-1.raw,4.63E8,4,4,"Deamidation (NQ)","N7:Deamidation (NQ):51.00",A0A5P8U2P2|A0A5P8U2P2_MESEU:P0C5H3|SCB1_LEIHE:Q9UAC8|SCAT_MESMA,DB Search
DNGYLLN(+0.98)KYTGC(+57.02)K,104.13,1545.7134,13,-0.3,516.24487,3,32.4112,18896,Vasilevskiy_L_different_L076_RZ_20240206_AV-1.raw,7.16E5,2,2,"Deamidation (NQ);Carbamidomethylation","N7:Deamidation (NQ):30.64",Q9UAC8|SCAT_MESMA,DB Search
DNNNYFLC(+57.02)HHK,104.95,1460.6255,11,-1.1,487.88193,3,23.4802,11937,Vasilevskiy_L_different_L076_RZ_20240206_AV-1.raw,,0,0,"Carbamidomethylation",,R4H5L6|R4H5L6_MESEU,DB Search
DNTIC(+57.02)WVQ,96.83,1034.4491,8,0.1,518.23187,2,51.9121,34262,Vasilevskiy_L_different_L076_RZ_20240206_AV-1.raw,1.93E6,1,1,"Carbamidomethylation",,E4VP53|E4VP53_MESEU:E4VP49|E4VP49_MESEU,DB Search
DNTIC(+57.02)WVQK,96.80,1162.5441,9,1.2,582.28003,2,39.0789,24132,Vasilevskiy_L_different_L076_RZ_20240206_AV-1.raw,1.41E8,1,1,"Carbamidomethylation",,E4VP53|E4VP53_MESEU:E4VP49|E4VP49_MESEU,DB Search
DPIFYR,84.48,809.4072,6,1.1,405.71130,2,36.0638,21827,Vasilevskiy_L_different_L076_RZ_20240206_AV-1.raw,1.13E6,1,1,"",,A0A1E1WVS7|A0A1E1WVS7_TITOB:C6H0Z5|C6H0Z5_PANIM:A0A1E1WVL6|A0A1E1WVL6_TITOB:A0A1W7RAE9|A0A1W7RAE9_9SCOR:C6H0Z8|C6H0Z8_PANIM:C6H0Z6|C6H0Z6_PANIM:C6H102|C6H102_PANIM:P80476|HCY6_ANDAU:A0A1E1WVN1|A0A1E1WVN1_TITOB:A0A2I9LP14|A0A2I9LP14_9SCOR:C6H0Z9|C6H0Z9_PANIM:A0A1E1WVP7|A0A1E1WVP7_TITOB:C6H101|C6H101_PANIM:C6H0Z7|C6H0Z7_PANIM:A0A1E1WWA7|A0A1E1WWA7_TITOB:A0A1W7RAG7|A0A1W7RAG7_9SCOR:A0A1W7RAD3|A0A1W7RAD3_9SCOR:A0A1W7RAE8|A0A1W7RAE8_9SCOR:C6H100|C6H100_PANIM:A0A1W7RAD7|A0A1W7RAD7_9SCOR:A0A2I9LP22|A0A2I9LP22_9SCOR:A0A1E1WW95|A0A1E1WW95_TITOB:A0A1E1WWC5|A0A1E1WWC5_TITOB:A0A1W7RAE6|A0A1W7RAE6_9SCOR,DB Search
DQLYPDRR,96.65,1061.5254,8,0.4,531.77020,2,19.7384,9071,Vasilevskiy_L_different_L076_RZ_20240206_AV-1.raw,4.95E5,2,2,"",,A0A1E1WVL6|A0A1E1WVL6_TITOB,DB Search
DQPSQYFC(+57.02)K,104.02,1171.4968,9,0.7,586.75610,2,29.3721,16546,Vasilevskiy_L_different_L076_RZ_20240206_AV-1.raw,6.93E7,1,1,"Carbamidomethylation",,A0A7T9L322|A0A7T9L322_ANDCR,DB Search
DQTPVIQLGWGEFAK,96.54,1687.8569,15,0.4,563.62646,3,67.0480,46873,Vasilevskiy_L_different_L076_RZ_20240206_AV-1.raw,5.95E5,1,1,"",,E4VP22|E4VP22_MESEU:E4VP23|E4VP23_MESEU:E4VP49|E4VP49_MESEU,DB Search
DRN(+0.98)C(+57.02)VYTC(+57.02)ALN(+0.98)PYC(+57.02)DSEC(+57.02)K,103.71,2425.9282,19,7.8,809.65637,3,41.6248,26186,Vasilevskiy_L_different_L076_RZ_20240206_AV-1.raw,,0,0,"Deamidation (NQ);Carbamidomethylation;Carbamidomethylation;Deamidation (NQ);Carbamidomethylation; more","N3:Deamidation (NQ):1000.00;C4:Deamidation (NQ):1000.00",D8UWD8|SCXN9_MESEU:P09982|SCXE_MESEU:P86403|SCXN2_MESEU,DB Search
DRN(+0.98)C(+57.02)VYTC(+57.02)ALNPYC(+57.02)DSEC(+57.02)K,104.46,2424.9443,19,-2.2,809.32025,3,41.7276,26186,Vasilevskiy_L_different_L076_RZ_20240206_AV-1.raw,1.49E6,1,1,"Deamidation (NQ);Carbamidomethylation;Carbamidomethylation;Carbamidomethylation;Carbamidomethylation","N3:Deamidation (NQ):78.75",D8UWD8|SCXN9_MESEU:P09982|SCXE_MESEU:P86403|SCXN2_MESEU,DB Search
DRN(+0.98)C(+57.02)VYTC(+57.02)ALNPYC(+57.02)DSEC(+57.02)KK,105.02,2553.0393,20,-0.1,852.02026,3,35.3578,21169,Vasilevskiy_L_different_L076_RZ_20240206_AV-1.raw,8.11E6,2,2,"Deamidation (NQ);Carbamidomethylation;Carbamidomethylation;Carbamidomethylation;Carbamidomethylation","N3:Deamidation (NQ):150.63",D8UWD8|SCXN9_MESEU:P09982|SCXE_MESEU:P86403|SCXN2_MESEU,DB Search
DRN(+0.98)C(+57.02)VYTC(+57.02)ALNPYC(+57.02)N(+0.98)SEC(+57.02)K,105.04,2424.9443,19,-0.6,809.32159,3,41.5590,26137,Vasilevskiy_L_different_L076_RZ_20240206_AV-1.raw,,0,0,"Deamidation (NQ);Carbamidomethylation;Carbamidomethylation;Carbamidomethylation;Deamidation (NQ); more","N3:Deamidation (NQ):97.31;C4:Deamidation (NQ):67.69",A0A146CJ08|A0A146CJ08_MESEU,DB Search
DRNC(+57.02)VYTC(+57.02)ALN(+0.98)PYC(+57.02)DSEC(+57.02)KK,91.27,2553.0393,20,9.8,639.27338,4,34.1249,20234,Vasilevskiy_L_different_L076_RZ_20240206_AV-1.raw,,0,0,"Carbamidomethylation;Carbamidomethylation;Deamidation (NQ);Carbamidomethylation;Carbamidomethylation","C4:Deamidation (NQ):0.00",D8UWD8|SCXN9_MESEU:P09982|SCXE_MESEU:P86403|SCXN2_MESEU,DB Search
DRNC(+57.02)VYTC(+57.02)ALNPYC(+57.02)DSEC(+57.02)K,110.41,2423.9602,19,-5.2,808.98981,3,41.6719,26220,Vasilevskiy_L_different_L076_RZ_20240206_AV-1.raw,5.13E6,1,1,"Carbamidomethylation;Carbamidomethylation;Carbamidomethylation;Carbamidomethylation",,D8UWD8|SCXN9_MESEU:P09982|SCXE_MESEU:P86403|SCXN2_MESEU,DB Search
DRNC(+57.02)VYTC(+57.02)ALNPYC(+57.02)DSEC(+57.02)KK,109.30,2552.0552,20,-0.2,639.02094,4,34.2822,20234,Vasilevskiy_L_different_L076_RZ_20240206_AV-1.raw,1.45E7,2,2,"Carbamidomethylation;Carbamidomethylation;Carbamidomethylation;Carbamidomethylation",,D8UWD8|SCXN9_MESEU:P09982|SCXE_MESEU:P86403|SCXN2_MESEU,DB Search
DRNC(+57.02)VYTC(+57.02)ALNPYC(+57.02)N(+0.98)SEC(+57.02)K,96.51,2423.9602,19,-0.4,1212.98694,2,40.4064,25231,Vasilevskiy_L_different_L076_RZ_20240206_AV-1.raw,3.6E5,1,1,"Carbamidomethylation;Carbamidomethylation;Carbamidomethylation;Deamidation (NQ);Carbamidomethylation","C4:Deamidation (NQ):109.97",A0A146CJ08|A0A146CJ08_MESEU,DB Search
DSEFSETLK,93.69,1054.4818,9,-1.1,528.24762,2,31.2611,17882,Vasilevskiy_L_different_L076_RZ_20240206_AV-1.raw,,0,0,"",,E4VP53|E4VP53_MESEU,DB Search
DSEFSQ(+0.98)TLK,100.03,1054.4818,9,0.1,528.24823,2,31.0535,17641,Vasilevskiy_L_different_L076_RZ_20240206_AV-1.raw,9.42E7,2,2,"Deamidation (NQ)","Q6:Deamidation (NQ):1000.00",E4VP22|E4VP22_MESEU:E4VP23|E4VP23_MESEU:E4VP49|E4VP49_MESEU,DB Search
DSEFSQTLK,94.23,1053.4978,9,-1.1,527.75562,2,28.3876,15667,Vasilevskiy_L_different_L076_RZ_20240206_AV-1.raw,7.43E5,1,1,"",,E4VP22|E4VP22_MESEU:E4VP23|E4VP23_MESEU:E4VP49|E4VP49_MESEU,DB Search
DSTLIMQLLR,81.10,1188.6537,10,0.8,595.33459,2,68.5260,48165,Vasilevskiy_L_different_L076_RZ_20240206_AV-1.raw,1.05E5,1,1,"",,A0A1W7RB75|A0A1W7RB75_9SCOR:A0A0U1TZ92|A0A0U1TZ92_ISOMC:A0A1W7RB80|A0A1W7RB80_9SCOR,DB Search
DSWTQLY,24.72,911.4025,7,-0.1,456.70850,2,60.0630,41086,Vasilevskiy_L_different_L076_RZ_20240206_AV-1.raw,,0,0,"",,A0A1E1WVV1|A0A1E1WVV1_TITOB:A0A218QX21|A0A218QX21_TITSE:A0A0C9RP88|A0A0C9RP88_TITBA:A0A2I9LNV7|A0A2I9LNV7_9SCOR:T1DPC1|T1DPC1_9SCOR:A0A0U1SCI0|A0A0U1SCI0_ISOMC,DB Search
DSWTQLYVC(+57.02),31.40,1170.5016,9,1.5,586.25891,2,62.5762,43150,Vasilevskiy_L_different_L076_RZ_20240206_AV-1.raw,2.76E5,1,1,"Carbamidomethylation",,A0A1E1WVV1|A0A1E1WVV1_TITOB:A0A218QX21|A0A218QX21_TITSE:A0A0C9RP88|A0A0C9RP88_TITBA:A0A2I9LNV7|A0A2I9LNV7_9SCOR:T1DPC1|T1DPC1_9SCOR,DB Search
DSYC(+57.02)NDLC(+57.02)TK,95.27,1274.4907,10,-0.5,638.25232,2,23.6177,11975,Vasilevskiy_L_different_L076_RZ_20240206_AV-1.raw,6.62E6,1,1,"Carbamidomethylation;Carbamidomethylation",,Q9BLM3|SCXB_ANDAU:P01487|SCX3_LEIQU,DB Search
DSYVGDEAQSK,96.40,1197.5149,11,0.1,599.76483,2,19.3510,8725,Vasilevskiy_L_different_L076_RZ_20240206_AV-1.raw,2.55E5,1,1,"",,A0A1W7RB59|A0A1W7RB59_9SCOR:E6Y2S5|E6Y2S5_MESMA:A0A1W7RB46|A0A1W7RB46_9SCOR:A0A2I9LNI8|A0A2I9LNI8_9SCOR:F1CJ72|F1CJ72_HOTJU:A0A2I9LNM3|A0A2I9LNM3_9SCOR,DB Search
DTIFLFK,92.00,882.4851,7,0.8,442.25018,2,62.3399,42917,Vasilevskiy_L_different_L076_RZ_20240206_AV-1.raw,2.15E5,1,1,"",,F1CJ13|F1CJ13_HOTJU,DB Search
DTLVDAVDC(+57.02)N(+0.98)VAQC(+57.02)DKDC(+57.02)K,100.50,2225.9238,19,9.8,742.98914,3,41.9422,26424,Vasilevskiy_L_different_L076_RZ_20240206_AV-1.raw,,0,0,"Carbamidomethylation;Deamidation (NQ);Carbamidomethylation;Carbamidomethylation","C9:Deamidation (NQ):47.09",A0A088DB18|A0A088DB18_MESEU,DB Search
DTLVDAVDC(+57.02)NVAQC(+57.02)DKDC(+57.02)K,105.02,2224.9399,19,-0.4,742.65356,3,42.0480,26413,Vasilevskiy_L_different_L076_RZ_20240206_AV-1.raw,1.25E6,1,1,"Carbamidomethylation;Carbamidomethylation;Carbamidomethylation",,A0A088DB18|A0A088DB18_MESEU,DB Search
DTTGTM(+15.99)GLC(+57.02)K,104.41,1098.4685,10,-0.2,550.24146,2,18.4414,7959,Vasilevskiy_L_different_L076_RZ_20240206_AV-1.raw,5.73E5,1,1,"Oxidation (M);Carbamidomethylation","M6:Oxidation (M):1000.00",C0HM60|KAX_BUTOC,DB Search
DTTGTMGLC(+57.02)K,97.14,1082.4736,10,0.2,542.24420,2,23.7058,11986,Vasilevskiy_L_different_L076_RZ_20240206_AV-1.raw,9.64E6,1,1,"Carbamidomethylation",,C0HM60|KAX_BUTOC,DB Search
DVDVQDMER,96.73,1105.4709,9,0.8,553.74323,2,28.2502,15552,Vasilevskiy_L_different_L076_RZ_20240206_AV-1.raw,1.29E6,1,1,"",,C6H0Z5|C6H0Z5_PANIM:A0A1W7RAE9|A0A1W7RAE9_9SCOR:C6H0Z6|C6H0Z6_PANIM:C6H0Z8|C6H0Z8_PANIM:A0A1E1WWC5|A0A1E1WWC5_TITOB:A0A1W7RAE6|A0A1W7RAE6_9SCOR,DB Search
DVGVNWVILGHSER,98.22,1579.8107,14,0.5,527.61108,3,57.2634,38790,Vasilevskiy_L_different_L076_RZ_20240206_AV-1.raw,1.28E5,1,1,"",,A0A8K1NDZ5|A0A8K1NDZ5_ANDCR:A0A8K1NCY9|A0A8K1NCY9_ANDCR,DB Search
DVIAPVASTVIQ,64.60,1211.6761,12,1.5,606.84625,2,55.7320,37534,Vasilevskiy_L_different_L076_RZ_20240206_AV-1.raw,3.25E5,1,1,"",,P86100|HYAL1_MESMA,DB Search
DVIAPVASTVIQ(+0.98)NVNR,104.90,1695.9155,16,-0.3,566.31226,3,60.2021,41203,Vasilevskiy_L_different_L076_RZ_20240206_AV-1.raw,9.4E5,2,2,"Deamidation (NQ)","Q12:Deamidation (NQ):17.01",P86100|HYAL1_MESMA,DB Search
DVIAPVASTVIQN(+0.98)VNR,110.71,1695.9155,16,-0.2,566.31232,3,61.5926,42255,Vasilevskiy_L_different_L076_RZ_20240206_AV-1.raw,4.93E5,3,3,"Deamidation (NQ)","N13:Deamidation (NQ):0.00",P86100|HYAL1_MESMA,DB Search
DVIAPVASTVIQNVN,65.98,1538.8304,15,0.9,770.42316,2,60.8342,41723,Vasilevskiy_L_different_L076_RZ_20240206_AV-1.raw,,0,0,"",,P86100|HYAL1_MESMA,DB Search
DVIAPVASTVIQNVNR,105.02,1694.9315,16,0.7,565.98486,3,58.1179,39230,Vasilevskiy_L_different_L076_RZ_20240206_AV-1.raw,3.48E8,2,2,"",,P86100|HYAL1_MESMA,DB Search
DVIVEFYAPWC(+57.02)GHC(+57.02)K,112.74,1879.8385,15,0.9,627.62067,3,63.5491,43962,Vasilevskiy_L_different_L076_RZ_20240206_AV-1.raw,6.5E4,1,1,"Carbamidomethylation;Carbamidomethylation",,A0A1W7R9Z2|A0A1W7R9Z2_9SCOR:A0AA49K9S2|A0AA49K9S2_9SCOR:A0A2I9LPF6|A0A2I9LPF6_9SCOR:F1CJ13|F1CJ13_HOTJU,DB Search
DVLVEFYAPWC(+57.02)GHC(+57.02)K,112.74,1879.8385,15,0.9,627.62067,3,63.5491,43962,Vasilevskiy_L_different_L076_RZ_20240206_AV-1.raw,6.5E4,1,1,"Carbamidomethylation;Carbamidomethylation",,A0AA49K9S1|A0AA49K9S1_9SCOR:A0A1W7R9Z7|A0A1W7R9Z7_9SCOR:A0A2I9LPF0|A0A2I9LPF0_9SCOR,DB Search
DVTIWN(+0.98)AVK,104.52,1045.5444,9,2.0,523.78052,2,57.5375,39008,Vasilevskiy_L_different_L076_RZ_20240206_AV-1.raw,3.71E7,2,2,"Deamidation (NQ)","N6:Deamidation (NQ):1000.00",Q6WJF5|LV1A_MESMA:A0A146CJ25|A0A146CJ25_MESEU,DB Search
DVTIWNAVK,104.75,1044.5604,9,0.8,523.28790,2,56.2944,37997,Vasilevskiy_L_different_L076_RZ_20240206_AV-1.raw,6.17E7,2,2,"",,Q6WJF5|LV1A_MESMA:A0A146CJ25|A0A146CJ25_MESEU,DB Search
DYGVLK,53.68,693.3697,6,1.0,347.69247,2,27.2036,14712,Vasilevskiy_L_different_L076_RZ_20240206_AV-1.raw,,0,0,"",,A0A2I9LPF5|A0A2I9LPF5_9SCOR:A0A087HCZ8|A0A087HCZ8_ARAAL,DB Search
DYLC(+57.02)DC(+57.02)IE,91.78,1086.3998,8,1.1,544.20776,2,47.0994,30533,Vasilevskiy_L_different_L076_RZ_20240206_AV-1.raw,4.65E5,1,1,"Carbamidomethylation;Carbamidomethylation",,A0A088D9U7|A0A088D9U7_MESEU,DB Search
DYLC(+57.02)DC(+57.02)IEK,98.20,1214.4948,9,0.1,608.25470,2,31.6177,18150,Vasilevskiy_L_different_L076_RZ_20240206_AV-1.raw,1.74E8,3,3,"Carbamidomethylation;Carbamidomethylation",,A0A088D9U7|A0A088D9U7_MESEU,DB Search
DYYGSLHNWGHVMMAR,110.80,1935.8508,16,0.4,646.29114,3,53.3229,35481,Vasilevskiy_L_different_L076_RZ_20240206_AV-1.raw,8.04E6,2,2,"",,C6H0Z6|C6H0Z6_PANIM:A0A2I9LP14|A0A2I9LP14_9SCOR:A0A1E1WW95|A0A1E1WW95_TITOB,DB Search
EAAAC(+57.02)YSSDC(+57.02)R,103.98,1288.4812,11,-1.0,645.24725,2,17.9561,7541,Vasilevskiy_L_different_L076_RZ_20240206_AV-1.raw,,0,0,"Carbamidomethylation;Carbamidomethylation",,A0A088DAE2|A0A088DAE2_MESEU,DB Search
EAEGSLIYHLC(+57.02)K,104.66,1418.6864,12,0.7,710.35095,2,54.6692,36658,Vasilevskiy_L_different_L076_RZ_20240206_AV-1.raw,,0,0,"Carbamidomethylation",,V9LLZ2|V9LLZ2_MESMA:V9LLN7|V9LLN7_MESMA:Q8MUB1|KA221_MESMA,DB Search
EAFGLIDVK,94.73,990.5386,9,0.1,496.27658,2,55.0701,36986,Vasilevskiy_L_different_L076_RZ_20240206_AV-1.raw,,0,0,"",,A0A088DAY7|A0A088DAY7_MESEU:B3EWY1|KA167_MESGB:F5CJW0|F5CJW0_MESEU:A0A088D9P9|A0A088D9P9_MESEU:A0A088DAC3|A0A088DAC3_MESEU:Q9NBG9|KA162_MESMA:D3JXM1|KA164_MESEU:Q8MQL0|KA163_MESMA,DB Search
EAGMTYGK,87.00,855.3796,8,1.1,428.69757,2,18.8243,8219,Vasilevskiy_L_different_L076_RZ_20240206_AV-1.raw,1.51E8,1,1,"",,A0A088DB48|A0A088DB48_MESEU:C0HJQ4|KAX3I_MESEU:A0A088D9R9|A0A088D9R9_MESEU,DB Search
EAIDMPR,54.41,830.3956,7,0.6,416.20532,2,26.1046,13942,Vasilevskiy_L_different_L076_RZ_20240206_AV-1.raw,1.02E6,1,1,"",,A0A1W7RAG2|A0A1W7RAG2_9SCOR,DB Search
EAIQLAGYTGK,100.44,1149.6029,11,0.6,575.80908,2,36.2398,21978,Vasilevskiy_L_different_L076_RZ_20240206_AV-1.raw,,0,0,"",,A0A7U1GK49|A0A7U1GK49_ANDCR,DB Search
EAQFTDVK,75.39,936.4553,8,-0.9,469.23450,2,22.2331,10984,Vasilevskiy_L_different_L076_RZ_20240206_AV-1.raw,,0,0,"",,H2ER23|KAX1F_MESMA:A0RZD1|A0RZD1_MESMA:C0HJQ8|KAX1G_MESEU:A0A143Q3Q3|A0A143Q3Q3_MESEU:Q9NII6|KAX15_MESMA:V9LLY8|V9LLY8_MESMA,DB Search
EAQFTNVSC(+57.02)SASSQC(+57.02)WPIC(+57.02)EK,105.02,2488.0457,21,1.6,830.35718,3,51.4477,34011,Vasilevskiy_L_different_L076_RZ_20240206_AV-1.raw,2.4E5,1,1,"Carbamidomethylation;Carbamidomethylation;Carbamidomethylation",,A0A088DAD7|A0A088DAD7_MESEU,DB Search
EASN(+0.98)HPDQ(+0.98)QSIVVEAEETGNILDPEYK,86.46,3013.3677,27,0.6,1005.46375,3,60.8887,41768,Vasilevskiy_L_different_L076_RZ_20240206_AV-1.raw,,0,0,"Deamidation (NQ);Deamidation (NQ)","N4:Deamidation (NQ):0.00;Q8:Deamidation (NQ):0.00",P80476|HCY6_ANDAU,DB Search
EASNHPDQ(+0.98)Q(+0.98)SIVVEAEETGNILDPEYK,106.40,3013.3677,27,4.8,1005.46796,3,60.7418,41655,Vasilevskiy_L_different_L076_RZ_20240206_AV-1.raw,1.46E5,1,1,"Deamidation (NQ);Deamidation (NQ)","Q8:Deamidation (NQ):4.08;Q9:Deamidation (NQ):3.36",P80476|HCY6_ANDAU,DB Search
EC(+57.02)ILSGLLSVSGK,100.19,1361.7224,13,0.1,681.86853,2,65.4202,45515,Vasilevskiy_L_different_L076_RZ_20240206_AV-1.raw,,0,0,"Carbamidomethylation",,A0A2I9LPI1|A0A2I9LPI1_9SCOR,DB Search
EC(+57.02)IVGK,22.65,704.3527,6,0.9,353.18393,2,18.3747,7922,Vasilevskiy_L_different_L076_RZ_20240206_AV-1.raw,1.4E5,1,1,"Carbamidomethylation",,A0A088DB12|A0A088DB12_MESEU,DB Search
EC(+57.02)NEHC(+57.02)K,60.62,975.3538,7,-2.6,488.68292,2,24.7719,12935,Vasilevskiy_L_different_L076_RZ_20240206_AV-1.raw,,0,0,"Carbamidomethylation;Carbamidomethylation",,A0A9P4PPI5|A0A9P4PPI5_9PLEO:E4VP20|E4VP20_MESEU,DB Search
EC(+57.02)WIAC(+57.02),31.72,837.3149,6,-0.2,838.32208,1,43.5540,27980,Vasilevskiy_L_different_L076_RZ_20240206_AV-1.raw,5.76E6,2,2,"Carbamidomethylation;Carbamidomethylation",,A0A088DAY7|A0A088DAY7_MESEU:A0A088D9P9|A0A088D9P9_MESEU,DB Search
EC(+57.02)WIAC(+57.02)K,83.54,965.4099,7,0.6,483.71252,2,29.2754,16285,Vasilevskiy_L_different_L076_RZ_20240206_AV-1.raw,9.74E8,2,2,"Carbamidomethylation;Carbamidomethylation",,A0A088DAY7|A0A088DAY7_MESEU:P0C173|KA161_HOTTA:A0A088D9P9|A0A088D9P9_MESEU:Q8MQL0|KA163_MESMA,DB Search
EC(+57.02)WVAC(+57.02),55.09,823.2993,6,0.5,412.65714,2,35.5744,21317,Vasilevskiy_L_different_L076_RZ_20240206_AV-1.raw,4.74E6,1,1,"Carbamidomethylation;Carbamidomethylation",,B3EWY1|KA167_MESGB:F5CJW0|F5CJW0_MESEU:A0A088DAC3|A0A088DAC3_MESEU:D3JXM1|KA164_MESEU,DB Search
EC(+57.02)WVAC(+57.02)K,100.95,951.3942,7,0.1,476.70444,2,24.1851,12476,Vasilevskiy_L_different_L076_RZ_20240206_AV-1.raw,8.25E8,3,3,"Carbamidomethylation;Carbamidomethylation",,B3EWY1|KA167_MESGB:F5CJW0|F5CJW0_MESEU:A0A088DAC3|A0A088DAC3_MESEU:D3JXM1|KA164_MESEU,DB Search
EC(+57.02)WVAC(+57.02)KK,94.59,1079.4893,8,0.9,540.75238,2,19.9115,9197,Vasilevskiy_L_different_L076_RZ_20240206_AV-1.raw,,0,0,"Carbamidomethylation;Carbamidomethylation",,B3EWY1|KA167_MESGB:F5CJW0|F5CJW0_MESEU:A0A088DAC3|A0A088DAC3_MESEU:D3JXM1|KA164_MESEU,DB Search
EDC(+57.02)PEHC(+57.02)ATK,104.21,1245.4755,10,0.0,623.74500,2,16.2444,6150,Vasilevskiy_L_different_L076_RZ_20240206_AV-1.raw,,0,0,"Carbamidomethylation;Carbamidomethylation",,E4VP43|KAX8R_MESEU:P86400|KAX86_MESEU,DB Search
EDGYLVDR,99.86,965.4454,8,-1.8,483.72910,2,27.3916,14870,Vasilevskiy_L_different_L076_RZ_20240206_AV-1.raw,8.34E8,1,1,"",,E4VP15|E4VP15_MESEU,DB Search
EDYPIK,59.31,763.3752,6,0.1,382.69492,2,21.6266,10446,Vasilevskiy_L_different_L076_RZ_20240206_AV-1.raw,2.37E6,1,1,"",,A0A2I9LPG1|A0A2I9LPG1_9SCOR:A0A059UD62|A0A059UD62_MESGB:A0AA50AAI4|A0AA50AAI4_ANDCR,DB Search
EDYPIKR,99.84,919.4763,7,0.8,307.49963,3,18.6401,8130,Vasilevskiy_L_different_L076_RZ_20240206_AV-1.raw,7.05E6,2,2,"",,A0A059UD62|A0A059UD62_MESGB,DB Search
EEPGTGLYPDC(+57.02)C(+57.02)NK,105.01,1638.6654,14,-0.2,820.33978,2,29.2228,16027,Vasilevskiy_L_different_L076_RZ_20240206_AV-1.raw,1.42E8,1,1,"Carbamidomethylation;Carbamidomethylation",,D2CFI7|LA1_MESMA,DB Search
EFADQLGIPFLETSAK,96.52,1764.8933,16,0.6,883.45447,2,68.0949,47756,Vasilevskiy_L_different_L076_RZ_20240206_AV-1.raw,2.94E5,1,1,"",,A0A0U1SSR7|A0A0U1SSR7_ISOMC:A0A2I9LPI8|A0A2I9LPI8_9SCOR,DB Search
EFM(+15.99)SSLK,99.20,856.4000,7,1.2,429.20779,2,22.0452,10851,Vasilevskiy_L_different_L076_RZ_20240206_AV-1.raw,,0,0,"Oxidation (M)","M3:Oxidation (M):1000.00",A0A088D9U2|A0A088D9U2_MESEU:A0A088DB26|A0A088DB26_MESEU,DB Search
EFMSSLK,94.04,840.4052,7,-2.2,421.20892,2,33.0854,19179,Vasilevskiy_L_different_L076_RZ_20240206_AV-1.raw,3.38E7,2,2,"",,A0A088D9U2|A0A088D9U2_MESEU:A0A088DB26|A0A088DB26_MESEU,DB Search
EFSATDEDIK,104.53,1153.5139,10,0.4,577.76447,2,26.7431,14322,Vasilevskiy_L_different_L076_RZ_20240206_AV-1.raw,1.08E6,1,1,"",,A0A146CIZ3|A0A146CIZ3_MESEU,DB Search
EFVSDLYSGK,104.74,1143.5448,10,-1.0,572.77911,2,42.5900,26990,Vasilevskiy_L_different_L076_RZ_20240206_AV-1.raw,1.26E5,1,1,"",,A0A2I9LNZ2|A0A2I9LNZ2_9SCOR,DB Search
EFYGSLHNWGHVMMAAIQ(+0.98)DPK,88.42,2431.1089,21,9.2,811.38440,3,64.2745,44559,Vasilevskiy_L_different_L076_RZ_20240206_AV-1.raw,,0,0,"Deamidation (NQ)","Q18:Deamidation (NQ):0.00",A0A1W7RAD7|A0A1W7RAD7_9SCOR,DB Search
EFYGSLHNWGHVMMAAIQDPK,104.12,2430.1248,21,1.3,811.04999,3,64.3089,44570,Vasilevskiy_L_different_L076_RZ_20240206_AV-1.raw,6.53E5,2,2,"",,A0A1W7RAD7|A0A1W7RAD7_9SCOR,DB Search
EGFC(+57.02)HG,51.99,705.2540,6,0.5,353.63449,2,18.2141,7721,Vasilevskiy_L_different_L076_RZ_20240206_AV-1.raw,4.05E6,1,1,"Carbamidomethylation",,A0A1L4BJ43|A0A1L4BJ43_HEMLE:A9XE59|KBX12_MESEU:A9XE60|KBX11_MESEU:T1DEJ8|T1DEJ8_UROMN:E4VP14|E4VP14_MESEU:E4VP56|E4VP56_MESEU:A0A088D9S1|A0A088D9S1_MESEU:A0A088DB53|A0A088DB53_MESEU,DB Search
EGFC(+57.02)HGF,106.38,852.3224,7,0.2,427.16858,2,34.6819,20691,Vasilevskiy_L_different_L076_RZ_20240206_AV-1.raw,2.09E7,2,2,"Carbamidomethylation",,A9XE59|KBX12_MESEU:A9XE60|KBX11_MESEU:E4VP14|E4VP14_MESEU:E4VP56|E4VP56_MESEU:A0A088D9S1|A0A088D9S1_MESEU:A0A088DB53|A0A088DB53_MESEU,DB Search
EGFC(+57.02)HGFK,104.73,980.4174,8,1.8,327.81366,3,21.9783,11153,Vasilevskiy_L_different_L076_RZ_20240206_AV-1.raw,6.18E9,7,7,"Carbamidomethylation",,A0A5P8U361|A0A5P8U361_MESEU:P69939|KBX1_ANDAU:A9XE59|KBX12_MESEU:A0A0K0LCI9|A0A0K0LCI9_9SCOR:A9XE60|KBX11_MESEU:Q9N661|KBX1_MESMA:A0A143MI92|A0A143MI92_MESEU:E4VP14|E4VP14_MESEU:E4VP56|E4VP56_MESEU:A0A088D9S1|A0A088D9S1_MESEU:A0A088DB53|A0A088DB53_MESEU:A0A059UI30|KBX1_MESGB,DB Search
EGFC(+57.02)HGFKC(+57.02)K,102.11,1268.5430,10,0.4,423.85510,3,19.1914,8605,Vasilevskiy_L_different_L076_RZ_20240206_AV-1.raw,3.25E5,1,1,"Carbamidomethylation;Carbamidomethylation",,A0A5P8U361|A0A5P8U361_MESEU:P69939|KBX1_ANDAU:A9XE59|KBX12_MESEU:A0A0K0LCI9|A0A0K0LCI9_9SCOR:A9XE60|KBX11_MESEU:Q9N661|KBX1_MESMA:A0A143MI92|A0A143MI92_MESEU:E4VP14|E4VP14_MESEU:A0A088D9S1|A0A088D9S1_MESEU:A0A088DB53|A0A088DB53_MESEU:A0A059UI30|KBX1_MESGB,DB Search
EGIELLK,49.40,800.4644,7,0.4,401.23959,2,39.9190,24822,Vasilevskiy_L_different_L076_RZ_20240206_AV-1.raw,3.37E5,1,1,"",,A0A1W7RAF2|A0A1W7RAF2_9SCOR,DB Search
EGIPPDQQR,77.33,1038.5094,9,1.0,520.26251,2,17.9590,7542,Vasilevskiy_L_different_L076_RZ_20240206_AV-1.raw,3.07E5,1,1,"",,H2CYP6|H2CYP6_PANCV:A0A1W7R9R2|A0A1W7R9R2_9SCOR:A0A2I9LPN2|A0A2I9LPN2_9SCOR:A0A2I9LPH5|A0A2I9LPH5_9SCOR:A0A5J6YGB0|A0A5J6YGB0_9SCOR:A0A2I9LPM5|A0A2I9LPM5_9SCOR:A0A3S8V4Q4|A0A3S8V4Q4_9SCOR,DB Search
EGLELIK,49.40,800.4644,7,0.4,401.23959,2,39.9190,24822,Vasilevskiy_L_different_L076_RZ_20240206_AV-1.raw,3.37E5,1,1,"",,A0A7U1GK49|A0A7U1GK49_ANDCR:A0A2I9LNP4|A0A2I9LNP4_9SCOR,DB Search
EGYC(+57.02)NN(+0.98)HC(+57.02)Q(+0.98)DIK,64.04,1538.5765,12,0.0,770.29559,2,18.9426,8385,Vasilevskiy_L_different_L076_RZ_20240206_AV-1.raw,,0,0,"Carbamidomethylation;Deamidation (NQ);Carbamidomethylation;Deamidation (NQ)","C4:Deamidation (NQ):0.00;N6:Deamidation (NQ):0.00",Q0GY46|KBX1_TITTR,DB Search
EHGYLL,49.24,730.3650,6,-0.3,366.18967,2,38.3007,23437,Vasilevskiy_L_different_L076_RZ_20240206_AV-1.raw,1.52E6,1,1,"",,P0DPT3|SCXIT_ANDMA:P21150|SIX4_ANDAU,DB Search
EHGYLLDKYTGC(+57.02)K,104.99,1582.7450,13,0.8,528.58936,3,25.4702,13468,Vasilevskiy_L_different_L076_RZ_20240206_AV-1.raw,1.63E5,1,1,"Carbamidomethylation",,P0DPT3|SCXIT_ANDMA:A0A0K0LBV3|A0A0K0LBV3_9SCOR:A0A146CIX0|A0A146CIX0_MESEU:R4H5E1|R4H5E1_MESEU,DB Search
EHGYLLNK,91.79,972.5029,8,1.2,325.17529,3,21.7109,10430,Vasilevskiy_L_different_L076_RZ_20240206_AV-1.raw,3.32E8,2,2,"",,P21150|SIX4_ANDAU,DB Search
EHGYLLNKY,99.03,1135.5662,9,1.5,568.79120,2,30.6502,17410,Vasilevskiy_L_different_L076_RZ_20240206_AV-1.raw,1.31E5,1,1,"",,P21150|SIX4_ANDAU,DB Search
EHGYLLNKYTGC(+57.02)K,103.22,1581.7610,13,1.4,528.26166,3,25.8467,13767,Vasilevskiy_L_different_L076_RZ_20240206_AV-1.raw,,0,0,"Carbamidomethylation",,P21150|SIX4_ANDAU,DB Search
EIAEAYLGK,104.57,992.5178,9,0.3,497.26636,2,32.9383,19200,Vasilevskiy_L_different_L076_RZ_20240206_AV-1.raw,5.51E5,1,1,"",,A0A1W7RAC4|A0A1W7RAC4_9SCOR:A0A2I9LP41|A0A2I9LP41_9SCOR,DB Search
EIDEIDK,25.78,860.4127,7,-0.6,431.21335,2,22.0932,10863,Vasilevskiy_L_different_L076_RZ_20240206_AV-1.raw,2.96E5,1,1,"",,A0A0U1TZ84|A0A0U1TZ84_ISOMC:A0A2I9LPZ6|A0A2I9LPZ6_9SCOR,DB Search
EIEGDKLK,49.89,930.5022,8,0.4,311.17480,3,18.3083,7857,Vasilevskiy_L_different_L076_RZ_20240206_AV-1.raw,2.44E5,1,1,"",,A0A1W7RAI2|A0A1W7RAI2_9SCOR,DB Search
EIGATPLAAGEYMIDC(+57.02)DLIPK,110.77,2276.1067,21,1.7,759.71082,3,68.5930,48146,Vasilevskiy_L_different_L076_RZ_20240206_AV-1.raw,1E5,1,1,"Carbamidomethylation",,A0A2I9LNV0|A0A2I9LNV0_9SCOR:U6JRM9|U6JRM9_TITSE:A0A1E1WVU9|A0A1E1WVU9_TITOB,DB Search
EIGVAAGK,90.81,743.4177,8,-0.1,372.71609,2,18.8243,8265,Vasilevskiy_L_different_L076_RZ_20240206_AV-1.raw,4.79E6,1,1,"",,A0A088DB08|A0A088DB08_MESEU:Q5K0E0|KA157_ANDAM:Q86BX0|KA158_MESMA,DB Search
EITALAPSTMK,96.98,1160.6111,11,0.1,581.31287,2,35.6069,21371,Vasilevskiy_L_different_L076_RZ_20240206_AV-1.raw,8.7E5,1,1,"",,A0A1W7RB59|A0A1W7RB59_9SCOR:A0A1W7RB46|A0A1W7RB46_9SCOR:A0A2I9LNI8|A0A2I9LNI8_9SCOR:A0A0K0LCC7|A0A0K0LCC7_9SCOR:C5J8B7|C5J8B7_OPICY:A0A2I9LNM3|A0A2I9LNM3_9SCOR,DB Search
EKLGGVKE,53.65,858.4811,8,0.1,430.24786,2,17.0316,6787,Vasilevskiy_L_different_L076_RZ_20240206_AV-1.raw,2.88E5,1,1,"",,A0A088D9U2|A0A088D9U2_MESEU:A0A088DB26|A0A088DB26_MESEU,DB Search
ELDEIDK,25.78,860.4127,7,-0.6,431.21335,2,22.0932,10863,Vasilevskiy_L_different_L076_RZ_20240206_AV-1.raw,2.96E5,1,1,"",,E4VP42|E4VP42_MESEU:E4VP55|E4VP55_MESEU:A0A146CJA5|A0A146CJA5_MESEU:F8THJ9|F8THJ9_HOTJU,DB Search
ELEGIC(+57.02)NPIITK,104.89,1385.7224,12,0.7,693.86896,2,48.0616,31356,Vasilevskiy_L_different_L076_RZ_20240206_AV-1.raw,8.53E4,1,1,"Carbamidomethylation",,A0A0U4GZ20|A0A0U4GZ20_ODODO,DB Search
ELLFVNTDKPFYK,112.31,1612.8501,13,0.7,538.62433,3,55.8152,37550,Vasilevskiy_L_different_L076_RZ_20240206_AV-1.raw,1.31E6,2,2,"",,F1CJ43|F1CJ43_HOTJU,DB Search
ELWHYETNK,99.93,1218.5669,9,0.6,610.29108,2,31.5561,18123,Vasilevskiy_L_different_L076_RZ_20240206_AV-1.raw,1.4E6,2,2,"",,R4H564|R4H564_MESEU:E4VP32|E4VP32_MESEU:P86406|SCXNF_MESEU:R4H5E1|R4H5E1_MESEU,DB Search
EMFNAK,85.75,738.3370,6,-2.4,370.17493,2,21.6754,10547,Vasilevskiy_L_different_L076_RZ_20240206_AV-1.raw,,0,0,"",,A0A1W7RAF2|A0A1W7RAF2_9SCOR,DB Search
ENPGVMSDTSTSLR,93.09,1492.6827,14,0.8,747.34924,2,29.5019,16474,Vasilevskiy_L_different_L076_RZ_20240206_AV-1.raw,,0,0,"",,A0A1W7RAD3|A0A1W7RAD3_9SCOR:A0A2I9LP14|A0A2I9LP14_9SCOR:P80476|HCY6_ANDAU:C6H100|C6H100_PANIM:A0A2I9LP22|A0A2I9LP22_9SCOR:A0A1E1WW95|A0A1E1WW95_TITOB:C6H0Z9|C6H0Z9_PANIM:A0A1E1WVP7|A0A1E1WVP7_TITOB:C6H101|C6H101_PANIM:A0A1E1WWC5|A0A1E1WWC5_TITOB:A0A1W7RAE6|A0A1W7RAE6_9SCOR,DB Search
ENPGVMSDTSTSLRDPIFYR,86.37,2284.0793,20,-0.1,762.36700,3,53.7219,35825,Vasilevskiy_L_different_L076_RZ_20240206_AV-1.raw,3.67E6,1,1,"",,A0A1W7RAD3|A0A1W7RAD3_9SCOR:A0A2I9LP14|A0A2I9LP14_9SCOR:P80476|HCY6_ANDAU:C6H100|C6H100_PANIM:A0A2I9LP22|A0A2I9LP22_9SCOR:A0A1E1WW95|A0A1E1WW95_TITOB:C6H0Z9|C6H0Z9_PANIM:A0A1E1WVP7|A0A1E1WVP7_TITOB:C6H101|C6H101_PANIM:A0A1E1WWC5|A0A1E1WWC5_TITOB:A0A1W7RAE6|A0A1W7RAE6_9SCOR,DB Search
EQN(+0.98)ASDGFC(+57.02)R,104.67,1183.4564,10,-0.1,592.73541,2,20.8252,9855,Vasilevskiy_L_different_L076_RZ_20240206_AV-1.raw,,0,0,"Deamidation (NQ);Carbamidomethylation","N3:Deamidation (NQ):26.02",V9P3B8|V9P3B8_MESEU:V9P462|V9P462_MESEU:A0A5P8U2Q6|A0A5P8U2Q6_MESEU:V9P3R2|V9P3R2_MESEU:V9P3R8|V9P3R8_MESEU,DB Search
EQNASDGFC(+57.02)R,100.18,1182.4724,10,-0.5,592.24316,2,18.7463,8221,Vasilevskiy_L_different_L076_RZ_20240206_AV-1.raw,4.28E7,2,2,"Carbamidomethylation",,V9P3B8|V9P3B8_MESEU:V9P462|V9P462_MESEU:A0A5P8U2Q6|A0A5P8U2Q6_MESEU:V9P3R2|V9P3R2_MESEU:V9P3R8|V9P3R8_MESEU,DB Search
ERYLPT,55.37,777.4021,6,0.7,389.70859,2,25.4082,13386,Vasilevskiy_L_different_L076_RZ_20240206_AV-1.raw,7.05E6,1,1,"",,A0A059UI14|A0A059UI14_MESGB:R4H5K8|R4H5K8_MESEU:R4H5D2|R4H5D2_MESEU,DB Search
ESTLHLVLR,103.26,1066.6135,9,0.4,356.54526,3,37.5491,22937,Vasilevskiy_L_different_L076_RZ_20240206_AV-1.raw,2.22E6,1,1,"",,A0A0K0LC83|A0A0K0LC83_9SCOR:A0A1W7R9R2|A0A1W7R9R2_9SCOR:A0A2I9LPN2|A0A2I9LPN2_9SCOR:A0A2I9LPH5|A0A2I9LPH5_9SCOR:A0A5J6YGB0|A0A5J6YGB0_9SCOR:A0A2I9LPM5|A0A2I9LPM5_9SCOR:A0A3S8V4Q4|A0A3S8V4Q4_9SCOR:A0A1W7R9R4|A0A1W7R9R4_9SCOR,DB Search
ETGNILDPEYNIAYFR,94.27,1913.9159,16,1.8,957.96698,2,66.8153,46678,Vasilevskiy_L_different_L076_RZ_20240206_AV-1.raw,2.04E4,1,1,"",,A0A1E1WW95|A0A1E1WW95_TITOB,DB Search
ETGNILDPEYNLAYFR,94.27,1913.9159,16,1.8,957.96698,2,66.8153,46678,Vasilevskiy_L_different_L076_RZ_20240206_AV-1.raw,2.04E4,1,1,"",,A0A1W7RAG7|A0A1W7RAG7_9SCOR:A0A2I9LP14|A0A2I9LP14_9SCOR:C6H100|C6H100_PANIM,DB Search
ETLPSYTK,103.14,937.4756,8,0.7,469.74542,2,24.2180,12414,Vasilevskiy_L_different_L076_RZ_20240206_AV-1.raw,8.4E5,1,1,"",,A0A2I9LP14|A0A2I9LP14_9SCOR,DB Search
EVDVQDMER,96.94,1119.4866,9,0.5,560.75085,2,27.4975,14852,Vasilevskiy_L_different_L076_RZ_20240206_AV-1.raw,7.07E5,1,1,"",,A0A1W7RAG7|A0A1W7RAG7_9SCOR:A0A1E1WVN1|A0A1E1WVN1_TITOB,DB Search
EVEDIAQPIISK,92.93,1340.7188,12,0.1,671.36670,2,40.9151,25644,Vasilevskiy_L_different_L076_RZ_20240206_AV-1.raw,2.28E5,1,1,"",,A0A2I9LP25|A0A2I9LP25_9SCOR,DB Search
EVFETATR,54.07,951.4661,8,-0.6,476.74005,2,23.1638,11752,Vasilevskiy_L_different_L076_RZ_20240206_AV-1.raw,,0,0,"",,A0A1W7R9T5|A0A1W7R9T5_9SCOR:A0A2I9LPI4|A0A2I9LPI4_9SCOR,DB Search
EVQ(+0.98)YFFPQYIKPFQYQKAYGHFSQVIWAETWK,39.47,4056.9878,32,-9.6,812.39709,5,66.8824,46728,Vasilevskiy_L_different_L076_RZ_20240206_AV-1.raw,7.3E6,1,1,"Deamidation (NQ)","Q3:Deamidation (NQ):0.00",A0A0U1U080|A0A0U1U080_ISOMC,DB Search
EVSVQDLER,104.59,1073.5353,9,-2.3,537.77368,2,32.9383,19210,Vasilevskiy_L_different_L076_RZ_20240206_AV-1.raw,5.12E5,1,1,"",,A0A1E1WVL6|A0A1E1WVL6_TITOB,DB Search
EVVIIGFFK,96.57,1050.6113,9,0.9,526.31342,2,67.2469,47007,Vasilevskiy_L_different_L076_RZ_20240206_AV-1.raw,2.62E5,1,1,"",,A0A2I9LPE8|A0A2I9LPE8_9SCOR:A0AA49QCI2|A0AA49QCI2_9SCOR,DB Search
EVVLIGFFK,96.57,1050.6113,9,0.9,526.31342,2,67.2469,47007,Vasilevskiy_L_different_L076_RZ_20240206_AV-1.raw,2.62E5,1,1,"",,A0AA49K9S1|A0AA49K9S1_9SCOR,DB Search
EWSDPSVQHDIK,104.66,1439.6681,12,0.0,480.89664,3,27.8052,15216,Vasilevskiy_L_different_L076_RZ_20240206_AV-1.raw,,0,0,"",,A0A2I9LP25|A0A2I9LP25_9SCOR,DB Search
EYAC(+57.02)PVIEK,104.37,1107.5270,9,0.0,554.77081,2,27.2552,14603,Vasilevskiy_L_different_L076_RZ_20240206_AV-1.raw,8.47E6,1,1,"Carbamidomethylation",,A0A088DB26|A0A088DB26_MESEU:A0A0K0LC08|A0A0K0LC08_9SCOR:E4VP34|E4VP34_MESEU:P0CH57|NDB51_MESEU:A0A0K0LCJ0|A0A0K0LCJ0_9SCOR:Q9NJC6|KBX2_MESMA:E4VP57|E4VP57_MESEU:A0A0K0LC09|A0A0K0LC09_9SCOR:A0A0K0LC11|A0A0K0LC11_9SCOR:A0A0U4GZ05|A0A0U4GZ05_ODODO:A0A088D9U2|A0A088D9U2_MESEU:B8XH36|B8XH36_BUTOS:A0A143MGJ8|A0A143MGJ8_MESEU:A0A0K0LC05|A0A0K0LC05_9SCOR:A0A088DAE8|A0A088DAE8_MESEU,DB Search
EYGDITGSGK,103.97,1025.4666,10,0.1,513.74060,2,21.2896,10242,Vasilevskiy_L_different_L076_RZ_20240206_AV-1.raw,4.26E5,1,1,"",,A0A0U4FPA4|A0A0U4FPA4_ODODO:F1CIZ9|F1CIZ9_HOTJU,DB Search
F(+42.01)KDAHC(+57.02)NDLC(+57.02)TK,24.90,1549.6653,12,-6.7,775.83478,2,55.9019,37665,Vasilevskiy_L_different_L076_RZ_20240206_AV-1.raw,,0,0,"Acetylation (Protein N-term);Carbamidomethylation;Carbamidomethylation","F1:Acetylation (Protein N-term):1000.00",P60257|SCXC_BUTOM,DB Search
FADDTYTESYISTIGVDFK,91.91,2170.9946,19,-0.5,1086.50403,2,66.6501,46611,Vasilevskiy_L_different_L076_RZ_20240206_AV-1.raw,1.26E4,1,1,"",,A0A1W7R9U8|A0A1W7R9U8_9SCOR:A0A0U1SSR7|A0A0U1SSR7_ISOMC:A0A1W7R9U5|A0A1W7R9U5_9SCOR:A0A2I9LPI8|A0A2I9LPI8_9SCOR,DB Search
FAFGLGK,34.19,738.4064,7,0.8,370.21078,2,47.9292,31276,Vasilevskiy_L_different_L076_RZ_20240206_AV-1.raw,2.02E4,1,1,"",,A0A1W7R982|A0A1W7R982_9SCOR,DB Search
FAYAQR,58.65,754.3762,6,0.0,378.19537,2,20.7977,9828,Vasilevskiy_L_different_L076_RZ_20240206_AV-1.raw,1.07E6,1,1,"",,A0A1W7RAG2|A0A1W7RAG2_9SCOR,DB Search
FC(+57.02)HGFK,90.21,794.3534,6,0.0,398.18396,2,22.0277,11197,Vasilevskiy_L_different_L076_RZ_20240206_AV-1.raw,1.93E7,3,3,"Carbamidomethylation",,A0A5P8U361|A0A5P8U361_MESEU:P69939|KBX1_ANDAU:A9XE59|KBX12_MESEU:A0A0K0LCI9|A0A0K0LCI9_9SCOR:A9XE60|KBX11_MESEU:Q9N661|KBX1_MESMA:A0A143MI92|A0A143MI92_MESEU:E4VP14|E4VP14_MESEU:E4VP56|E4VP56_MESEU:A0A088D9S1|A0A088D9S1_MESEU:A0A088DB53|A0A088DB53_MESEU:A0A059UI30|KBX1_MESGB,DB Search
FC(+57.02)KPDPGP,103.45,916.4113,8,0.1,459.21295,2,20.8729,9841,Vasilevskiy_L_different_L076_RZ_20240206_AV-1.raw,5.21E6,1,1,"Carbamidomethylation",,A0A088DB35|A0A088DB35_MESEU,DB Search
FC(+57.02)QGAR,75.26,737.3279,6,0.3,369.67133,2,15.9202,5890,Vasilevskiy_L_different_L076_RZ_20240206_AV-1.raw,,0,0,"Carbamidomethylation",,Q9UAC9|SCAS_MESMA:E4VP32|E4VP32_MESEU:R4H5E1|R4H5E1_MESEU,DB Search
FDDGYPVK,69.31,939.4338,8,0.4,470.72437,2,47.3577,30760,Vasilevskiy_L_different_L076_RZ_20240206_AV-1.raw,,0,0,"",,E4VP06|E4VP06_MESEU:E4VP31|E4VP31_MESEU:A0A059UD55|A0A059UD55_MESGB,DB Search
FDDGYPVKN(+0.98)GC(+57.02)R,103.32,1427.6139,12,-0.1,714.81415,2,39.8055,24665,Vasilevskiy_L_different_L076_RZ_20240206_AV-1.raw,4.49E5,1,1,"Deamidation (NQ);Carbamidomethylation","N9:Deamidation (NQ):1000.00",E4VP06|E4VP06_MESEU:E4VP31|E4VP31_MESEU:A0A059UD55|A0A059UD55_MESGB,DB Search
FDDGYPVKNGC(+57.02)R,33.88,1426.6299,12,-6.0,714.31793,2,46.9608,30442,Vasilevskiy_L_different_L076_RZ_20240206_AV-1.raw,,0,0,"Carbamidomethylation",,E4VP06|E4VP06_MESEU:E4VP31|E4VP31_MESEU:A0A059UD55|A0A059UD55_MESGB,DB Search
FEDENFALK,94.83,1111.5186,9,-0.2,556.76642,2,41.2203,25905,Vasilevskiy_L_different_L076_RZ_20240206_AV-1.raw,,0,0,"",,A0A2I9LPF3|A0A2I9LPF3_9SCOR,DB Search
FEELNADLFR,96.23,1252.6088,10,0.1,627.31171,2,59.2772,40393,Vasilevskiy_L_different_L076_RZ_20240206_AV-1.raw,2.45E5,1,1,"",,A0A1W7RAC4|A0A1W7RAC4_9SCOR:A0A2I9LP41|A0A2I9LP41_9SCOR,DB Search
FFAAMEK,92.84,842.3997,7,0.7,422.20740,2,34.7666,20703,Vasilevskiy_L_different_L076_RZ_20240206_AV-1.raw,2.67E5,1,1,"",,E4VP64|E4VP64_MESEU:A0A146CJ36|A0A146CJ36_MESEU,DB Search
FFFNFIFSAEGR,96.92,1480.7139,12,0.4,741.36450,2,69.4851,48985,Vasilevskiy_L_different_L076_RZ_20240206_AV-1.raw,1.97E6,1,1,"",,F8THJ5|F8THJ5_HOTJU:A0A146CJ24|A0A146CJ24_MESEU:E4VP08|E4VP08_MESEU:E4VP38|E4VP38_MESEU:A0A0U1TZA8|A0A0U1TZA8_ISOMC:A0A0C4G490|A0A0C4G490_MESMA:Q8MTW7|Q8MTW7_MESMA:A0A0B4KJR4|A0A0B4KJR4_MESMA,DB Search
FFGHLFK,23.97,894.4752,7,0.6,448.24515,2,45.7447,29408,Vasilevskiy_L_different_L076_RZ_20240206_AV-1.raw,8.64E5,1,1,"",,E4VP50|NDBW_MESEU:F6K5S7|F6K5S7_MESMA:F6K5S6|F6K5S6_MESMA:F6K5S5|F6K5S5_MESEU,DB Search
FFIELDK,104.18,910.4800,7,2.2,456.24826,2,56.4947,38143,Vasilevskiy_L_different_L076_RZ_20240206_AV-1.raw,,0,0,"",,A0A1W7RAG7|A0A1W7RAG7_9SCOR:C6H0Z6|C6H0Z6_PANIM:A0A2I9LP14|A0A2I9LP14_9SCOR:A0A1E1WW95|A0A1E1WW95_TITOB,DB Search
FGC(+57.02)PAYQ(+0.98)GYC(+57.02)DDHC(+57.02)QDIEK,71.51,2362.8928,19,8.7,788.64508,3,32.9472,19265,Vasilevskiy_L_different_L076_RZ_20240206_AV-1.raw,,0,0,"Carbamidomethylation;Deamidation (NQ);Carbamidomethylation;Carbamidomethylation","C3:Deamidation (NQ):6.62",A9XE60|KBX11_MESEU:E4VP14|E4VP14_MESEU:E4VP56|E4VP56_MESEU,DB Search
FGC(+57.02)PAYQGYC(+57.02)DDHC(+57.02)Q(+0.98)DIK,41.98,2233.8503,18,1.8,745.62537,3,58.6214,39827,Vasilevskiy_L_different_L076_RZ_20240206_AV-1.raw,5.6E4,1,1,"Carbamidomethylation;Carbamidomethylation;Carbamidomethylation;Deamidation (NQ)","C3:Deamidation (NQ):19.61",A0A5P8U361|A0A5P8U361_MESEU:P69939|KBX1_ANDAU:B8XH40|KBX1_BUTOS:Q9N661|KBX1_MESMA:A0A0K0LC02|A0A0K0LC02_9SCOR:A0A143MI92|A0A143MI92_MESEU:A0A0U4H7F5|A0A0U4H7F5_ODODO:A0A059UI30|KBX1_MESGB,DB Search
FGC(+57.02)PAYQGYC(+57.02)DDHC(+57.02)QDIEK,109.59,2361.9089,19,-0.1,788.31012,3,32.7752,19184,Vasilevskiy_L_different_L076_RZ_20240206_AV-1.raw,6.56E5,1,1,"Carbamidomethylation;Carbamidomethylation;Carbamidomethylation",,A9XE60|KBX11_MESEU:E4VP14|E4VP14_MESEU:E4VP56|E4VP56_MESEU,DB Search
FGC(+57.02)PAYQGYC(+57.02)DDHC(+57.02)QDIEKK,112.30,2490.0039,20,0.4,831.00885,3,29.8539,16769,Vasilevskiy_L_different_L076_RZ_20240206_AV-1.raw,2.3E7,3,3,"Carbamidomethylation;Carbamidomethylation;Carbamidomethylation",,A9XE60|KBX11_MESEU:E4VP14|E4VP14_MESEU:E4VP56|E4VP56_MESEU,DB Search
FGDDVRPIN(+0.98)R,53.95,1188.5887,10,0.6,397.20377,3,25.3113,13326,Vasilevskiy_L_different_L076_RZ_20240206_AV-1.raw,,0,0,"Deamidation (NQ)","N9:Deamidation (NQ):1000.00",F1CIX4|F1CIX4_HOTJU,DB Search
FGDDVRPINR,103.02,1187.6047,10,4.0,396.87711,3,23.4878,11944,Vasilevskiy_L_different_L076_RZ_20240206_AV-1.raw,1.7E8,2,2,"",,F1CIX4|F1CIX4_HOTJU,DB Search
FGIVEGLMTTVHAVTATQK,105.02,2002.0557,19,1.2,668.35999,3,68.2270,47872,Vasilevskiy_L_different_L076_RZ_20240206_AV-1.raw,3.16E5,1,1,"",,A0A8K1K274|A0A8K1K274_HEMLE:A0A1W7RAH3|A0A1W7RAH3_9SCOR,DB Search
FGLDATSVGDEGGFAPNIQDNKEGLELIK,60.06,3033.4929,29,0.1,1012.17175,3,64.0392,44362,Vasilevskiy_L_different_L076_RZ_20240206_AV-1.raw,,0,0,"",,A0A7U1GK49|A0A7U1GK49_ANDCR:A0A2I9LNP4|A0A2I9LNP4_9SCOR,DB Search
FGLDKDTADFTGHALALYR,91.87,2110.0483,19,-0.4,528.51917,4,58.9203,40163,Vasilevskiy_L_different_L076_RZ_20240206_AV-1.raw,1.29E5,1,1,"",,A0A1W7RAN8|A0A1W7RAN8_9SCOR:A0A2I9LPI1|A0A2I9LPI1_9SCOR,DB Search
FGLIDVK,72.59,790.4589,7,0.4,396.23688,2,53.7167,35865,Vasilevskiy_L_different_L076_RZ_20240206_AV-1.raw,5.17E9,7,7,"",,A0A088DAY7|A0A088DAY7_MESEU:B3EWY1|KA167_MESGB:F5CJW0|F5CJW0_MESEU:A0A088D9P9|A0A088D9P9_MESEU:A0A088DAC3|A0A088DAC3_MESEU:Q9NBG9|KA162_MESMA:D3JXM1|KA164_MESEU:Q8MQL0|KA163_MESMA,DB Search
FGN(+0.98)AC(+57.02)WC(+57.02)K,96.83,1042.4000,8,0.8,522.20770,2,32.8796,18996,Vasilevskiy_L_different_L076_RZ_20240206_AV-1.raw,3.09E8,3,3,"Deamidation (NQ);Carbamidomethylation;Carbamidomethylation","N3:Deamidation (NQ):1000.00",D8UWD8|SCXN9_MESEU:P09982|SCXE_MESEU:A0A146CJ08|A0A146CJ08_MESEU:P86403|SCXN2_MESEU,DB Search
FGNAC(+57.02)W,83.36,753.2904,6,3.0,754.29999,1,46.4551,29995,Vasilevskiy_L_different_L076_RZ_20240206_AV-1.raw,2.36E6,1,1,"Carbamidomethylation",,D8UWD8|SCXN9_MESEU:P09982|SCXE_MESEU:A0A146CJ08|A0A146CJ08_MESEU:P86403|SCXN2_MESEU,DB Search
FGNAC(+57.02)WC(+57.02),86.02,913.3211,7,0.1,457.66785,2,42.1129,26548,Vasilevskiy_L_different_L076_RZ_20240206_AV-1.raw,,0,0,"Carbamidomethylation;Carbamidomethylation",,D8UWD8|SCXN9_MESEU:P09982|SCXE_MESEU:A0A146CJ08|A0A146CJ08_MESEU:P86403|SCXN2_MESEU,DB Search
FGNAC(+57.02)WC(+57.02)K,104.46,1041.4160,8,0.8,521.71570,2,32.4818,18879,Vasilevskiy_L_different_L076_RZ_20240206_AV-1.raw,1E10,1,1,"Carbamidomethylation;Carbamidomethylation",,D8UWD8|SCXN9_MESEU:P09982|SCXE_MESEU:A0A146CJ08|A0A146CJ08_MESEU:P86403|SCXN2_MESEU,DB Search
FGNAC(+57.02)WC(+57.02)KN(+0.98)LPDKVPIR,100.12,2075.0081,17,2.4,519.76056,4,46.9990,30458,Vasilevskiy_L_different_L076_RZ_20240206_AV-1.raw,4.26E5,1,1,"Carbamidomethylation;Carbamidomethylation;Deamidation (NQ)","C5:Deamidation (NQ):1.99",D8UWD8|SCXN9_MESEU:P86403|SCXN2_MESEU,DB Search
FGNEGC(+57.02)DK,25.23,925.3600,8,-2.4,463.68616,2,35.2062,21068,Vasilevskiy_L_different_L076_RZ_20240206_AV-1.raw,5.2E5,1,1,"Carbamidomethylation",,P80962|SIX2_BUTAR:P55904|SIX5_BUTOC:P55903|SIX4_BUTOC,DB Search
FGRPN(+0.98)GK,39.95,775.3976,7,0.5,388.70630,2,19.9651,9235,Vasilevskiy_L_different_L076_RZ_20240206_AV-1.raw,1.55E7,2,2,"Deamidation (NQ)","N5:Deamidation (NQ):1000.00",C0HJQ8|KAX1G_MESEU:C0HJQ7|KAX1H_MESEU,DB Search
FGRPNGK,64.18,774.4136,7,0.7,388.21439,2,18.5716,8071,Vasilevskiy_L_different_L076_RZ_20240206_AV-1.raw,1.93E5,1,1,"",,C0HJQ8|KAX1G_MESEU:C0HJQ7|KAX1H_MESEU,DB Search
FGSFIK,35.24,697.3799,6,0.8,349.69751,2,39.6589,24552,Vasilevskiy_L_different_L076_RZ_20240206_AV-1.raw,4.89E5,1,1,"",,A0A0K0LBQ9|A0A0K0LBQ9_9SCOR:E4VP11|E4VP11_MESEU:A0A0K0LBQ2|A0A0K0LBQ2_9SCOR:P86407|NDB2_MESEU,DB Search
FGSFLK,35.24,697.3799,6,0.8,349.69751,2,39.6589,24552,Vasilevskiy_L_different_L076_RZ_20240206_AV-1.raw,4.89E5,1,1,"",,B8XH54|B8XH54_BUTOS:A0A146CJE0|A0A146CJE0_MESEU:D9U2B5|NDBM_LYCMC:Q9Y0X4|NDB22_MESMA,DB Search
FGYQC(+57.02)LC(+57.02)NR,96.50,1216.5117,9,0.4,609.26337,2,34.3461,20319,Vasilevskiy_L_different_L076_RZ_20240206_AV-1.raw,7.96E5,1,1,"Carbamidomethylation;Carbamidomethylation",,E4VP45|E4VP45_MESEU:E4VP46|E4VP46_MESEU:R4H559|R4H559_MESEU:R4H5A4|R4H5A4_MESEU:P86402|CTXL1_MESEU:P86401|CTXL_MESEU,DB Search
FIDDMFQEYKK,104.98,1462.6802,11,-1.1,488.56680,3,50.3530,33112,Vasilevskiy_L_different_L076_RZ_20240206_AV-1.raw,,0,0,"",,A0A1E1WWA7|A0A1E1WWA7_TITOB,DB Search
FIDNIFQDYK,94.49,1301.6292,10,0.4,651.82214,2,61.3276,42081,Vasilevskiy_L_different_L076_RZ_20240206_AV-1.raw,1.08E6,1,1,"",,A0A1E1WVS7|A0A1E1WVS7_TITOB:A0A1E1WW95|A0A1E1WW95_TITOB,DB Search
FIDNIFQQ(+0.98)YK,94.05,1315.6448,10,0.8,658.83020,2,61.3881,42079,Vasilevskiy_L_different_L076_RZ_20240206_AV-1.raw,2.44E6,1,1,"Deamidation (NQ)","Q8:Deamidation (NQ):12.28",A0A1E1WVL6|A0A1E1WVL6_TITOB,DB Search
FIDNIFQQYK,94.37,1314.6608,10,0.2,658.33783,2,59.8078,40800,Vasilevskiy_L_different_L076_RZ_20240206_AV-1.raw,9.77E5,1,1,"",,A0A1E1WVL6|A0A1E1WVL6_TITOB,DB Search
FIDNMFQEYK,83.18,1333.6013,10,0.9,667.80853,2,56.6498,38217,Vasilevskiy_L_different_L076_RZ_20240206_AV-1.raw,5.75E5,1,1,"",,C6H0Z5|C6H0Z5_PANIM:A0A1W7RAE9|A0A1W7RAE9_9SCOR:A0A1E1WVN1|A0A1E1WVN1_TITOB,DB Search
FIFSAEGR,93.30,925.4658,8,0.7,463.74045,2,42.3434,26643,Vasilevskiy_L_different_L076_RZ_20240206_AV-1.raw,1.38E6,1,1,"",,F8THJ5|F8THJ5_HOTJU:A0A146CJ24|A0A146CJ24_MESEU:E4VP08|E4VP08_MESEU:E4VP38|E4VP38_MESEU:A0A0U1TZA8|A0A0U1TZA8_ISOMC:A0A0C4G490|A0A0C4G490_MESMA:Q8MTW7|Q8MTW7_MESMA:A0A0B4KJR4|A0A0B4KJR4_MESMA,DB Search
FIILVGTK,90.83,889.5637,8,1.0,445.78955,2,52.7483,35061,Vasilevskiy_L_different_L076_RZ_20240206_AV-1.raw,4.92E7,3,3,"",,A0AA50AAI4|A0AA50AAI4_ANDCR,DB Search
FIIYHIKDEK,102.03,1304.7129,10,0.9,435.91193,3,30.5660,17282,Vasilevskiy_L_different_L076_RZ_20240206_AV-1.raw,2.59E5,1,1,"",,A0A1W7RAR2|A0A1W7RAR2_9SCOR:A0A2I9LNV5|A0A2I9LNV5_9SCOR,DB Search
FIPDPNFDGVGIIDWEAWR,110.77,2246.0796,19,1.0,1124.04822,2,69.2866,48792,Vasilevskiy_L_different_L076_RZ_20240206_AV-1.raw,8.65E5,2,2,"",,A0A7T9L322|A0A7T9L322_ANDCR,DB Search
FIPDPNFDGVGIIDWEAWRPLWK,105.02,2770.3906,23,6.6,693.60950,4,69.1863,48712,Vasilevskiy_L_different_L076_RZ_20240206_AV-1.raw,6.15E5,1,1,"",,A0A7T9L322|A0A7T9L322_ANDCR,DB Search
FIPDPNFNGVGIIDWEAWR,105.02,2245.0955,19,0.0,1123.55505,2,69.1863,48715,Vasilevskiy_L_different_L076_RZ_20240206_AV-1.raw,4.94E6,2,2,"",,F1CIW6|F1CIW6_HOTJU:P86100|HYAL1_MESMA,DB Search
FIPDPNFNGVGIIDWEAWRPLWK,109.98,2769.4067,23,8.2,693.36462,4,69.2099,48712,Vasilevskiy_L_different_L076_RZ_20240206_AV-1.raw,2.41E7,2,2,"",,F1CIW6|F1CIW6_HOTJU:P86100|HYAL1_MESMA,DB Search
FIWVSDVYRPK,104.99,1408.7502,11,1.7,705.38361,2,54.0391,36133,Vasilevskiy_L_different_L076_RZ_20240206_AV-1.raw,6.87E5,1,1,"",,A0A1W7RAN8|A0A1W7RAN8_9SCOR:A0A2I9LPI1|A0A2I9LPI1_9SCOR,DB Search
FKEN(+0.98)PGVMSDTSTSLRDPIFYR,77.71,2560.2268,22,7.9,854.42297,3,50.7649,33450,Vasilevskiy_L_different_L076_RZ_20240206_AV-1.raw,,0,0,"Deamidation (NQ)","N4:Deamidation (NQ):1000.00",A0A2I9LP14|A0A2I9LP14_9SCOR:A0A1E1WW95|A0A1E1WW95_TITOB,DB Search
FKENPGVMSDTSTSLRDPIFYR,91.07,2559.2427,22,0.4,640.81824,4,50.7572,33391,Vasilevskiy_L_different_L076_RZ_20240206_AV-1.raw,1.01E6,2,2,"",,A0A2I9LP14|A0A2I9LP14_9SCOR:A0A1E1WW95|A0A1E1WW95_TITOB,DB Search
FKLGEEFEETR,104.01,1383.6670,11,1.5,462.23029,3,41.2562,25934,Vasilevskiy_L_different_L076_RZ_20240206_AV-1.raw,,0,0,"",,A0A2I9LNZ4|A0A2I9LNZ4_9SCOR,DB Search
FLALFLAFAINFILLFYK,31.04,2163.2537,18,-7.9,722.08612,3,69.7630,49211,Vasilevskiy_L_different_L076_RZ_20240206_AV-1.raw,,0,0,"",,P21817|RYR1_HUMAN:P16960|RYR1_PIG:F1LMY4|RYR1_RAT:P11716|RYR1_RABIT:E9PZQ0|RYR1_MOUSE,DB Search
FLETPGVMTDTATSLRDPIFYR,92.69,2529.2573,22,-0.5,844.09265,3,64.7414,44825,Vasilevskiy_L_different_L076_RZ_20240206_AV-1.raw,1.01E6,1,1,"",,A0A1E1WVN1|A0A1E1WVN1_TITOB,DB Search
FLFSVEGR,101.64,953.4970,8,-0.5,477.75555,2,52.0469,34517,Vasilevskiy_L_different_L076_RZ_20240206_AV-1.raw,,0,0,"",,A0A0U4QVR7|A0A0U4QVR7_ODODO:B8XH52|B8XH52_BUTOS:B8XH51|B8XH51_BUTOS:A0A0U3QS50|A0A0U3QS50_ODODO,DB Search
FLKDFLDGK,100.51,1081.5808,9,0.9,361.53452,3,47.7303,31085,Vasilevskiy_L_different_L076_RZ_20240206_AV-1.raw,5.25E4,1,1,"",,A0A2I9LPE8|A0A2I9LPE8_9SCOR:A0AA49QCI2|A0AA49QCI2_9SCOR,DB Search
FLKDFLDGKLEAHVK,102.79,1758.9668,15,0.5,440.74918,4,49.7158,32620,Vasilevskiy_L_different_L076_RZ_20240206_AV-1.raw,1.21E5,1,1,"",,A0A2I9LPE8|A0A2I9LPE8_9SCOR,DB Search
FLLGFC(+57.02)DQK,103.97,1126.5481,9,0.7,564.28174,2,56.7780,38296,Vasilevskiy_L_different_L076_RZ_20240206_AV-1.raw,8.31E5,1,1,"Carbamidomethylation",,A0A143MHJ7|A0A143MHJ7_MESEU,DB Search
FLPVSEIYTYNGYNGNWVNDIAILK,105.63,2902.4541,25,-3.2,968.48889,3,69.1766,48683,Vasilevskiy_L_different_L076_RZ_20240206_AV-1.raw,,0,0,"",,E4VP22|E4VP22_MESEU:E4VP49|E4VP49_MESEU,DB Search
FLQ(+0.98)MFSQ(+0.98)TDAFLGTIWNAVK,34.01,2318.1292,20,-4.5,580.53699,4,54.1175,36147,Vasilevskiy_L_different_L076_RZ_20240206_AV-1.raw,5.91E5,1,1,"Deamidation (NQ);Deamidation (NQ)","Q3:Deamidation (NQ):37.72;Q7:Deamidation (NQ):43.70",T1E6W7|T1E6W7_9SCOR,DB Search
FM(+15.99)SSLK,48.92,727.3575,6,0.0,364.68600,2,20.0678,9323,Vasilevskiy_L_different_L076_RZ_20240206_AV-1.raw,6.93E6,1,1,"Oxidation (M)","M2:Oxidation (M):1000.00",A0A088D9U2|A0A088D9U2_MESEU:A0A088DB26|A0A088DB26_MESEU,DB Search
FMC(+57.02)QGGDFTR,37.09,1217.4957,10,0.5,609.75543,2,30.7330,17483,Vasilevskiy_L_different_L076_RZ_20240206_AV-1.raw,1.2E5,1,1,"Carbamidomethylation",,A0A2I9LPF3|A0A2I9LPF3_9SCOR:A0A1W7R9W4|A0A1W7R9W4_9SCOR,DB Search
FMSNLK,45.72,738.3734,6,0.5,370.19418,2,24.4181,12574,Vasilevskiy_L_different_L076_RZ_20240206_AV-1.raw,1.29E6,1,1,"",,E4VP17|E4VP17_MESEU:E4VP34|E4VP34_MESEU:P0CH57|NDB51_MESEU:E4VP57|E4VP57_MESEU:A0A088DAE8|A0A088DAE8_MESEU,DB Search
FMSSLK,63.26,711.3625,6,0.9,356.68887,2,25.5440,13515,Vasilevskiy_L_different_L076_RZ_20240206_AV-1.raw,8.53E7,1,1,"",,A0A088D9U2|A0A088D9U2_MESEU:A0A088DB26|A0A088DB26_MESEU,DB Search
FN(+0.98)ENPGVMSDTSTSLRDPIFYR,104.26,2546.1748,22,5.3,849.73669,3,56.6435,38266,Vasilevskiy_L_different_L076_RZ_20240206_AV-1.raw,,0,0,"Deamidation (NQ)","N2:Deamidation (NQ):32.28",A0A1W7RAD3|A0A1W7RAD3_9SCOR:C6H101|C6H101_PANIM:A0A1E1WWC5|A0A1E1WWC5_TITOB,DB Search
FN(+0.98)HDC(+57.02)DEC(+57.02)R,24.25,1252.4237,9,-4.8,418.47983,3,28.3179,15640,Vasilevskiy_L_different_L076_RZ_20240206_AV-1.raw,9.05E4,1,1,"Deamidation (NQ);Carbamidomethylation;Carbamidomethylation","N2:Deamidation (NQ):1000.00",T1DPC1|T1DPC1_9SCOR:A0A0U1SCI0|A0A0U1SCI0_ISOMC,DB Search
FNDIGC(+57.02)K,91.61,852.3800,7,-0.3,427.19714,2,20.3624,9555,Vasilevskiy_L_different_L076_RZ_20240206_AV-1.raw,,0,0,"Carbamidomethylation",,A0A059UD51|A0A059UD51_MESGB:A0A088DB18|A0A088DB18_MESEU,DB Search
FNENPGVMSDTSTSLRDPIFYR,100.06,2545.1907,22,-0.7,849.40356,3,57.0287,38364,Vasilevskiy_L_different_L076_RZ_20240206_AV-1.raw,2.59E6,1,1,"",,A0A1W7RAD3|A0A1W7RAD3_9SCOR:C6H101|C6H101_PANIM:A0A1E1WWC5|A0A1E1WWC5_TITOB,DB Search
FNILQK,68.03,761.4435,6,-0.1,381.72903,2,36.3716,22012,Vasilevskiy_L_different_L076_RZ_20240206_AV-1.raw,8.3E5,1,1,"",,A0AA50AAI4|A0AA50AAI4_ANDCR,DB Search
FNLPSAQLDEYGR,90.53,1508.7260,13,2.1,755.37183,2,54.0301,36125,Vasilevskiy_L_different_L076_RZ_20240206_AV-1.raw,,0,0,"",,A0A2I9LPI1|A0A2I9LPI1_9SCOR,DB Search
FPNIQVEAAC(+57.02)R,104.56,1303.6343,11,0.9,652.82501,2,43.7125,27859,Vasilevskiy_L_different_L076_RZ_20240206_AV-1.raw,,0,0,"Carbamidomethylation",,A0A088DAY3|A0A088DAY3_MESEU,DB Search
FPWYGEK,79.65,925.4333,7,0.1,463.72403,2,46.5746,30127,Vasilevskiy_L_different_L076_RZ_20240206_AV-1.raw,6.93E5,1,1,"",,A0A2I9LPB9|A0A2I9LPB9_9SCOR,DB Search
FQENPGVMSDTSTSLRDPIFYR,91.70,2559.2063,22,-1.9,854.07446,3,56.7292,38337,Vasilevskiy_L_different_L076_RZ_20240206_AV-1.raw,,0,0,"",,P80476|HCY6_ANDAU:A0A2I9LP22|A0A2I9LP22_9SCOR:C6H0Z9|C6H0Z9_PANIM:A0A1E1WVP7|A0A1E1WVP7_TITOB:A0A1W7RAE6|A0A1W7RAE6_9SCOR,DB Search
FQETLGVMSDTSTSLRDPIFYR,99.31,2562.2424,22,-0.6,855.08759,3,62.7043,43208,Vasilevskiy_L_different_L076_RZ_20240206_AV-1.raw,1.09E6,1,1,"",,A0A1E1WVS7|A0A1E1WVS7_TITOB,DB Search
FQPETLAAMK,104.85,1134.5743,10,0.5,568.29474,2,42.0864,26374,Vasilevskiy_L_different_L076_RZ_20240206_AV-1.raw,2E6,1,1,"",,A0A1S5QN46|A0A1S5QN46_TITSE,DB Search
FSDN(+0.98)TAGIAFPNTVC(+57.02)R,96.48,1769.8043,16,1.1,885.91040,2,51.4606,34408,Vasilevskiy_L_different_L076_RZ_20240206_AV-1.raw,2.19E7,1,1,"Deamidation (NQ);Carbamidomethylation","N4:Deamidation (NQ):142.27",E4VNZ7|E4VNZ7_MESEU,DB Search
FSDN(+0.98)TAGIAFPNTVC(+57.02)RQC(+57.02)YKYGLVTDDSKLNER,90.45,3839.7883,33,4.0,960.95819,4,51.1939,33842,Vasilevskiy_L_different_L076_RZ_20240206_AV-1.raw,2.23E5,1,1,"Deamidation (NQ);Carbamidomethylation;Carbamidomethylation","N4:Deamidation (NQ):61.72",E4VNZ7|E4VNZ7_MESEU,DB Search
FSDNTAGIAFPN,90.18,1252.5724,12,1.0,627.29407,2,54.1847,36064,Vasilevskiy_L_different_L076_RZ_20240206_AV-1.raw,3.19E7,3,3,"",,E4VNZ7|E4VNZ7_MESEU,DB Search
FSDNTAGIAFPN(+0.98)TVC(+57.02)R,110.81,1769.8043,16,2.2,590.94330,3,51.4606,33957,Vasilevskiy_L_different_L076_RZ_20240206_AV-1.raw,1.85E7,4,4,"Deamidation (NQ);Carbamidomethylation","N12:Deamidation (NQ):49.31",E4VNZ7|E4VNZ7_MESEU,DB Search
FSDNTAGIAFPNTV,91.79,1452.6885,14,0.7,727.35199,2,61.5219,42285,Vasilevskiy_L_different_L076_RZ_20240206_AV-1.raw,7.38E4,1,1,"",,E4VNZ7|E4VNZ7_MESEU,DB Search
FSDNTAGIAFPNTVC(+57.02)R,105.02,1768.8202,16,0.0,885.41742,2,50.9091,33574,Vasilevskiy_L_different_L076_RZ_20240206_AV-1.raw,5.6E8,2,2,"Carbamidomethylation",,E4VNZ7|E4VNZ7_MESEU,DB Search
FSDNTAGIAFPNTVC(+57.02)RQC(+57.02)YKYGLVTDDSKLNER,86.86,3838.8042,33,1.1,960.70941,4,51.2362,33842,Vasilevskiy_L_different_L076_RZ_20240206_AV-1.raw,,0,0,"Carbamidomethylation;Carbamidomethylation",,E4VNZ7|E4VNZ7_MESEU,DB Search
FSFGLGK,44.08,754.4014,7,0.6,378.20819,2,47.5322,30823,Vasilevskiy_L_different_L076_RZ_20240206_AV-1.raw,2.33E6,1,1,"",,A0A1W7R982|A0A1W7R982_9SCOR,DB Search
FSHPLHHLGK,100.20,1171.6250,10,0.8,391.54926,3,17.5969,7225,Vasilevskiy_L_different_L076_RZ_20240206_AV-1.raw,,0,0,"",,A0A2I9LNZ2|A0A2I9LNZ2_9SCOR,DB Search
FSNIHVEGIIC(+57.02)NLR,72.08,1670.8562,14,2.0,557.96045,3,55.5489,37384,Vasilevskiy_L_different_L076_RZ_20240206_AV-1.raw,,0,0,"Carbamidomethylation",,A0A088D9S3|A0A088D9S3_MESEU,DB Search
FSNMQVEAGC(+57.02)DR,93.68,1412.5813,12,1.1,707.29871,2,25.8644,13795,Vasilevskiy_L_different_L076_RZ_20240206_AV-1.raw,1.54E5,1,1,"Carbamidomethylation",,A0A088DB12|A0A088DB12_MESEU,DB Search
FSPC(+57.02)C(+57.02)K,94.60,797.3200,6,1.5,399.66791,2,18.2169,7714,Vasilevskiy_L_different_L076_RZ_20240206_AV-1.raw,1.62E8,1,1,"Carbamidomethylation;Carbamidomethylation",,E4VNZ8|E4VNZ8_MESEU:E4VNZ7|E4VNZ7_MESEU:U6BLN5|VMPA1_MESMA,DB Search
FSQILAPVFDETADK,95.22,1679.8406,15,1.2,840.92859,2,63.4505,43801,Vasilevskiy_L_different_L076_RZ_20240206_AV-1.raw,2.13E5,1,1,"",,A0A2I9LNZ2|A0A2I9LNZ2_9SCOR,DB Search
FSTVGGER,72.03,851.4137,8,-0.8,426.71378,2,19.7394,9074,Vasilevskiy_L_different_L076_RZ_20240206_AV-1.raw,1.16E5,1,1,"",,A0A8K1NDQ8|A0A8K1NDQ8_ANDCR,DB Search
FTSNIQSK,93.47,923.4713,8,0.5,462.74310,2,18.9888,8403,Vasilevskiy_L_different_L076_RZ_20240206_AV-1.raw,3.31E7,1,1,"",,A0A218QX21|A0A218QX21_TITSE:A0A0C9RP88|A0A0C9RP88_TITBA,DB Search
FTTDHN(+0.98)MAK,103.83,1064.4597,9,0.9,355.82748,3,17.9244,7518,Vasilevskiy_L_different_L076_RZ_20240206_AV-1.raw,7.37E6,4,4,"Deamidation (NQ)","N6:Deamidation (NQ):1000.00",A0A0D4CZV2|A0A0D4CZV2_MESEU:F1DI80|CTXL2_MESEU:P60269|CTXI4_MESEU:A0A5P8U2Q5|A0A5P8U2Q5_MESEU:P86401|CTXL_MESEU,DB Search
FTTDHNM(+15.99)AK,104.44,1079.4706,9,3.2,360.83194,3,15.4175,5475,Vasilevskiy_L_different_L076_RZ_20240206_AV-1.raw,5.45E7,2,2,"Oxidation (M)","M7:Oxidation (M):1000.00",A0A0D4CZV2|A0A0D4CZV2_MESEU:F1DI80|CTXL2_MESEU:P60269|CTXI4_MESEU:A0A5P8U2Q5|A0A5P8U2Q5_MESEU:P86401|CTXL_MESEU,DB Search
FTTDHNMAK,104.50,1063.4757,9,0.8,355.49945,3,17.7604,7325,Vasilevskiy_L_different_L076_RZ_20240206_AV-1.raw,6.02E8,3,3,"",,A0A0D4CZV2|A0A0D4CZV2_MESEU:F1DI80|CTXL2_MESEU:P60269|CTXI4_MESEU:A0A5P8U2Q5|A0A5P8U2Q5_MESEU:P86401|CTXL_MESEU,DB Search
FTTDHNMAKK,94.35,1191.5707,10,0.2,596.79272,2,16.0233,5973,Vasilevskiy_L_different_L076_RZ_20240206_AV-1.raw,,0,0,"",,A0A0D4CZV2|A0A0D4CZV2_MESEU:F1DI80|CTXL2_MESEU:P60269|CTXI4_MESEU:A0A5P8U2Q5|A0A5P8U2Q5_MESEU:P86401|CTXL_MESEU,DB Search
FTTRPDM(+15.99)AQQ(+0.98)C(+57.02)R,104.56,1526.6606,12,3.6,509.89600,3,18.2425,7772,Vasilevskiy_L_different_L076_RZ_20240206_AV-1.raw,4.76E5,1,1,"Oxidation (M);Deamidation (NQ);Carbamidomethylation","M7:Deamidation (NQ):14.02",E4VP45|E4VP45_MESEU:P15220|CTXI1_MESEU:A0A143MGK4|A0A143MGK4_MESEU:E4VP46|E4VP46_MESEU:R4H559|R4H559_MESEU:A0A146CIP8|A0A146CIP8_MESEU:R4H5A4|R4H5A4_MESEU:P86402|CTXL1_MESEU:A0A146CIP9|A0A146CIP9_MESEU,DB Search
FTTRPDM(+15.99)AQQC(+57.02)R,104.93,1525.6766,12,0.2,509.56622,3,17.5151,7174,Vasilevskiy_L_different_L076_RZ_20240206_AV-1.raw,1.63E8,6,6,"Oxidation (M);Carbamidomethylation","M7:Oxidation (M):1000.00",E4VP45|E4VP45_MESEU:P15220|CTXI1_MESEU:A0A143MGK4|A0A143MGK4_MESEU:E4VP46|E4VP46_MESEU:R4H559|R4H559_MESEU:A0A146CIP8|A0A146CIP8_MESEU:R4H5A4|R4H5A4_MESEU:P86402|CTXL1_MESEU:A0A146CIP9|A0A146CIP9_MESEU,DB Search
FTTRPDMAEQC(+57.02)R,104.74,1510.6656,12,8.4,504.56674,3,21.6475,10524,Vasilevskiy_L_different_L076_RZ_20240206_AV-1.raw,3.02E6,2,2,"Carbamidomethylation",,A0A5P8U2N8|A0A5P8U2N8_MESEU,DB Search
FTTRPDMAQQ(+0.98)C(+57.02)R,104.83,1510.6656,12,1.4,504.56323,3,21.9935,10802,Vasilevskiy_L_different_L076_RZ_20240206_AV-1.raw,3.8E7,3,3,"Deamidation (NQ);Carbamidomethylation","Q10:Deamidation (NQ):30.46",E4VP45|E4VP45_MESEU:P15220|CTXI1_MESEU:A0A143MGK4|A0A143MGK4_MESEU:E4VP46|E4VP46_MESEU:R4H559|R4H559_MESEU:A0A146CIP8|A0A146CIP8_MESEU:R4H5A4|R4H5A4_MESEU:P86402|CTXL1_MESEU:A0A146CIP9|A0A146CIP9_MESEU,DB Search
FTTRPDMAQQC(+57.02)R,104.94,1509.6816,12,0.4,504.23468,3,22.4129,11381,Vasilevskiy_L_different_L076_RZ_20240206_AV-1.raw,9.41E9,7,7,"Carbamidomethylation",,E4VP45|E4VP45_MESEU:P15220|CTXI1_MESEU:A0A143MGK4|A0A143MGK4_MESEU:E4VP46|E4VP46_MESEU:R4H559|R4H559_MESEU:A0A146CIP8|A0A146CIP8_MESEU:R4H5A4|R4H5A4_MESEU:P86402|CTXL1_MESEU:A0A146CIP9|A0A146CIP9_MESEU,DB Search
FTTRPDMAQQC(+57.02)RDC(+57.02)C(+57.02)GGN(+0.98)GK,94.00,2358.9563,20,0.5,787.32642,3,19.9390,9233,Vasilevskiy_L_different_L076_RZ_20240206_AV-1.raw,1.5E6,1,1,"Carbamidomethylation;Carbamidomethylation;Carbamidomethylation;Deamidation (NQ)","C11:Deamidation (NQ):100.79",E4VP45|E4VP45_MESEU:E4VP46|E4VP46_MESEU:R4H559|R4H559_MESEU:R4H5A4|R4H5A4_MESEU:P86402|CTXL1_MESEU,DB Search
FTTRPDMAQQC(+57.02)RDC(+57.02)C(+57.02)GGNGK,108.66,2357.9722,20,0.2,590.50043,4,19.4337,8770,Vasilevskiy_L_different_L076_RZ_20240206_AV-1.raw,3.14E6,2,2,"Carbamidomethylation;Carbamidomethylation;Carbamidomethylation",,E4VP45|E4VP45_MESEU:E4VP46|E4VP46_MESEU:R4H559|R4H559_MESEU:R4H5A4|R4H5A4_MESEU:P86402|CTXL1_MESEU,DB Search
FTTRPN(+0.98)M(+15.99)AQQC(+57.02)R,103.02,1525.6766,12,0.2,509.56625,3,18.1141,7673,Vasilevskiy_L_different_L076_RZ_20240206_AV-1.raw,,0,0,"Deamidation (NQ);Oxidation (M);Carbamidomethylation","N6:Deamidation (NQ):78.06",A0A023UH07|A0A023UH07_MESGB:A0A023UGK1|A0A023UGK1_MESGB,DB Search
FTTRPN(+0.98)MAQQ(+0.98)C(+57.02)R,95.73,1510.6656,12,0.8,504.56293,3,21.5282,10379,Vasilevskiy_L_different_L076_RZ_20240206_AV-1.raw,5.17E7,1,1,"Deamidation (NQ);Deamidation (NQ);Carbamidomethylation","N6:Deamidation (NQ):78.06;Q10:Deamidation (NQ):14.02",A0A023UH07|A0A023UH07_MESGB:A0A023UGK1|A0A023UGK1_MESGB,DB Search
FTTRPN(+0.98)MAQQC(+57.02)R,98.69,1509.6816,12,-1.1,755.84729,2,21.6841,10553,Vasilevskiy_L_different_L076_RZ_20240206_AV-1.raw,9.34E9,3,3,"Deamidation (NQ);Carbamidomethylation","N6:Deamidation (NQ):91.37",A0A023UH07|A0A023UH07_MESGB:A0A023UGK1|A0A023UGK1_MESGB,DB Search
FVDNIFQDYK,94.51,1287.6135,10,0.8,644.81458,2,57.4197,38792,Vasilevskiy_L_different_L076_RZ_20240206_AV-1.raw,2.65E6,1,1,"",,A0A1E1WWC5|A0A1E1WWC5_TITOB,DB Search
FVLTAAH,104.50,757.4122,7,0.2,379.71347,2,31.2534,17793,Vasilevskiy_L_different_L076_RZ_20240206_AV-1.raw,8.67E5,1,1,"",,A0A1S5QN69|A0A1S5QN69_TITSE:P0C8M2|CBP_MESMA:E4VP22|E4VP22_MESEU:E4VP23|E4VP23_MESEU:E4VP49|E4VP49_MESEU,DB Search
FVLTAAHC(+57.02)VYDDDNTK,110.75,1867.8411,16,0.6,623.62134,3,39.4591,24405,Vasilevskiy_L_different_L076_RZ_20240206_AV-1.raw,2.68E5,1,1,"Carbamidomethylation",,E4VP22|E4VP22_MESEU:E4VP23|E4VP23_MESEU:E4VP49|E4VP49_MESEU,DB Search
FVLTSAL,81.51,749.4323,7,0.2,750.43976,1,63.6824,44017,Vasilevskiy_L_different_L076_RZ_20240206_AV-1.raw,3.09E5,1,1,"",,E4VP53|E4VP53_MESEU,DB Search
FVLTSALC(+57.02),86.04,909.4630,8,1.6,455.73950,2,60.0738,41084,Vasilevskiy_L_different_L076_RZ_20240206_AV-1.raw,9.45E4,1,1,"Carbamidomethylation",,E4VP53|E4VP53_MESEU,DB Search
FYC(+57.02)KSTDILVLRADIVMLITKRPLGDYDEK,115.09,3571.8782,30,1.2,596.32104,6,67.9965,47683,Vasilevskiy_L_different_L076_RZ_20240206_AV-1.raw,8.22E6,3,3,"Carbamidomethylation",,E4VNZ8|E4VNZ8_MESEU:E4VNZ7|E4VNZ7_MESEU,DB Search
G(+42.01)SYC(+57.02)N(+0.98)DLC(+57.02)TEN(+0.98)GAESGYC(+57.02)QILGK,90.69,2639.0461,23,-5.4,880.68457,3,50.4167,33163,Vasilevskiy_L_different_L076_RZ_20240206_AV-1.raw,,0,0,"Acetylation (Protein N-term);Carbamidomethylation;Deamidation (NQ);Carbamidomethylation;Deamidation (NQ); more","G1:Deamidation (NQ):23.27;C4:Deamidation (NQ):35.10",P09981|SCX9_MESEU,DB Search
GADGSYC(+57.02)QWLGR,93.50,1368.5880,12,0.5,685.30164,2,46.3926,29901,Vasilevskiy_L_different_L076_RZ_20240206_AV-1.raw,2.24E7,1,1,"Carbamidomethylation",,P09982|SCXE_MESEU,DB Search
GADSGYC(+57.02)QWFGR,94.46,1402.5724,12,0.2,702.29364,2,51.0322,33602,Vasilevskiy_L_different_L076_RZ_20240206_AV-1.raw,7.52E6,1,1,"Carbamidomethylation",,D8UWD8|SCXN9_MESEU:A0A146CJ08|A0A146CJ08_MESEU:P86403|SCXN2_MESEU,DB Search
GAESGKC(+57.02)WYAGQ(+0.98)YGN(+0.98)AC(+57.02)WC(+57.02)YK,109.71,2516.9824,21,-4.9,839.99731,3,57.0602,39131,Vasilevskiy_L_different_L076_RZ_20240206_AV-1.raw,9.53E8,4,4,"Carbamidomethylation;Deamidation (NQ);Deamidation (NQ);Carbamidomethylation;Carbamidomethylation","C7:Deamidation (NQ):1000.00;Q12:Deamidation (NQ):1000.00",P01490|SCXA_MESEU,DB Search
GAESGKC(+57.02)WYAGQ(+0.98)YGNAC(+57.02)WC(+57.02)YK,109.57,2515.9983,21,-8.1,839.66663,3,62.6737,43231,Vasilevskiy_L_different_L076_RZ_20240206_AV-1.raw,,0,0,"Carbamidomethylation;Deamidation (NQ);Carbamidomethylation;Carbamidomethylation","C7:Deamidation (NQ):28.36",P01490|SCXA_MESEU,DB Search
GAESGKC(+57.02)WYAGQYGNAC(+57.02)WC(+57.02)YK,108.74,2515.0144,21,-2.1,839.34363,3,57.7861,39207,Vasilevskiy_L_different_L076_RZ_20240206_AV-1.raw,,0,0,"Carbamidomethylation;Carbamidomethylation;Carbamidomethylation",,P01490|SCXA_MESEU,DB Search
GAESGYC(+57.02)Q(+0.98)WAGQYGNAC(+57.02)WC(+57.02)YK,76.13,2515.9619,21,7.1,1258.99719,2,64.4935,44741,Vasilevskiy_L_different_L076_RZ_20240206_AV-1.raw,2.83E5,1,1,"Carbamidomethylation;Deamidation (NQ);Carbamidomethylation;Carbamidomethylation","C7:Deamidation (NQ):19.86",P86408|SCXN1_MESEU:D8UWD3|SCXN7_MESEU:A0A143FHE4|A0A143FHE4_MESEU,DB Search
GAESGYC(+57.02)Q(+0.98)WAGVYGNAC(+57.02)WC(+57.02)YK,112.98,2486.9719,21,8.5,830.00494,3,60.9974,41856,Vasilevskiy_L_different_L076_RZ_20240206_AV-1.raw,,0,0,"Carbamidomethylation;Deamidation (NQ);Carbamidomethylation;Carbamidomethylation","C7:Deamidation (NQ):19.99",G4V3T9|SCAA2_MESMA:Q9GNG8|SC15_MESMA:Q9GUA7|SCA3_MESMA:Q95P69|SCAA_MESMA:Q1EG63|Q1EG63_MESMA:A0A7D5FUD4|A0A7D5FUD4_MESEU:Q9GYX2|SCA1_MESMA:Q4TUA4|SCA4_MESMA:Q49S27|Q49S27_MESMA,DB Search
GAESGYC(+57.02)Q(+0.98)WAGVYGNAC(+57.02)WC(+57.02)YKLPDKVPIR,55.82,3405.5369,29,0.9,1136.18726,3,58.6871,39817,Vasilevskiy_L_different_L076_RZ_20240206_AV-1.raw,8.36E5,1,1,"Carbamidomethylation;Deamidation (NQ);Carbamidomethylation;Carbamidomethylation","C7:Deamidation (NQ):34.75",G4V3T9|SCAA2_MESMA:Q9GNG8|SC15_MESMA:Q9GUA7|SCA3_MESMA:Q95P69|SCAA_MESMA:A0A7D5FUD4|A0A7D5FUD4_MESEU:Q9GYX2|SCA1_MESMA:Q4TUA4|SCA4_MESMA:Q49S27|Q49S27_MESMA,DB Search
GAESGYC(+57.02)QILGK,101.33,1281.6023,12,2.6,641.81012,2,36.4687,22154,Vasilevskiy_L_different_L076_RZ_20240206_AV-1.raw,,0,0,"Carbamidomethylation",,P09981|SCX9_MESEU,DB Search
GAESGYC(+57.02)QW,110.13,1056.3971,9,-2.3,529.20459,2,40.5515,25361,Vasilevskiy_L_different_L076_RZ_20240206_AV-1.raw,,0,0,"Carbamidomethylation",,P86408|SCXN1_MESEU:Q9GUA7|SCA3_MESMA:D8UWD3|SCXN7_MESEU:Q4TUA4|SCA4_MESMA:Q9BLM4|SCXA_ANDAU:Q49S27|Q49S27_MESMA,DB Search
GAESGYC(+57.02)QWAGQ(+0.98)YGNAC(+57.02)WC(+57.02),96.07,2224.8037,19,4.1,1113.41370,2,59.6679,40760,Vasilevskiy_L_different_L076_RZ_20240206_AV-1.raw,,0,0,"Carbamidomethylation;Deamidation (NQ);Carbamidomethylation;Carbamidomethylation","C7:Deamidation (NQ):42.68",P86408|SCXN1_MESEU:D8UWD3|SCXN7_MESEU,DB Search
GAESGYC(+57.02)QWAGQ(+0.98)YGNAC(+57.02)WC(+57.02)YK,109.72,2515.9619,21,3.2,1258.99231,2,57.0536,38677,Vasilevskiy_L_different_L076_RZ_20240206_AV-1.raw,3.21E8,1,1,"Carbamidomethylation;Deamidation (NQ);Carbamidomethylation;Carbamidomethylation","C7:Deamidation (NQ):9.42",P86408|SCXN1_MESEU:D8UWD3|SCXN7_MESEU:A0A143FHE4|A0A143FHE4_MESEU,DB Search
GAESGYC(+57.02)QWAGQY,94.19,1475.5775,13,1.1,738.79688,2,50.1119,32841,Vasilevskiy_L_different_L076_RZ_20240206_AV-1.raw,1.92E6,1,1,"Carbamidomethylation",,P86408|SCXN1_MESEU:D8UWD3|SCXN7_MESEU,DB Search
GAESGYC(+57.02)QWAGQYGN,110.53,1646.6420,15,5.3,824.33264,2,45.9814,29661,Vasilevskiy_L_different_L076_RZ_20240206_AV-1.raw,8.74E7,2,2,"Carbamidomethylation",,P86408|SCXN1_MESEU:D8UWD3|SCXN7_MESEU,DB Search
GAESGYC(+57.02)QWAGQYGN(+0.98)AC(+57.02)WC(+57.02)YK,105.02,2515.9619,21,2.9,839.66370,3,56.9938,38557,Vasilevskiy_L_different_L076_RZ_20240206_AV-1.raw,3.21E8,1,1,"Carbamidomethylation;Deamidation (NQ);Carbamidomethylation;Carbamidomethylation","C7:Deamidation (NQ):27.77",P86408|SCXN1_MESEU:D8UWD3|SCXN7_MESEU:A0A143FHE4|A0A143FHE4_MESEU,DB Search
GAESGYC(+57.02)QWAGQYGNA,110.23,1717.6791,16,0.3,859.84705,2,47.7807,31111,Vasilevskiy_L_different_L076_RZ_20240206_AV-1.raw,,0,0,"Carbamidomethylation",,P86408|SCXN1_MESEU:D8UWD3|SCXN7_MESEU,DB Search
GAESGYC(+57.02)QWAGQYGNAC(+57.02),100.41,1877.7097,17,-0.3,939.86182,2,46.7697,30031,Vasilevskiy_L_different_L076_RZ_20240206_AV-1.raw,1.48E7,1,1,"Carbamidomethylation;Carbamidomethylation",,P86408|SCXN1_MESEU:D8UWD3|SCXN7_MESEU,DB Search
GAESGYC(+57.02)QWAGQYGNAC(+57.02)W,98.83,2063.7891,18,-3.2,1032.89844,2,62.4065,43050,Vasilevskiy_L_different_L076_RZ_20240206_AV-1.raw,3.87E5,1,1,"Carbamidomethylation;Carbamidomethylation",,P86408|SCXN1_MESEU:D8UWD3|SCXN7_MESEU,DB Search
GAESGYC(+57.02)QWAGQYGNAC(+57.02)WC(+57.02),104.01,2223.8196,19,0.4,742.28082,3,59.7826,40858,Vasilevskiy_L_different_L076_RZ_20240206_AV-1.raw,3.9E6,2,2,"Carbamidomethylation;Carbamidomethylation;Carbamidomethylation",,P86408|SCXN1_MESEU:D8UWD3|SCXN7_MESEU,DB Search
GAESGYC(+57.02)QWAGQYGNAC(+57.02)WC(+57.02)Y,106.33,2386.8831,20,1.3,796.63599,3,64.2103,44750,Vasilevskiy_L_different_L076_RZ_20240206_AV-1.raw,3.06E6,1,1,"Carbamidomethylation;Carbamidomethylation;Carbamidomethylation",,P86408|SCXN1_MESEU:D8UWD3|SCXN7_MESEU,DB Search
GAESGYC(+57.02)QWAGQYGNAC(+57.02)WC(+57.02)YK,112.42,2514.9780,21,-1.9,1258.49390,2,63.3471,43714,Vasilevskiy_L_different_L076_RZ_20240206_AV-1.raw,9.09E9,25,25,"Carbamidomethylation;Carbamidomethylation;Carbamidomethylation",,P86408|SCXN1_MESEU:D8UWD3|SCXN7_MESEU:A0A143FHE4|A0A143FHE4_MESEU,DB Search
GAESGYC(+57.02)QWAGQYGNAC(+57.02)WC(+57.02)YKLPDKVPIK,112.35,3405.5369,29,-0.4,852.39117,4,58.6527,39810,Vasilevskiy_L_different_L076_RZ_20240206_AV-1.raw,4.15E6,1,1,"Carbamidomethylation;Carbamidomethylation;Carbamidomethylation",,P86408|SCXN1_MESEU:D8UWD3|SCXN7_MESEU:A0A143FHE4|A0A143FHE4_MESEU,DB Search
GAESGYC(+57.02)QWAGVYGN,112.60,1617.6517,15,1.3,809.83423,2,52.8450,35286,Vasilevskiy_L_different_L076_RZ_20240206_AV-1.raw,6.89E5,1,1,"Carbamidomethylation",,Q9GUA7|SCA3_MESMA:Q4TUA4|SCA4_MESMA:Q49S27|Q49S27_MESMA,DB Search
GAESGYC(+57.02)QWAGVYGN(+0.98)AC(+57.02)WC(+57.02)YKLPDKVPIR,109.58,3405.5369,29,-0.4,852.39117,4,58.6527,39758,Vasilevskiy_L_different_L076_RZ_20240206_AV-1.raw,4.15E6,1,1,"Carbamidomethylation;Deamidation (NQ);Carbamidomethylation;Carbamidomethylation","C7:Deamidation (NQ):44.44",G4V3T9|SCAA2_MESMA:Q9GNG8|SC15_MESMA:Q9GUA7|SCA3_MESMA:Q95P69|SCAA_MESMA:A0A7D5FUD4|A0A7D5FUD4_MESEU:Q9GYX2|SCA1_MESMA:Q4TUA4|SCA4_MESMA:Q49S27|Q49S27_MESMA,DB Search
GAESGYC(+57.02)QWAGVYGNAC(+57.02),96.29,1848.7196,17,4.8,925.37152,2,54.0175,36071,Vasilevskiy_L_different_L076_RZ_20240206_AV-1.raw,8.28E4,1,1,"Carbamidomethylation;Carbamidomethylation",,Q9GUA7|SCA3_MESMA:Q4TUA4|SCA4_MESMA:Q49S27|Q49S27_MESMA,DB Search
GAESGYC(+57.02)QWAGVYGNAC(+57.02)WC(+57.02)YK,116.57,2485.9878,21,-1.3,829.66882,3,61.7182,42449,Vasilevskiy_L_different_L076_RZ_20240206_AV-1.raw,2.37E7,2,2,"Carbamidomethylation;Carbamidomethylation;Carbamidomethylation",,G4V3T9|SCAA2_MESMA:Q9GNG8|SC15_MESMA:Q9GUA7|SCA3_MESMA:Q95P69|SCAA_MESMA:Q1EG63|Q1EG63_MESMA:A0A7D5FUD4|A0A7D5FUD4_MESEU:Q9GYX2|SCA1_MESMA:Q4TUA4|SCA4_MESMA:Q49S27|Q49S27_MESMA,DB Search
GAGAFGHFVVTHDITK,104.16,1655.8419,16,0.6,552.95490,3,40.3069,25147,Vasilevskiy_L_different_L076_RZ_20240206_AV-1.raw,3.23E5,1,1,"",,A0A8K1NDQ8|A0A8K1NDQ8_ANDCR,DB Search
GATYGYC(+57.02)WGWGIA,79.56,1460.6183,13,0.6,731.31683,2,68.9521,48500,Vasilevskiy_L_different_L076_RZ_20240206_AV-1.raw,2.22E5,1,1,"Carbamidomethylation",,A0A5P8U2N1|A0A5P8U2N1_MESEU,DB Search
GATYGYC(+57.02)WGWGIAC(+57.02),91.45,1620.6489,14,0.8,811.33240,2,68.4935,48121,Vasilevskiy_L_different_L076_RZ_20240206_AV-1.raw,2.27E5,1,1,"Carbamidomethylation;Carbamidomethylation",,A0A5P8U2N1|A0A5P8U2N1_MESEU,DB Search
GAVGALLVYDIAK,93.73,1288.7390,13,0.5,645.37714,2,64.6077,44831,Vasilevskiy_L_different_L076_RZ_20240206_AV-1.raw,4.94E4,1,1,"",,A0A1W7R9U7|A0A1W7R9U7_9SCOR,DB Search
GAYMGK,43.65,625.2894,6,0.5,313.65213,2,17.9260,7545,Vasilevskiy_L_different_L076_RZ_20240206_AV-1.raw,4.82E5,1,1,"",,A0A7U1GK49|A0A7U1GK49_ANDCR,DB Search
GC(+57.02)MPC(+57.02)FTTDR,98.00,1243.4784,10,0.3,622.74664,2,34.7407,20714,Vasilevskiy_L_different_L076_RZ_20240206_AV-1.raw,4.35E5,1,1,"Carbamidomethylation;Carbamidomethylation",,A0A0D4CYV3|A0A0D4CYV3_MESEU,DB Search
GC(+57.02)PAYQ(+0.98)GYC(+57.02)DDHC(+57.02)QDIEK,70.22,2215.8245,18,7.8,739.62122,3,24.8594,13002,Vasilevskiy_L_different_L076_RZ_20240206_AV-1.raw,,0,0,"Carbamidomethylation;Deamidation (NQ);Carbamidomethylation;Carbamidomethylation","C2:Deamidation (NQ):18.75",A9XE60|KBX11_MESEU:E4VP14|E4VP14_MESEU:E4VP56|E4VP56_MESEU,DB Search
GC(+57.02)PAYQGYC(+57.02)DDHC(+57.02)QDIEK,117.22,2214.8406,18,0.6,739.28790,3,24.9143,13037,Vasilevskiy_L_different_L076_RZ_20240206_AV-1.raw,,0,0,"Carbamidomethylation;Carbamidomethylation;Carbamidomethylation",,A9XE60|KBX11_MESEU:E4VP14|E4VP14_MESEU:E4VP56|E4VP56_MESEU,DB Search
GC(+57.02)PAYQGYC(+57.02)DDHC(+57.02)QDIEKK,105.03,2342.9355,19,-0.4,781.98547,3,21.9101,10757,Vasilevskiy_L_different_L076_RZ_20240206_AV-1.raw,9.81E5,1,1,"Carbamidomethylation;Carbamidomethylation;Carbamidomethylation",,A9XE60|KBX11_MESEU:E4VP14|E4VP14_MESEU:E4VP56|E4VP56_MESEU,DB Search
GC(+57.02)WRKC(+57.02)SAN(+0.98)EEC(+57.02)TKYC(+57.02)EEEGGF,26.37,2757.0564,22,-1.3,690.27045,4,30.4065,17265,Vasilevskiy_L_different_L076_RZ_20240206_AV-1.raw,4.83E5,1,1,"Carbamidomethylation;Carbamidomethylation;Deamidation (NQ);Carbamidomethylation;Carbamidomethylation","C2:Deamidation (NQ):1000.00",B8XH16|B8XH16_BUTOS,DB Search
GDEC(+57.02)KC(+57.02)FEASKYQF,21.14,1767.7233,14,7.9,884.87585,2,35.6161,21464,Vasilevskiy_L_different_L076_RZ_20240206_AV-1.raw,,0,0,"Carbamidomethylation;Carbamidomethylation",,A0A088DAY3|A0A088DAY3_MESEU,DB Search
GDGYIR,80.95,679.3289,6,0.5,340.67191,2,19.4798,8734,Vasilevskiy_L_different_L076_RZ_20240206_AV-1.raw,1.52E7,1,1,"",,A0A146CIT8|A0A146CIT8_MESEU:A0A059UED5|A0A059UED5_MESGB:A0A059UI27|A0A059UI27_MESGB,DB Search
GDGYLK,43.11,651.3228,6,1.1,326.66901,2,18.6709,8127,Vasilevskiy_L_different_L076_RZ_20240206_AV-1.raw,2.63E7,1,1,"",,A0A146CIV1|A0A146CIV1_MESEU:A0A5P8U2N1|A0A5P8U2N1_MESEU,DB Search
GDIALLK,71.52,728.4432,7,-0.2,365.22879,2,35.8406,21689,Vasilevskiy_L_different_L076_RZ_20240206_AV-1.raw,4.25E5,1,1,"",,A0A2I9LPQ8|A0A2I9LPQ8_9SCOR:A0A0C9RP91|A0A0C9RP91_TITBA:E4VP21|E4VP21_MESEU:A0A1E1WVS9|A0A1E1WVS9_TITOB:A0A0K0LBR9|A0A0K0LBR9_9SCOR:A0A0U1S633|A0A0U1S633_ISOMC,DB Search
GDINGGMLQVSDLANHLK,38.26,1880.9414,18,0.4,627.98798,3,43.8111,27967,Vasilevskiy_L_different_L076_RZ_20240206_AV-1.raw,7.12E4,1,1,"",,P86100|HYAL1_MESMA,DB Search
GDKC(+57.02)EC(+57.02)VK,89.55,994.4212,8,1.2,498.21844,2,17.3146,6993,Vasilevskiy_L_different_L076_RZ_20240206_AV-1.raw,5.12E5,1,1,"Carbamidomethylation;Carbamidomethylation",,A0A088D9S3|A0A088D9S3_MESEU:P16341|KAX51_LEIHE:Q9TVX3|KAX53_MESMA,DB Search
GDLC(+57.02)IQVGR,90.06,1016.5073,9,0.1,509.26099,2,33.3072,19495,Vasilevskiy_L_different_L076_RZ_20240206_AV-1.raw,6.7E5,1,1,"Carbamidomethylation",,A0A2I9LPD1|A0A2I9LPD1_9SCOR,DB Search
GDSGGPLVVK,96.53,927.5025,10,0.0,464.75851,2,24.0702,12315,Vasilevskiy_L_different_L076_RZ_20240206_AV-1.raw,8.01E5,1,1,"",,A0A0U1S633|A0A0U1S633_ISOMC,DB Search
GEGVSEDATEFC(+57.02)SC(+57.02)GWPEHMLIPR,98.36,2763.1726,24,-4.1,922.06104,3,62.6683,43226,Vasilevskiy_L_different_L076_RZ_20240206_AV-1.raw,,0,0,"Carbamidomethylation;Carbamidomethylation",,A0A1E1WWC5|A0A1E1WWC5_TITOB,DB Search
GEGVSEDNTEFC(+57.02)SC(+57.02)GWPQHMLIPR,103.76,2805.1946,24,1.0,936.07300,3,59.6320,40731,Vasilevskiy_L_different_L076_RZ_20240206_AV-1.raw,,0,0,"Carbamidomethylation;Carbamidomethylation",,A0A1E1WW95|A0A1E1WW95_TITOB,DB Search
GEIGVAAGK,93.43,800.4392,9,-0.1,401.22681,2,19.4507,8768,Vasilevskiy_L_different_L076_RZ_20240206_AV-1.raw,8.55E6,1,1,"",,A0A088DB08|A0A088DB08_MESEU,DB Search
GEVLSEYVGSGPPK,102.92,1417.7089,14,-0.2,709.86157,2,40.7096,25491,Vasilevskiy_L_different_L076_RZ_20240206_AV-1.raw,,0,0,"",,A0A2I9LNW8|A0A2I9LNW8_9SCOR,DB Search
GFC(+57.02)DC(+57.02)F,98.13,804.2571,6,0.1,805.26447,1,49.2482,32647,Vasilevskiy_L_different_L076_RZ_20240206_AV-1.raw,7.41E7,2,2,"Carbamidomethylation;Carbamidomethylation",,Q9BKB7|KGX21_MESEU:A0A088DAE4|A0A088DAE4_MESEU,DB Search
GFC(+57.02)HGFK,91.53,851.3748,7,0.2,426.69476,2,22.0354,10778,Vasilevskiy_L_different_L076_RZ_20240206_AV-1.raw,4.42E7,1,1,"Carbamidomethylation",,A0A5P8U361|A0A5P8U361_MESEU:P69939|KBX1_ANDAU:A9XE59|KBX12_MESEU:A0A0K0LCI9|A0A0K0LCI9_9SCOR:A9XE60|KBX11_MESEU:Q9N661|KBX1_MESMA:A0A143MI92|A0A143MI92_MESEU:E4VP14|E4VP14_MESEU:E4VP56|E4VP56_MESEU:A0A088D9S1|A0A088D9S1_MESEU:A0A088DB53|A0A088DB53_MESEU:A0A059UI30|KBX1_MESGB,DB Search
GFLC(+57.02)VAK,86.08,793.4156,7,1.2,397.71558,2,35.0388,20987,Vasilevskiy_L_different_L076_RZ_20240206_AV-1.raw,1.4E5,1,1,"Carbamidomethylation",,E4VP53|E4VP53_MESEU,DB Search
GFNQAVR,94.15,790.4086,7,0.1,396.21161,2,19.9054,9172,Vasilevskiy_L_different_L076_RZ_20240206_AV-1.raw,1.94E6,1,1,"",,A0A0K0LC52|A0A0K0LC52_9SCOR,DB Search
GFYLNNITC(+57.02)R,96.88,1256.5972,10,0.1,629.30591,2,48.5689,31672,Vasilevskiy_L_different_L076_RZ_20240206_AV-1.raw,5.5E5,1,1,"Carbamidomethylation",,E4VP53|E4VP53_MESEU,DB Search
GGHC(+57.02)SR,20.93,672.2762,6,3.5,337.14655,2,15.6662,5641,Vasilevskiy_L_different_L076_RZ_20240206_AV-1.raw,4.03E4,1,1,"Carbamidomethylation",,A0A0U1TYR0|A0A0U1TYR0_LYCMC,DB Search
GGIGTC(+57.02)YGPQC(+57.02)LC(+57.02)NR,82.54,1711.7229,15,-0.9,856.86792,2,37.9387,23271,Vasilevskiy_L_different_L076_RZ_20240206_AV-1.raw,,0,0,"Carbamidomethylation;Carbamidomethylation;Carbamidomethylation",,A0A0U3YCU6|A0A0U3YCU6_ODODO,DB Search
GGMLQVSDLANHLK,99.89,1481.7660,14,2.1,494.93033,3,51.9579,34355,Vasilevskiy_L_different_L076_RZ_20240206_AV-1.raw,8.39E5,1,1,"",,F1CIW6|F1CIW6_HOTJU:P86100|HYAL1_MESMA,DB Search
GGN(+0.98)YGYC(+57.02)YFWK,100.44,1414.5652,11,1.1,708.29065,2,60.7752,41533,Vasilevskiy_L_different_L076_RZ_20240206_AV-1.raw,3.99E6,2,2,"Deamidation (NQ);Carbamidomethylation","N3:Deamidation (NQ):1000.00",F1CIV8|F1CIV8_HOTJU:E4VP15|E4VP15_MESEU:P0CI59|SNAY2_LYCMC,DB Search
GGNYGYC(+57.02)Y,109.60,952.3385,8,-0.1,477.17648,2,34.1034,20136,Vasilevskiy_L_different_L076_RZ_20240206_AV-1.raw,7.67E5,1,1,"Carbamidomethylation",,F1CIV8|F1CIV8_HOTJU:E4VP15|E4VP15_MESEU:A0A2I9LP90|A0A2I9LP90_9SCOR:P0CI59|SNAY2_LYCMC,DB Search
GGNYGYC(+57.02)YF,107.68,1099.4070,9,0.1,550.71082,2,57.0443,38502,Vasilevskiy_L_different_L076_RZ_20240206_AV-1.raw,2.08E6,1,1,"Carbamidomethylation",,F1CIV8|F1CIV8_HOTJU:E4VP15|E4VP15_MESEU:P0CI59|SNAY2_LYCMC,DB Search
GGNYGYC(+57.02)YFWK,104.66,1413.5812,11,-1.2,472.20044,3,57.5187,39147,Vasilevskiy_L_different_L076_RZ_20240206_AV-1.raw,7.9E8,3,3,"Carbamidomethylation",,F1CIV8|F1CIV8_HOTJU:E4VP15|E4VP15_MESEU:P0CI59|SNAY2_LYCMC,DB Search
GGNYGYC(+57.02)YFWKLAC(+57.02)YC(+57.02)EGAPK,109.66,2563.0759,21,0.5,855.36633,3,64.5747,44769,Vasilevskiy_L_different_L076_RZ_20240206_AV-1.raw,1.14E6,1,1,"Carbamidomethylation;Carbamidomethylation;Carbamidomethylation",,E4VP15|E4VP15_MESEU,DB Search
GGPN(+0.98)SDGSYDHGLFQINDR,99.17,2048.8823,19,8.7,683.97400,3,43.3677,27573,Vasilevskiy_L_different_L076_RZ_20240206_AV-1.raw,,0,0,"Deamidation (NQ)","N4:Deamidation (NQ):56.41",A0A0U1S886|A0A0U1S886_ISOMC,DB Search
GGPNSDGSYDHGLF,95.24,1421.5847,14,0.8,711.80023,2,45.2128,28922,Vasilevskiy_L_different_L076_RZ_20240206_AV-1.raw,9.04E5,1,1,"",,A0A0U1S886|A0A0U1S886_ISOMC,DB Search
GGPNSDGSYDHGLFQIN(+0.98)DR,102.97,2048.8823,19,0.7,683.96857,3,46.8406,30298,Vasilevskiy_L_different_L076_RZ_20240206_AV-1.raw,8.1E5,2,2,"Deamidation (NQ)","N17:Deamidation (NQ):18.53",A0A0U1S886|A0A0U1S886_ISOMC,DB Search
GGPNSDGSYDHGLFQINDR,105.02,2047.8983,19,-0.2,683.63995,3,44.3695,28683,Vasilevskiy_L_different_L076_RZ_20240206_AV-1.raw,1.96E8,5,5,"",,A0A0U1S886|A0A0U1S886_ISOMC,DB Search
GGSC(+57.02)ASVC(+57.02)R,103.58,952.3855,9,0.3,477.20016,2,15.7979,5803,Vasilevskiy_L_different_L076_RZ_20240206_AV-1.raw,2.33E5,1,1,"Carbamidomethylation;Carbamidomethylation",,Q86SD8|KA155_ANDAU:Q867F4|KA154_ANDAU:Q8I0L5|KA152_MESMA:P60233|KA151_ANDAU:A0A143MGR2|A0A143MGR2_MESEU:Q86BX0|KA158_MESMA:P60208|KA153_ANDMA,DB Search
GGSGYC(+57.02)YFWK,104.87,1223.5070,10,0.1,612.76080,2,52.7065,34984,Vasilevskiy_L_different_L076_RZ_20240206_AV-1.raw,3.52E5,1,1,"Carbamidomethylation",,M4GX67|SCBTY_MESMA:Q9NBW2|SCBT_MESMA:A0A146CJ61|A0A146CJ61_MESEU,DB Search
GGYYGYC(+57.02)Y,100.08,1001.3589,8,1.0,501.68726,2,45.4759,29235,Vasilevskiy_L_different_L076_RZ_20240206_AV-1.raw,1.16E6,2,2,"Carbamidomethylation",,P0DPT3|SCXIT_ANDMA:A0A0K0LBV3|A0A0K0LBV3_9SCOR:Q9UAC9|SCAS_MESMA:E4VP32|E4VP32_MESEU:P21150|SIX4_ANDAU:A0A146CIX0|A0A146CIX0_MESEU:R4H5E1|R4H5E1_MESEU:P0CI50|SNAF_LYCMC,DB Search
GGYYGYC(+57.02)YF,83.76,1148.4274,9,1.1,575.22156,2,63.5465,43897,Vasilevskiy_L_different_L076_RZ_20240206_AV-1.raw,4.59E5,1,1,"Carbamidomethylation",,P0DPT3|SCXIT_ANDMA:A0A0K0LBV3|A0A0K0LBV3_9SCOR:Q9UAC9|SCAS_MESMA:E4VP32|E4VP32_MESEU:P21150|SIX4_ANDAU:A0A146CIX0|A0A146CIX0_MESEU:R4H5E1|R4H5E1_MESEU,DB Search
GGYYGYC(+57.02)YFWK,104.93,1462.6016,11,-0.6,488.54083,3,62.4638,43055,Vasilevskiy_L_different_L076_RZ_20240206_AV-1.raw,1.16E8,3,3,"Carbamidomethylation",,F6K6F3|F6K6F3_MESEU:P0DPT3|SCXIT_ANDMA:A0A0K0LBV3|A0A0K0LBV3_9SCOR:Q9UAC9|SCAS_MESMA:E4VP32|E4VP32_MESEU:P21150|SIX4_ANDAU:A0A146CIX0|A0A146CIX0_MESEU:R4H5E1|R4H5E1_MESEU,DB Search
GHC(+57.02)VTK,41.35,700.3326,6,0.7,351.17383,2,17.5196,7159,Vasilevskiy_L_different_L076_RZ_20240206_AV-1.raw,,0,0,"Carbamidomethylation",,A0A088D9T6|A0A088D9T6_MESEU,DB Search
GHLC(+57.02)VAK,95.02,783.4061,7,-0.2,262.14261,3,16.4125,6242,Vasilevskiy_L_different_L076_RZ_20240206_AV-1.raw,1.12E8,2,2,"Carbamidomethylation",,E4VP22|E4VP22_MESEU:E4VP23|E4VP23_MESEU:E4VP49|E4VP49_MESEU,DB Search
GHSSC(+57.02)SN(+0.98)GLEM(+15.99)TEEDFC(+57.02)K,100.21,2103.7820,18,0.8,702.26849,3,32.5531,18884,Vasilevskiy_L_different_L076_RZ_20240206_AV-1.raw,3.29E6,2,2,"Carbamidomethylation;Deamidation (NQ);Oxidation (M);Carbamidomethylation","C5:Deamidation (NQ):1000.00;N7:Oxidation (M):1000.00",A0A088DB34|A0A088DB34_MESEU:A0A088D9T4|A0A088D9T4_MESEU,DB Search
GHSSC(+57.02)SN(+0.98)GLEMTEEDFC(+57.02)K,111.49,2087.7871,18,2.4,696.93793,3,41.0170,25735,Vasilevskiy_L_different_L076_RZ_20240206_AV-1.raw,4.42E8,6,6,"Carbamidomethylation;Deamidation (NQ);Carbamidomethylation","C5:Deamidation (NQ):1000.00",A0A088DB34|A0A088DB34_MESEU:A0A088D9T4|A0A088D9T4_MESEU,DB Search
GHSSC(+57.02)SNGLEM(+15.99)TEEDFC(+57.02)K,110.78,2102.7979,18,0.5,701.94025,3,31.2768,17861,Vasilevskiy_L_different_L076_RZ_20240206_AV-1.raw,2.88E6,3,3,"Carbamidomethylation;Oxidation (M);Carbamidomethylation","C5:Oxidation (M):1000.00",A0A088DB34|A0A088DB34_MESEU:A0A088D9T4|A0A088D9T4_MESEU,DB Search
GHSSC(+57.02)SNGLEMTEEDFC(+57.02)K,112.61,2086.8030,18,-1.2,696.60742,3,37.6724,22537,Vasilevskiy_L_different_L076_RZ_20240206_AV-1.raw,5.53E8,5,5,"Carbamidomethylation;Carbamidomethylation",,A0A088DB34|A0A088DB34_MESEU:A0A088D9T4|A0A088D9T4_MESEU,DB Search
GIC(+57.02)VIETEHGLFYHIC(+57.02)R,100.05,2103.0029,17,1.0,526.75854,4,53.6887,35853,Vasilevskiy_L_different_L076_RZ_20240206_AV-1.raw,3.09E5,1,1,"Carbamidomethylation;Carbamidomethylation",,A0A088DAZ3|A0A088DAZ3_MESEU:A0A088DAC7|A0A088DAC7_MESEU,DB Search
GIIC(+57.02)NLR,27.74,844.4589,7,0.4,423.23688,2,25.0193,13043,Vasilevskiy_L_different_L076_RZ_20240206_AV-1.raw,7.93E6,1,1,"Carbamidomethylation",,A0A088D9S3|A0A088D9S3_MESEU,DB Search
GIIPGIK,44.65,696.4534,7,0.4,349.23410,2,43.5444,27721,Vasilevskiy_L_different_L076_RZ_20240206_AV-1.raw,,0,0,"",,A0A1W7RAI3|A0A1W7RAI3_9SCOR:A0A1W7RAI5|A0A1W7RAI5_9SCOR,DB Search
GILAADESTATMGK,96.68,1363.6653,14,1.0,682.84058,2,33.7974,19967,Vasilevskiy_L_different_L076_RZ_20240206_AV-1.raw,,0,0,"",,A0A1W7RAI5|A0A1W7RAI5_9SCOR,DB Search
GILTLK,38.12,643.4268,6,1.1,322.72104,2,36.7125,22270,Vasilevskiy_L_different_L076_RZ_20240206_AV-1.raw,8.3E5,1,1,"",,E6Y2S5|E6Y2S5_MESMA:A0A1W7RB46|A0A1W7RB46_9SCOR:F1CJ72|F1CJ72_HOTJU:A0A2I9LNM3|A0A2I9LNM3_9SCOR,DB Search
GIPMGF,60.99,620.2992,6,-0.1,621.30640,1,59.3103,40829,Vasilevskiy_L_different_L076_RZ_20240206_AV-1.raw,1.65E6,1,1,"",,P69939|KBX1_ANDAU:A0A0K0LCI9|A0A0K0LCI9_9SCOR:A9XE60|KBX11_MESEU:A0A0K0LBZ4|A0A0K0LBZ4_9SCOR:A0A0K0LC02|A0A0K0LC02_9SCOR:E4VP14|E4VP14_MESEU:E4VP56|E4VP56_MESEU:A0A088D9S1|A0A088D9S1_MESEU:A0A088DB53|A0A088DB53_MESEU:A0A5P8U361|A0A5P8U361_MESEU:A9XE59|KBX12_MESEU:B8XH40|KBX1_BUTOS:Q9N661|KBX1_MESMA:A0A0K0LC06|A0A0K0LC06_9SCOR:A0A143MI92|A0A143MI92_MESEU:A0A0U4H7F5|A0A0U4H7F5_ODODO:A0A059UI30|KBX1_MESGB,DB Search
GITVPPIQEVFPDR,104.98,1566.8406,14,-1.0,784.42676,2,64.0444,44300,Vasilevskiy_L_different_L076_RZ_20240206_AV-1.raw,4.25E5,1,1,"",,A0A1W7RAD3|A0A1W7RAD3_9SCOR:P80476|HCY6_ANDAU,DB Search
GKEFMSS,50.34,784.3425,7,0.7,393.17880,2,21.0893,10082,Vasilevskiy_L_different_L076_RZ_20240206_AV-1.raw,2.61E5,1,1,"",,A0A088D9U2|A0A088D9U2_MESEU:A0A088DB26|A0A088DB26_MESEU,DB Search
GKEFMSSLK,93.66,1025.5216,9,0.3,513.76819,2,25.5336,13472,Vasilevskiy_L_different_L076_RZ_20240206_AV-1.raw,1.54E6,2,2,"",,A0A088D9U2|A0A088D9U2_MESEU:A0A088DB26|A0A088DB26_MESEU,DB Search
GKYVTAVFNEGQNMTINFGK,28.56,2217.0889,20,3.8,1109.55591,2,70.2123,49589,Vasilevskiy_L_different_L076_RZ_20240206_AV-1.raw,,0,0,"",,A0A1E1WVY9|A0A1E1WVY9_TITOB,DB Search
GLAAEETLK,84.96,930.5022,9,0.3,466.25851,2,25.2248,13174,Vasilevskiy_L_different_L076_RZ_20240206_AV-1.raw,3.79E7,1,1,"",,E4VNZ8|E4VNZ8_MESEU:E4VNZ7|E4VNZ7_MESEU,DB Search
GLAAEETLKK,94.92,1058.5972,10,0.7,353.87323,3,20.4158,9615,Vasilevskiy_L_different_L076_RZ_20240206_AV-1.raw,5.2E7,2,2,"",,E4VNZ8|E4VNZ8_MESEU:E4VNZ7|E4VNZ7_MESEU,DB Search
GLFIIDDK,95.89,919.5015,8,0.9,460.75842,2,54.3813,36345,Vasilevskiy_L_different_L076_RZ_20240206_AV-1.raw,9.01E5,1,1,"",,A0A2I9LPF5|A0A2I9LPF5_9SCOR,DB Search
GLGISC(+57.02)K,59.30,733.3793,7,-0.7,734.38599,1,21.8321,10648,Vasilevskiy_L_different_L076_RZ_20240206_AV-1.raw,1.14E7,2,2,"Carbamidomethylation",,V9LLQ5|V9LLQ5_MESMA:A0A146CJ70|A0A146CJ70_MESEU:Q7Z0H5|SCKJ_MESMA:Q7Z0F1|SCKH_MESMA:Q7Z0H4|SCKI_MESMA,DB Search
GLIGQIIQR,89.25,996.6080,9,2.7,499.31259,2,48.9554,31974,Vasilevskiy_L_different_L076_RZ_20240206_AV-1.raw,6.93E5,1,1,"",,A0A1W7RA50|A0A1W7RA50_9SCOR:A0A2I9LPD1|A0A2I9LPD1_9SCOR,DB Search
GLILGAYEK,84.28,962.5436,9,0.3,482.27927,2,43.0324,27305,Vasilevskiy_L_different_L076_RZ_20240206_AV-1.raw,9.33E4,1,1,"",,A0A1S5QN19|A0A1S5QN19_TITSE,DB Search
GLPFLELK,27.28,915.5429,8,0.5,458.77896,2,64.6405,44793,Vasilevskiy_L_different_L076_RZ_20240206_AV-1.raw,5.22E5,1,1,"",,A0A2I9LP12|A0A2I9LP12_9SCOR,DB Search
GLTVPPIQEVFPDR,104.98,1566.8406,14,-1.0,784.42676,2,64.0444,44300,Vasilevskiy_L_different_L076_RZ_20240206_AV-1.raw,4.25E5,1,1,"",,A0A2I9LP22|A0A2I9LP22_9SCOR:A0A1E1WVP7|A0A1E1WVP7_TITOB,DB Search
GLVTDDSK,83.36,833.4130,8,0.0,417.71381,2,18.6547,8137,Vasilevskiy_L_different_L076_RZ_20240206_AV-1.raw,,0,0,"",,E4VNZ8|E4VNZ8_MESEU:E4VNZ7|E4VNZ7_MESEU,DB Search
GLYIELDK,93.26,949.5120,8,0.6,475.76358,2,46.5352,30042,Vasilevskiy_L_different_L076_RZ_20240206_AV-1.raw,7.97E5,1,1,"",,C6H100|C6H100_PANIM,DB Search
GLYIELDKFHK,99.18,1361.7343,11,1.1,341.44122,4,45.8033,29502,Vasilevskiy_L_different_L076_RZ_20240206_AV-1.raw,1.95E6,1,1,"",,C6H100|C6H100_PANIM,DB Search
GMEFELFVMLTDHDEDTVAGLNENAVC(+57.02)SDAVSYC(+57.02)GAR,111.42,4121.7749,37,-2.1,1031.44885,4,68.9874,48571,Vasilevskiy_L_different_L076_RZ_20240206_AV-1.raw,1.87E5,1,1,"Carbamidomethylation;Carbamidomethylation",,A0A2I9LP22|A0A2I9LP22_9SCOR,DB Search
GMGC(+57.02)AMC(+57.02)K,100.60,913.3278,8,0.8,457.67157,2,18.7734,8218,Vasilevskiy_L_different_L076_RZ_20240206_AV-1.raw,1.92E6,1,1,"Carbamidomethylation;Carbamidomethylation",,A0A088DB45|A0A088DB45_MESEU,DB Search
GN(+0.98)AC(+57.02)WC(+57.02)YK,75.51,1058.3950,8,-1.1,530.20416,2,29.4266,16410,Vasilevskiy_L_different_L076_RZ_20240206_AV-1.raw,,0,0,"Deamidation (NQ);Carbamidomethylation;Carbamidomethylation","N2:Deamidation (NQ):1000.00",P01481|SCX5_LEIQU:M1JMR8|SCX8_ANDCR:P01490|SCXA_MESEU:Q95P69|SCAA_MESMA:D8UWD3|SCXN7_MESEU:Q1EG63|Q1EG63_MESMA:A0A7D5FUD4|A0A7D5FUD4_MESEU:A0A143FHE4|A0A143FHE4_MESEU:Q4TUA4|SCA4_MESMA:Q49S27|Q49S27_MESMA:G4V3T9|SCAA2_MESMA:P01486|SCXB_BUTOC:Q9GNG8|SC15_MESMA:A0F0C1|A0F0C1_MESMA:P86408|SCXN1_MESEU:Q9NJC7|SC11_MESMA:Q9GUA7|SCA3_MESMA:P01482|SCX5_ANDMA:P82815|SCBK_MESMA:Q9GYX2|SCA1_MESMA,DB Search
GN(+0.98)C(+57.02)VWPEEPYTSWK,109.48,1752.7454,14,-0.5,877.37952,2,58.8867,40263,Vasilevskiy_L_different_L076_RZ_20240206_AV-1.raw,1.58E6,3,3,"Deamidation (NQ);Carbamidomethylation","N2:Deamidation (NQ):1000.00",P86100|HYAL1_MESMA:A0A0K0LBS4|A0A0K0LBS4_9SCOR:A0A7T9L322|A0A7T9L322_ANDCR,DB Search
GN(+0.98)YGYC(+57.02)YFWK,104.85,1357.5437,10,0.8,679.77972,2,61.4305,42021,Vasilevskiy_L_different_L076_RZ_20240206_AV-1.raw,7.1E6,2,2,"Deamidation (NQ);Carbamidomethylation","N2:Deamidation (NQ):1000.00",F1CIV8|F1CIV8_HOTJU:A0A5P8U2P2|A0A5P8U2P2_MESEU:P0C5H3|SCB1_LEIHE:R4H564|R4H564_MESEU:P86406|SCXNF_MESEU:E4VP18|E4VP18_MESEU:E4VP15|E4VP15_MESEU:Q9UAC8|SCAT_MESMA:P0CI59|SNAY2_LYCMC,DB Search
GN(+0.98)YPLDK,57.74,806.3810,7,0.3,404.19791,2,21.8683,10659,Vasilevskiy_L_different_L076_RZ_20240206_AV-1.raw,6.04E6,2,2,"Deamidation (NQ)","N2:Deamidation (NQ):1000.00",P0C1B7|DORT_PARTR:P0C1B5|ALTI_PARTR:P58752|BIRT_PARTR:P0C1B8|IKIT_PARTR:P0C5J6|SCXMT_PARLS:P0C1B6|BEST_PARTR,DB Search
GNAC(+57.02)WC(+57.02)EDLPDNVPIR,53.76,1914.8352,16,-7.1,958.41809,2,66.9120,46752,Vasilevskiy_L_different_L076_RZ_20240206_AV-1.raw,,0,0,"Carbamidomethylation;Carbamidomethylation",,P59354|SCX4_BUTOM,DB Search
GNAC(+57.02)WC(+57.02)IQLPDNVPIRIPGK,96.23,2307.1616,20,0.6,770.06158,3,64.9433,45130,Vasilevskiy_L_different_L076_RZ_20240206_AV-1.raw,9.62E4,1,1,"Carbamidomethylation;Carbamidomethylation",,P09981|SCX9_MESEU,DB Search
GNAC(+57.02)WC(+57.02)K,94.69,894.3477,7,-0.1,448.18106,2,19.7168,9033,Vasilevskiy_L_different_L076_RZ_20240206_AV-1.raw,,0,0,"Carbamidomethylation;Carbamidomethylation",,A0A0U4RZC4|A0A0U4RZC4_ODODO:D8UWD8|SCXN9_MESEU:P09982|SCXE_MESEU:P01488|SCX1_BUTOC:A0A146CJ08|A0A146CJ08_MESEU:A0A0K0LBU4|A0A0K0LBU4_9SCOR:Q9BLM0|SCXC_ANDAU:P86403|SCXN2_MESEU:E6ZB76|E6ZB76_ANDAU,DB Search
GNAC(+57.02)WC(+57.02)YK,96.44,1057.4110,8,0.7,529.71313,2,26.0375,14102,Vasilevskiy_L_different_L076_RZ_20240206_AV-1.raw,8.5E6,1,1,"Carbamidomethylation;Carbamidomethylation",,P01481|SCX5_LEIQU:M1JMR8|SCX8_ANDCR:P01490|SCXA_MESEU:Q95P69|SCAA_MESMA:D8UWD3|SCXN7_MESEU:Q1EG63|Q1EG63_MESMA:A0A7D5FUD4|A0A7D5FUD4_MESEU:A0A143FHE4|A0A143FHE4_MESEU:Q4TUA4|SCA4_MESMA:Q49S27|Q49S27_MESMA:G4V3T9|SCAA2_MESMA:P01486|SCXB_BUTOC:Q9GNG8|SC15_MESMA:A0F0C1|A0F0C1_MESMA:P86408|SCXN1_MESEU:Q9NJC7|SC11_MESMA:Q9GUA7|SCA3_MESMA:P01482|SCX5_ANDMA:P82815|SCBK_MESMA:Q9GYX2|SCA1_MESMA,DB Search
GNAN(+0.98)GVDLNR,96.11,1029.4839,10,0.2,515.74933,2,20.3760,9567,Vasilevskiy_L_different_L076_RZ_20240206_AV-1.raw,,0,0,"Deamidation (NQ)","N4:Deamidation (NQ):45.01",A0A0U1SF04|A0A0U1SF04_ISOMC,DB Search
GNANGVDLNR,96.79,1028.4999,10,0.7,515.25757,2,19.7720,9087,Vasilevskiy_L_different_L076_RZ_20240206_AV-1.raw,2.58E5,1,1,"",,A0A0U1SF04|A0A0U1SF04_ISOMC,DB Search
GNC(+57.02)VWPEEPYTSWK,108.05,1751.7614,14,1.5,876.88928,2,64.7079,44907,Vasilevskiy_L_different_L076_RZ_20240206_AV-1.raw,1.92E8,3,3,"Carbamidomethylation",,P86100|HYAL1_MESMA:A0A0K0LBS4|A0A0K0LBS4_9SCOR:A0A7T9L322|A0A7T9L322_ANDCR,DB Search
GNPTVEVDLTTEK,100.01,1401.6987,13,1.2,701.85748,2,35.4023,21288,Vasilevskiy_L_different_L076_RZ_20240206_AV-1.raw,,0,0,"",,A0A7U1GK49|A0A7U1GK49_ANDCR:A0A1W7RB61|A0A1W7RB61_9SCOR:A0A7U1GJT2|A0A7U1GJT2_HEMLE:A0A2I9LNP4|A0A2I9LNP4_9SCOR,DB Search
GNWVNDIAILK,96.91,1241.6768,11,0.4,621.84595,2,64.2452,44510,Vasilevskiy_L_different_L076_RZ_20240206_AV-1.raw,2.81E5,1,1,"",,E4VP22|E4VP22_MESEU:E4VP23|E4VP23_MESEU:E4VP49|E4VP49_MESEU,DB Search
GNYGYC(+57.02)Y,108.46,895.3171,7,-0.1,448.66574,2,34.4239,20433,Vasilevskiy_L_different_L076_RZ_20240206_AV-1.raw,3.22E6,2,2,"Carbamidomethylation",,A0A5P8U2P2|A0A5P8U2P2_MESEU:P0C5H3|SCB1_LEIHE:R4H564|R4H564_MESEU:P86406|SCXNF_MESEU:E4VP18|E4VP18_MESEU:A0A2I9LP42|A0A2I9LP42_9SCOR:A0A2I9LPB1|A0A2I9LPB1_9SCOR:Q9UAC8|SCAT_MESMA,DB Search
GNYGYC(+57.02)YF,102.84,1042.3855,8,-0.1,522.19995,2,57.5187,38851,Vasilevskiy_L_different_L076_RZ_20240206_AV-1.raw,2.76E6,1,1,"Carbamidomethylation",,A0A5P8U2P2|A0A5P8U2P2_MESEU:P0C5H3|SCB1_LEIHE:R4H564|R4H564_MESEU:P86406|SCXNF_MESEU:E4VP18|E4VP18_MESEU:Q9UAC8|SCAT_MESMA,DB Search
GNYGYC(+57.02)YFWK,104.97,1356.5597,10,-0.2,453.19376,3,57.6865,39128,Vasilevskiy_L_different_L076_RZ_20240206_AV-1.raw,1.72E9,2,2,"Carbamidomethylation",,F1CIV8|F1CIV8_HOTJU:A0A5P8U2P2|A0A5P8U2P2_MESEU:P0C5H3|SCB1_LEIHE:R4H564|R4H564_MESEU:P86406|SCXNF_MESEU:E4VP18|E4VP18_MESEU:E4VP15|E4VP15_MESEU:Q9UAC8|SCAT_MESMA:P0CI59|SNAY2_LYCMC,DB Search
GNYPLDK,79.07,805.3970,7,0.2,403.70584,2,20.3955,9586,Vasilevskiy_L_different_L076_RZ_20240206_AV-1.raw,,0,0,"",,P0C1B7|DORT_PARTR:P0C1B5|ALTI_PARTR:P58752|BIRT_PARTR:P0C1B8|IKIT_PARTR:P0C5J6|SCXMT_PARLS:P0C1B6|BEST_PARTR,DB Search
GPQC(+57.02)LC(+57.02)NR,94.08,1003.4327,8,0.3,502.72382,2,17.8264,7431,Vasilevskiy_L_different_L076_RZ_20240206_AV-1.raw,6.72E6,1,1,"Carbamidomethylation;Carbamidomethylation",,A0A0D4CZV2|A0A0D4CZV2_MESEU:Q9UAD0|CTXL_MESMA:A0A146CJD6|A0A146CJD6_MESEU:P60270|CTXI5_MESEU:A0A0U3YCU6|A0A0U3YCU6_ODODO:A0A5P8U2Q5|A0A5P8U2Q5_MESEU:P85066|CTXL1_LEIHE:P59887|CTXL_HOTTS:P15222|CTX5A_MESEU:A0A146CJF8|A0A146CJF8_MESEU:A0A5P8U2N8|A0A5P8U2N8_MESEU:P01498|CTXL_ANDMA:Q9BJW4|CTXLB_MESMA:P60269|CTXI4_MESEU:A0A0D4CYV3|A0A0D4CYV3_MESEU,DB Search
GQYGNAC(+57.02)WC(+57.02)YK,104.99,1405.5543,11,-0.4,703.78418,2,34.2500,20339,Vasilevskiy_L_different_L076_RZ_20240206_AV-1.raw,1.47E6,1,1,"Carbamidomethylation;Carbamidomethylation",,P01490|SCXA_MESEU:P86408|SCXN1_MESEU:D8UWD3|SCXN7_MESEU:A0A143FHE4|A0A143FHE4_MESEU,DB Search
GRDGHIAR,98.35,880.4627,8,0.4,294.49496,3,14.5241,4698,Vasilevskiy_L_different_L076_RZ_20240206_AV-1.raw,1.06E5,2,2,"",,E7CZY8|SCXN3_MESEU,DB Search
GRPN(+0.98)GK,30.62,628.3293,6,-0.1,315.17188,2,19.9812,9239,Vasilevskiy_L_different_L076_RZ_20240206_AV-1.raw,3.33E6,1,1,"Deamidation (NQ)","N4:Deamidation (NQ):1000.00",C0HJQ8|KAX1G_MESEU:P83112|KAX1A_PARTR:C0HJQ7|KAX1H_MESEU,DB Search
GSALHIDEDGPLTIN(+0.98)GILNSELR,104.21,2434.2339,23,1.4,812.41974,3,64.5421,44791,Vasilevskiy_L_different_L076_RZ_20240206_AV-1.raw,7.58E4,1,1,"Deamidation (NQ)","N15:Deamidation (NQ):42.89",E4VNZ8|E4VNZ8_MESEU:E4VNZ7|E4VNZ7_MESEU,DB Search
GSC(+57.02)PSLGK,94.11,804.3800,8,0.1,403.19730,2,17.7927,7369,Vasilevskiy_L_different_L076_RZ_20240206_AV-1.raw,4.99E6,1,1,"Carbamidomethylation",,A0A088DB35|A0A088DB35_MESEU:A0A088DAF5|A0A088DAF5_MESEU:A0A088D9S6|A0A088D9S6_MESEU,DB Search
GSC(+57.02)PSLGKPC(+57.02),96.62,1061.4634,10,0.7,531.73932,2,20.9048,9917,Vasilevskiy_L_different_L076_RZ_20240206_AV-1.raw,1.73E7,1,1,"Carbamidomethylation;Carbamidomethylation",,A0A088DB35|A0A088DB35_MESEU:A0A088DAF5|A0A088DAF5_MESEU:A0A088D9S6|A0A088D9S6_MESEU,DB Search
GSC(+57.02)PSLGKPC(+57.02)N(+0.98)SNR,104.30,1533.6664,14,0.4,512.22961,3,18.3083,7663,Vasilevskiy_L_different_L076_RZ_20240206_AV-1.raw,6.96E7,2,2,"Carbamidomethylation;Carbamidomethylation;Deamidation (NQ)","C3:Deamidation (NQ):14.04",A0A088DB35|A0A088DB35_MESEU:A0A088DAF5|A0A088DAF5_MESEU,DB Search
GSC(+57.02)PSLGKPC(+57.02)NSNK,87.08,1504.6763,14,1.4,502.56671,3,17.4133,7076,Vasilevskiy_L_different_L076_RZ_20240206_AV-1.raw,,0,0,"Carbamidomethylation;Carbamidomethylation",,A0A088D9S6|A0A088D9S6_MESEU,DB Search
GSC(+57.02)PSLGKPC(+57.02)NSNR,103.82,1532.6824,14,0.3,511.90155,3,17.6514,7175,Vasilevskiy_L_different_L076_RZ_20240206_AV-1.raw,1.42E8,2,2,"Carbamidomethylation;Carbamidomethylation",,A0A088DB35|A0A088DB35_MESEU:A0A088DAF5|A0A088DAF5_MESEU,DB Search
GSYC(+57.02)N(+0.98)DLC(+57.02)TEN(+0.98)GAESGYC(+57.02)QILGK,105.02,2597.0356,23,2.7,866.68811,3,52.3236,34745,Vasilevskiy_L_different_L076_RZ_20240206_AV-1.raw,1.3E6,2,2,"Carbamidomethylation;Deamidation (NQ);Carbamidomethylation;Deamidation (NQ);Carbamidomethylation","C4:Deamidation (NQ):179.33;N5:Deamidation (NQ):99.62",P09981|SCX9_MESEU,DB Search
GSYC(+57.02)N(+0.98)DLC(+57.02)TENGAESGYC(+57.02)QILGK,108.31,2596.0515,23,1.6,866.35919,3,53.2973,35521,Vasilevskiy_L_different_L076_RZ_20240206_AV-1.raw,1.74E8,3,3,"Carbamidomethylation;Deamidation (NQ);Carbamidomethylation;Carbamidomethylation","C4:Deamidation (NQ):0.00",P09981|SCX9_MESEU,DB Search
GSYC(+57.02)NDLC(+57.02)TEN(+0.98)GAESGYC(+57.02)QIL,116.97,2410.9351,21,2.6,804.65442,3,59.3103,40415,Vasilevskiy_L_different_L076_RZ_20240206_AV-1.raw,1.07E6,2,2,"Carbamidomethylation;Carbamidomethylation;Deamidation (NQ);Carbamidomethylation","C4:Deamidation (NQ):0.00",P09981|SCX9_MESEU,DB Search
GSYC(+57.02)NDLC(+57.02)TEN(+0.98)GAESGYC(+57.02)QILGK,113.57,2596.0515,23,4.2,866.36145,3,54.9507,37071,Vasilevskiy_L_different_L076_RZ_20240206_AV-1.raw,1.36E9,9,9,"Carbamidomethylation;Carbamidomethylation;Deamidation (NQ);Carbamidomethylation","C4:Deamidation (NQ):6.92",P09981|SCX9_MESEU,DB Search
GSYC(+57.02)NDLC(+57.02)TENGAESGYC(+57.02)Q(+0.98)ILGK,111.85,2596.0515,23,-3.1,1299.02905,2,53.5856,35755,Vasilevskiy_L_different_L076_RZ_20240206_AV-1.raw,,0,0,"Carbamidomethylation;Carbamidomethylation;Carbamidomethylation;Deamidation (NQ)","C4:Deamidation (NQ):8.28",P09981|SCX9_MESEU,DB Search
GSYC(+57.02)NDLC(+57.02)TENGAESGYC(+57.02)QIL,110.52,2409.9512,21,1.2,804.32532,3,58.8540,39977,Vasilevskiy_L_different_L076_RZ_20240206_AV-1.raw,4.6E6,2,2,"Carbamidomethylation;Carbamidomethylation;Carbamidomethylation",,P09981|SCX9_MESEU,DB Search
GSYC(+57.02)NDLC(+57.02)TENGAESGYC(+57.02)QILGK,113.92,2595.0676,23,6.3,866.03528,3,59.1077,40343,Vasilevskiy_L_different_L076_RZ_20240206_AV-1.raw,6.84E8,4,4,"Carbamidomethylation;Carbamidomethylation;Carbamidomethylation",,P09981|SCX9_MESEU,DB Search
GSYC(+57.02)QWLGR,98.40,1125.5026,9,0.9,563.75903,2,42.9399,27019,Vasilevskiy_L_different_L076_RZ_20240206_AV-1.raw,4.12E6,1,1,"Carbamidomethylation",,P09982|SCXE_MESEU,DB Search
GTC(+57.02)HDFN(+0.98)DIGC(+57.02)K,99.44,1423.5497,12,0.1,475.52386,3,27.5574,14907,Vasilevskiy_L_different_L076_RZ_20240206_AV-1.raw,3.23E7,9,9,"Carbamidomethylation;Deamidation (NQ);Carbamidomethylation","C3:Deamidation (NQ):1000.00",A0A059UD51|A0A059UD51_MESGB:A0A088DB18|A0A088DB18_MESEU,DB Search
GTC(+57.02)HDFNDIGC(+57.02)K,105.01,1422.5657,12,0.7,475.19617,3,22.8129,11399,Vasilevskiy_L_different_L076_RZ_20240206_AV-1.raw,5.04E8,8,8,"Carbamidomethylation;Carbamidomethylation",,A0A059UD51|A0A059UD51_MESGB:A0A088DB18|A0A088DB18_MESEU,DB Search
GTGEDFDFSK,102.69,1101.4614,10,1.1,551.73859,2,34.1034,20192,Vasilevskiy_L_different_L076_RZ_20240206_AV-1.raw,2.77E5,1,1,"",,A0A1W7RAN8|A0A1W7RAN8_9SCOR:A0A2I9LPI1|A0A2I9LPI1_9SCOR,DB Search
GTLFSC(+57.02)FHSR,104.74,1210.5553,10,-0.3,404.52557,3,39.8453,24772,Vasilevskiy_L_different_L076_RZ_20240206_AV-1.raw,,0,0,"Carbamidomethylation",,A0A1E1WVP7|A0A1E1WVP7_TITOB,DB Search
GTPFPVK,29.47,744.4170,7,0.1,373.21582,2,25.5662,13383,Vasilevskiy_L_different_L076_RZ_20240206_AV-1.raw,1.64E6,1,1,"",,A0A146CJ70|A0A146CJ70_MESEU,DB Search
GVGILPR,101.66,710.4439,7,-0.2,356.22916,2,30.7555,17498,Vasilevskiy_L_different_L076_RZ_20240206_AV-1.raw,,0,0,"",,P80476|HCY6_ANDAU:A0A2I9LP22|A0A2I9LP22_9SCOR:A0A1E1WVP7|A0A1E1WVP7_TITOB:C6H101|C6H101_PANIM:A0A1W7RAE6|A0A1W7RAE6_9SCOR,DB Search
GVLDGTVK,64.02,787.4439,8,-2.5,394.72827,2,25.7656,13709,Vasilevskiy_L_different_L076_RZ_20240206_AV-1.raw,4.58E5,1,1,"",,A0A2I9LPF6|A0A2I9LPF6_9SCOR:F1CJ13|F1CJ13_HOTJU,DB Search
GVPLYK,38.17,675.3956,6,0.1,338.70508,2,24.2734,12489,Vasilevskiy_L_different_L076_RZ_20240206_AV-1.raw,1.72E5,1,1,"",,A0A1W7RB61|A0A1W7RB61_9SCOR:A0A7U1GJT2|A0A7U1GJT2_HEMLE,DB Search
GVTVPPIQEIFPDR,103.70,1566.8406,14,0.3,784.42780,2,65.2385,45193,Vasilevskiy_L_different_L076_RZ_20240206_AV-1.raw,1.18E6,1,1,"",,C5J8B0|C5J8B0_OPICY:A0A2I9LP14|A0A2I9LP14_9SCOR:C6H100|C6H100_PANIM:A0A1E1WW95|A0A1E1WW95_TITOB,DB Search
GVTVPPIQEVFPDR,103.65,1552.8250,14,1.4,777.42078,2,60.8967,41775,Vasilevskiy_L_different_L076_RZ_20240206_AV-1.raw,,0,0,"",,C6H101|C6H101_PANIM:A0A1E1WWC5|A0A1E1WWC5_TITOB,DB Search
GVYTLFC(+57.02)PC(+57.02)ER,79.89,1400.6217,11,0.4,701.31842,2,54.7717,36607,Vasilevskiy_L_different_L076_RZ_20240206_AV-1.raw,6.97E5,1,1,"Carbamidomethylation;Carbamidomethylation",,A0A0K0LC31|A0A0K0LC31_9SCOR:A0A0K0LCJ5|A0A0K0LCJ5_9SCOR,DB Search
GVYYGYC(+57.02)YNSR,94.33,1400.5819,11,-2.4,701.29657,2,34.5110,20599,Vasilevskiy_L_different_L076_RZ_20240206_AV-1.raw,3.71E4,1,1,"Carbamidomethylation",,E4VP63|E4VP63_MESEU,DB Search
GWDQGLLDMC(+57.02)IGEK,44.03,1620.7275,14,1.0,811.37189,2,64.9737,45118,Vasilevskiy_L_different_L076_RZ_20240206_AV-1.raw,1.05E6,1,1,"Carbamidomethylation",,A0A2I9LP15|A0A2I9LP15_9SCOR,DB Search
GWGEFAK,79.88,793.3759,7,1.1,397.69565,2,36.8668,22465,Vasilevskiy_L_different_L076_RZ_20240206_AV-1.raw,,0,0,"",,E4VP53|E4VP53_MESEU:E4VP22|E4VP22_MESEU:E4VP23|E4VP23_MESEU:E4VP49|E4VP49_MESEU,DB Search
GYC(+57.02)C(+57.02)LLK,95.71,912.4197,7,-2.0,457.21622,2,33.8916,20042,Vasilevskiy_L_different_L076_RZ_20240206_AV-1.raw,2.22E8,1,1,"Carbamidomethylation;Carbamidomethylation",,O77091|SIXP_MESMA:A0A146CIT2|A0A146CIT2_MESEU,DB Search
GYC(+57.02)DDHC(+57.02)QDIEK,110.73,1538.5765,12,0.1,513.86621,3,18.8739,8355,Vasilevskiy_L_different_L076_RZ_20240206_AV-1.raw,8.83E4,1,1,"Carbamidomethylation;Carbamidomethylation",,A9XE59|KBX12_MESEU:A9XE60|KBX11_MESEU:E4VP14|E4VP14_MESEU:E4VP56|E4VP56_MESEU,DB Search
GYC(+57.02)DDHC(+57.02)QDIEKK,105.01,1666.6715,13,-0.1,556.56439,3,17.3581,7032,Vasilevskiy_L_different_L076_RZ_20240206_AV-1.raw,2.79E6,4,4,"Carbamidomethylation;Carbamidomethylation",,A9XE59|KBX12_MESEU:A9XE60|KBX11_MESEU:E4VP14|E4VP14_MESEU:E4VP56|E4VP56_MESEU,DB Search
GYC(+57.02)QWAGQYGNAC(+57.02)WC(+57.02)YK,105.02,2170.8447,17,-3.4,1086.42603,2,54.3830,36444,Vasilevskiy_L_different_L076_RZ_20240206_AV-1.raw,4.05E4,1,1,"Carbamidomethylation;Carbamidomethylation;Carbamidomethylation",,P86408|SCXN1_MESEU:D8UWD3|SCXN7_MESEU:A0A143FHE4|A0A143FHE4_MESEU,DB Search
GYC(+57.02)QWFGR,104.76,1072.4548,8,1.0,537.23523,2,48.0946,31304,Vasilevskiy_L_different_L076_RZ_20240206_AV-1.raw,1.61E5,1,1,"Carbamidomethylation",,D8UWD8|SCXN9_MESEU:F1CJ49|F1CJ49_HOTJU:P84614|SCX28_HOTTS:A0A146CJ08|A0A146CJ08_MESEU:A0A0K0LBX2|A0A0K0LBX2_9SCOR:P86403|SCXN2_MESEU:Q86SE0|SCX2_ANDAM,DB Search
GYC(+57.02)YFWK,95.22,1022.4320,7,0.2,512.22339,2,52.4961,34726,Vasilevskiy_L_different_L076_RZ_20240206_AV-1.raw,8.38E6,1,1,"Carbamidomethylation",,F1CIV8|F1CIV8_HOTJU:F6K6F3|F6K6F3_MESEU:M4GX67|SCBTY_MESMA:A0A5P8U2P2|A0A5P8U2P2_MESEU:A0A0K0LBV3|A0A0K0LBV3_9SCOR:A0A0U1TZH3|A0A0U1TZH3_LYCMC:A0A0U1SCD9|A0A0U1SCD9_ISOMC:P21150|SIX4_ANDAU:E4VP18|E4VP18_MESEU:A0A0U1S5U0|A0A0U1S5U0_LYCMC:P0CI60|SNAY5_LYCMC:P0CI81|SNAY1_LYCMC:A0A0U1SJ71|A0A0U1SJ71_LYCMC:C0HLZ3|SCX1_CENBC:P86406|SCXNF_MESEU:P0DJK8|SCX2_ISOMC:A0A0U1SEX3|A0A0U1SEX3_ISOMC:A0A0U1TYC2|A0A0U1TYC2_ISOMC:F1CIW7|F1CIW7_HOTJU:D9U297|SNA1_LYCMC:Q9NBW2|SCBT_MESMA:P0CI53|SNAAL_LYCMC:F1CGT6|SCX9_CENSU:A0A0U1TZ49|A0A0U1TZ49_ISOMC:A0A0U1SCE6|A0A0U1SCE6_ISOMC:E4VP32|E4VP32_MESEU:A0A0U1TYI5|A0A0U1TYI5_LYCMC:D9U2A1|SNA17_LYCMC:A0A146CIX0|A0A146CIX0_MESEU:A0A2I9LPA3|A0A2I9LPA3_9SCOR:P0C5H3|SCB1_LEIHE:P0DPT3|SCXIT_ANDMA:R4H564|R4H564_MESEU:Q9UAC9|SCAS_MESMA:A0A0U1SE96|A0A0U1SE96_LYCMC:E4VP15|E4VP15_MESEU:Q9UAC8|SCAT_MESMA:R4H5E1|R4H5E1_MESEU:A0A146CJ61|A0A146CJ61_MESEU:P0CI59|SNAY2_LYCMC:A0A0U1SN99|A0A0U1SN99_LYCMC,DB Search
GYC(+57.02)YN(+0.98)SR,100.36,919.3494,7,-2.1,460.68103,2,19.1383,8557,Vasilevskiy_L_different_L076_RZ_20240206_AV-1.raw,,0,0,"Carbamidomethylation;Deamidation (NQ)","C3:Deamidation (NQ):1000.00",Q6WJF5|LV1A_MESMA:E4VP63|E4VP63_MESEU:A0A146CJ25|A0A146CJ25_MESEU,DB Search
GYC(+57.02)YNSR,96.79,918.3654,7,0.9,460.19037,2,18.7734,8145,Vasilevskiy_L_different_L076_RZ_20240206_AV-1.raw,1.05E7,1,1,"Carbamidomethylation",,Q6WJF5|LV1A_MESMA:E4VP63|E4VP63_MESEU:A0A146CJ25|A0A146CJ25_MESEU,DB Search
GYC(+57.02)YNSRC(+57.02)WC(+57.02)EKLEDKDVTIWNAVK,115.37,3193.4419,25,-3.8,1065.48389,3,52.3538,34768,Vasilevskiy_L_different_L076_RZ_20240206_AV-1.raw,,0,0,"Carbamidomethylation;Carbamidomethylation;Carbamidomethylation",,Q6WJF5|LV1A_MESMA,DB Search
GYFC(+57.02)KPD,101.83,885.3691,7,0.3,443.69196,2,25.4803,13462,Vasilevskiy_L_different_L076_RZ_20240206_AV-1.raw,,0,0,"Carbamidomethylation",,A0A088DB35|A0A088DB35_MESEU,DB Search
GYFC(+57.02)KPDPGP,107.27,1136.4961,10,0.2,569.25543,2,30.4714,17156,Vasilevskiy_L_different_L076_RZ_20240206_AV-1.raw,3.26E7,1,1,"Carbamidomethylation",,A0A088DB35|A0A088DB35_MESEU,DB Search
GYGGSGYC(+57.02)YFWK,96.47,1443.5918,12,0.9,722.80383,2,56.4515,37985,Vasilevskiy_L_different_L076_RZ_20240206_AV-1.raw,1.48E8,2,2,"Carbamidomethylation",,Q9NBW2|SCBT_MESMA,DB Search
GYHDC(+57.02)VLYC(+57.02)QMFGQQGK,96.47,2089.8809,17,1.4,697.63519,3,50.5651,33266,Vasilevskiy_L_different_L076_RZ_20240206_AV-1.raw,9.03E5,1,1,"Carbamidomethylation;Carbamidomethylation",,A0A088D9U7|A0A088D9U7_MESEU,DB Search
GYIADDKNC(+57.02)AYFC(+57.02)GR,100.29,1808.7610,15,3.0,905.39050,2,33.2418,19514,Vasilevskiy_L_different_L076_RZ_20240206_AV-1.raw,,0,0,"Carbamidomethylation;Carbamidomethylation",,Q9GNG8|SC15_MESMA:P86408|SCXN1_MESEU:Q9GUA7|SCA3_MESMA:Q95P69|SCAA_MESMA:A0A0B5GD34|A0A0B5GD34_MESEU:D8UWD3|SCXN7_MESEU:Q1EG63|Q1EG63_MESMA:P82815|SCBK_MESMA:Q4TUA4|SCA4_MESMA:A0A143FHE4|A0A143FHE4_MESEU:Q49S27|Q49S27_MESMA,DB Search
GYIAN(+0.98)DRN(+0.98)C(+57.02)VYTC(+57.02)ALNPYC(+57.02)DSEC(+57.02)K,30.99,2944.1772,24,-7.7,1473.08459,2,27.8961,15290,Vasilevskiy_L_different_L076_RZ_20240206_AV-1.raw,,0,0,"Deamidation (NQ);Deamidation (NQ);Carbamidomethylation;Carbamidomethylation;Carbamidomethylation; more","N5:Deamidation (NQ):20.33;N8:Deamidation (NQ):24.34",D8UWD8|SCXN9_MESEU,DB Search
GYILDK,56.31,707.3854,6,0.8,354.70023,2,28.2622,15494,Vasilevskiy_L_different_L076_RZ_20240206_AV-1.raw,3E6,1,1,"",,A0A218QXF0|A0A218QXF0_TITSE:A0A1E1WWB8|A0A1E1WWB8_TITOB,DB Search
GYLIDLWR,102.28,1034.5549,8,0.6,518.28503,2,67.1775,47000,Vasilevskiy_L_different_L076_RZ_20240206_AV-1.raw,2.19E4,1,1,"",,A0A1S5QMZ5|A0A1S5QMZ5_TITSE,DB Search
GYLLDK,56.31,707.3854,6,0.8,354.70023,2,28.2622,15494,Vasilevskiy_L_different_L076_RZ_20240206_AV-1.raw,3E6,1,1,"",,A0A5J6YG70|A0A5J6YG70_9SCOR:F6K6F3|F6K6F3_MESEU:A0A143MHH1|A0A143MHH1_MESEU:A0A0K0LBV3|A0A0K0LBV3_9SCOR:E4VP32|E4VP32_MESEU:E4VP18|E4VP18_MESEU:A0A146CIX0|A0A146CIX0_MESEU:P0DPT3|SCXIT_ANDMA:Q9UAC9|SCAS_MESMA:R4H564|R4H564_MESEU:P86406|SCXNF_MESEU:Q1I165|SCX2_TITZU:R4H5E1|R4H5E1_MESEU:A0A7L4XS63|A0A7L4XS63_TITTI,DB Search
GYLLDKYTGC(+57.02)K,104.80,1316.6434,11,0.1,439.88849,3,35.3060,21077,Vasilevskiy_L_different_L076_RZ_20240206_AV-1.raw,4.64E6,4,4,"Carbamidomethylation",,F6K6F3|F6K6F3_MESEU:P0DPT3|SCXIT_ANDMA:A0A0K0LBV3|A0A0K0LBV3_9SCOR:Q9UAC9|SCAS_MESMA:P86406|SCXNF_MESEU:E4VP18|E4VP18_MESEU:A0A146CIX0|A0A146CIX0_MESEU:R4H5E1|R4H5E1_MESEU,DB Search
GYLLN(+0.98)KYTGC(+57.02)K,97.09,1316.6434,11,-0.6,659.32861,2,40.6093,25500,Vasilevskiy_L_different_L076_RZ_20240206_AV-1.raw,2.22E6,2,2,"Deamidation (NQ);Carbamidomethylation","N5:Deamidation (NQ):1000.00",P21150|SIX4_ANDAU:Q9UAC8|SCAT_MESMA,DB Search
GYN(+0.98)GNWVNDIAILK,103.98,1576.7886,14,1.9,789.40302,2,67.1787,46988,Vasilevskiy_L_different_L076_RZ_20240206_AV-1.raw,4.44E4,1,1,"Deamidation (NQ)","N3:Deamidation (NQ):32.28",E4VP22|E4VP22_MESEU:E4VP49|E4VP49_MESEU,DB Search
GYNGNWVNDIAILK,105.01,1575.8046,14,-3.8,788.90656,2,66.1647,46134,Vasilevskiy_L_different_L076_RZ_20240206_AV-1.raw,,0,0,"",,E4VP22|E4VP22_MESEU:E4VP49|E4VP49_MESEU,DB Search
GYQC(+57.02)LC(+57.02)NR,93.75,1069.4434,8,0.3,535.72913,2,20.7277,9785,Vasilevskiy_L_different_L076_RZ_20240206_AV-1.raw,,0,0,"Carbamidomethylation;Carbamidomethylation",,E4VP45|E4VP45_MESEU:E4VP46|E4VP46_MESEU:R4H559|R4H559_MESEU:R4H5A4|R4H5A4_MESEU:P86402|CTXL1_MESEU:P86401|CTXL_MESEU,DB Search
GYSFTTTAER,96.78,1131.5197,10,0.1,566.76715,2,29.0968,16156,Vasilevskiy_L_different_L076_RZ_20240206_AV-1.raw,,0,0,"",,A0A1W7RB59|A0A1W7RB59_9SCOR:E6Y2S5|E6Y2S5_MESMA:A0A1W7RB46|A0A1W7RB46_9SCOR:A0A2I9LNI8|A0A2I9LNI8_9SCOR:C5J8B7|C5J8B7_OPICY:A0A2I9LNM3|A0A2I9LNM3_9SCOR,DB Search
GYVTADEGR,87.38,966.4407,9,1.5,484.22830,2,19.3508,8750,Vasilevskiy_L_different_L076_RZ_20240206_AV-1.raw,1.72E5,1,1,"",,A0A1E1WVL6|A0A1E1WVL6_TITOB,DB Search
GYYGTLHNWGHVILAR,104.21,1855.9481,16,-0.2,619.65656,3,51.9975,34249,Vasilevskiy_L_different_L076_RZ_20240206_AV-1.raw,9.82E6,2,2,"",,C6H100|C6H100_PANIM,DB Search
H(+42.01)C(+57.02)N(+0.98)DLC(+57.02)TKNGASSGYC(+57.02)QWAGK,46.28,2455.9944,21,-5.8,1228.99731,2,57.5624,39029,Vasilevskiy_L_different_L076_RZ_20240206_AV-1.raw,,0,0,"Acetylation (Protein N-term);Carbamidomethylation;Deamidation (NQ);Carbamidomethylation;Carbamidomethylation","H1:Deamidation (NQ):0.00",P60257|SCXC_BUTOM,DB Search
HDC(+57.02)DEC(+57.02)R,99.11,990.3284,7,-0.7,496.17111,2,14.0241,4328,Vasilevskiy_L_different_L076_RZ_20240206_AV-1.raw,,0,0,"Carbamidomethylation;Carbamidomethylation",,A0A0C9RP88|A0A0C9RP88_TITBA:T1DPC1|T1DPC1_9SCOR:A0A0U1SCI0|A0A0U1SCI0_ISOMC,DB Search
HDC(+57.02)NYYC(+57.02)SIAC(+57.02)INK,103.28,1816.7332,14,0.3,606.58514,3,35.9873,21785,Vasilevskiy_L_different_L076_RZ_20240206_AV-1.raw,6.14E5,2,2,"Carbamidomethylation;Carbamidomethylation;Carbamidomethylation",,A0A088DAF1|A0A088DAF1_MESEU,DB Search
HEEQVAFSDWINSNLK,104.36,1915.9064,16,0.7,639.64319,3,60.6080,41577,Vasilevskiy_L_different_L076_RZ_20240206_AV-1.raw,3.17E4,1,1,"",,A0A1W7R9Y3|A0A1W7R9Y3_9SCOR:A0A2I9LPF2|A0A2I9LPF2_9SCOR,DB Search
HEFLEPEFK,94.56,1174.5658,9,1.9,588.29132,2,39.5263,24503,Vasilevskiy_L_different_L076_RZ_20240206_AV-1.raw,1.88E5,1,1,"",,A0A0U1SF04|A0A0U1SF04_ISOMC,DB Search
HETPVLQMGWGR,96.49,1409.6874,12,0.6,470.90335,3,45.4115,29213,Vasilevskiy_L_different_L076_RZ_20240206_AV-1.raw,1.93E5,2,2,"",,E4VP21|E4VP21_MESEU,DB Search
HFC(+57.02)PNVPIILVGNK,109.49,1606.8654,14,1.5,536.62988,3,54.9066,36851,Vasilevskiy_L_different_L076_RZ_20240206_AV-1.raw,,0,0,"Carbamidomethylation",,A0A1W7R9T5|A0A1W7R9T5_9SCOR:A0A2I9LPI4|A0A2I9LPI4_9SCOR,DB Search
HGAGC(+57.02)GYC(+57.02)TGYQDVSC(+57.02)LC(+57.02)LESPK,102.30,2618.0659,23,-8.8,873.68817,3,53.4336,35629,Vasilevskiy_L_different_L076_RZ_20240206_AV-1.raw,,0,0,"Carbamidomethylation;Carbamidomethylation;Carbamidomethylation;Carbamidomethylation",,E4VP01|E4VP01_MESEU,DB Search
HGN(+0.98)AC(+57.02)WC(+57.02)IELPDNVPIR,110.39,2050.9353,17,0.9,684.65295,3,61.4274,42206,Vasilevskiy_L_different_L076_RZ_20240206_AV-1.raw,1.7E5,1,1,"Deamidation (NQ);Carbamidomethylation;Carbamidomethylation","N3:Deamidation (NQ):73.59",E7CZZ1|SCXNC_MESEU,DB Search
HGNAC(+57.02)WC(+57.02)IELPDNVPIR,95.60,2049.9512,17,-1.5,684.32336,3,59.4108,40566,Vasilevskiy_L_different_L076_RZ_20240206_AV-1.raw,1.93E7,3,3,"Carbamidomethylation;Carbamidomethylation",,E7CZZ1|SCXNC_MESEU,DB Search
HGNAC(+57.02)WC(+57.02)KDLPDK,49.40,1599.6923,13,6.6,800.85864,2,47.7353,31073,Vasilevskiy_L_different_L076_RZ_20240206_AV-1.raw,,0,0,"Carbamidomethylation;Carbamidomethylation",,A0A0U4RZC4|A0A0U4RZC4_ODODO:A0A0K0LBU4|A0A0K0LBU4_9SCOR,DB Search
HGPISIGINANAMQFYYGGISHPWK,105.02,2757.3486,25,1.1,690.34515,4,63.9131,44240,Vasilevskiy_L_different_L076_RZ_20240206_AV-1.raw,3.4E5,2,2,"",,A0A1E1WVT6|A0A1E1WVT6_TITOB:A0A2I9LNW4|A0A2I9LNW4_9SCOR,DB Search
HHDHC(+57.02)HDNIKGK,104.07,1496.6691,12,-6.8,300.33905,5,16.0456,5991,Vasilevskiy_L_different_L076_RZ_20240206_AV-1.raw,1.58E7,3,3,"Carbamidomethylation",,A0A059UD62|A0A059UD62_MESGB,DB Search
HHDPFC(+57.02)PQ(+0.98)DEPGC(+57.02)HR,64.65,1888.7369,15,6.5,945.38184,2,19.2841,8666,Vasilevskiy_L_different_L076_RZ_20240206_AV-1.raw,,0,0,"Carbamidomethylation;Deamidation (NQ);Carbamidomethylation","C6:Deamidation (NQ):1000.00",E4VP01|E4VP01_MESEU,DB Search
HHDPFC(+57.02)PQDEPGC(+57.02)HR,105.74,1887.7529,15,0.0,472.94550,4,19.2753,8616,Vasilevskiy_L_different_L076_RZ_20240206_AV-1.raw,2.28E6,2,2,"Carbamidomethylation;Carbamidomethylation",,E4VP01|E4VP01_MESEU,DB Search
HHDYQVLC(+57.02)NPEGIQLEWR,104.71,2293.0698,18,-0.3,765.36365,3,55.0742,36940,Vasilevskiy_L_different_L076_RZ_20240206_AV-1.raw,1.17E6,2,2,"Carbamidomethylation",,Q686X3|Q686X3_MESEU,DB Search
HIALVGK,50.11,736.4595,7,0.3,369.23715,2,21.1877,10177,Vasilevskiy_L_different_L076_RZ_20240206_AV-1.raw,2.37E5,1,1,"",,A0A2I9LP13|A0A2I9LP13_9SCOR,DB Search
HLAEATELYVALYGAK,109.86,1747.9144,16,3.0,583.64716,3,60.3012,41279,Vasilevskiy_L_different_L076_RZ_20240206_AV-1.raw,,0,0,"",,P80476|HCY6_ANDAU,DB Search
HLALVGK,50.11,736.4595,7,0.3,369.23715,2,21.1877,10177,Vasilevskiy_L_different_L076_RZ_20240206_AV-1.raw,2.37E5,1,1,"",,A0A1S5QN19|A0A1S5QN19_TITSE,DB Search
HLHEVGTPIK,94.36,1129.6244,10,-0.4,377.54858,3,18.4730,7992,Vasilevskiy_L_different_L076_RZ_20240206_AV-1.raw,4.11E5,1,1,"",,A0A2I9LNV0|A0A2I9LNV0_9SCOR:A0A1E1WVU9|A0A1E1WVU9_TITOB,DB Search
HLLIPK,57.69,719.4694,6,0.4,360.74210,2,24.2892,12501,Vasilevskiy_L_different_L076_RZ_20240206_AV-1.raw,3.47E5,1,1,"",,A0A1W7RAD7|A0A1W7RAD7_9SCOR,DB Search
HLLLPK,57.69,719.4694,6,0.4,360.74210,2,24.2892,12501,Vasilevskiy_L_different_L076_RZ_20240206_AV-1.raw,3.47E5,1,1,"",,C6H0Z7|C6H0Z7_PANIM:A0A1E1WVL6|A0A1E1WVL6_TITOB,DB Search
HLLSESVPDDWDKGAVK,34.52,1894.9424,17,-4.5,632.65192,3,53.2836,35469,Vasilevskiy_L_different_L076_RZ_20240206_AV-1.raw,3.02E6,1,1,"",,A0A1W7R9Z7|A0A1W7R9Z7_9SCOR,DB Search
HLTALTR,90.41,810.4712,7,0.1,406.24292,2,18.9554,8364,Vasilevskiy_L_different_L076_RZ_20240206_AV-1.raw,1.59E6,1,1,"",,P80476|HCY6_ANDAU:A0A2I9LP22|A0A2I9LP22_9SCOR:C6H0Z9|C6H0Z9_PANIM:A0A1E1WVP7|A0A1E1WVP7_TITOB,DB Search
HLYEIFYEAK,94.48,1311.6499,10,-0.6,656.83185,2,48.6468,31744,Vasilevskiy_L_different_L076_RZ_20240206_AV-1.raw,,0,0,"",,A0A1E1WVS7|A0A1E1WVS7_TITOB,DB Search
HNC(+57.02)VYEC(+57.02)YNPK,104.79,1482.6021,11,-4.0,495.20596,3,21.6475,10517,Vasilevskiy_L_different_L076_RZ_20240206_AV-1.raw,3.91E5,1,1,"Carbamidomethylation;Carbamidomethylation",,A0A5P8U2M3|A0A5P8U2M3_MESEU:P09981|SCX9_MESEU:A0A5P8U2P7|A0A5P8U2P7_MESEU,DB Search
HPDWSPAQIEK,101.56,1306.6306,11,-0.6,436.55054,3,30.7330,17326,Vasilevskiy_L_different_L076_RZ_20240206_AV-1.raw,5.12E7,3,3,"",,P86100|HYAL1_MESMA,DB Search
HPDYDNNTLYGDIALLK,104.88,1960.9530,17,4.1,981.48779,2,61.0327,42114,Vasilevskiy_L_different_L076_RZ_20240206_AV-1.raw,2.36E6,2,2,"",,E4VP21|E4VP21_MESEU,DB Search
HPDYDNSTFYGDIALLK,112.30,1967.9265,17,1.5,656.98376,3,61.5926,42288,Vasilevskiy_L_different_L076_RZ_20240206_AV-1.raw,2.67E5,1,1,"",,A0A0K0LBR9|A0A0K0LBR9_9SCOR,DB Search
HPQ(+0.98)FSN(+0.98)LTYYGDIALLK,83.35,1980.9833,17,-0.7,991.49823,2,66.6804,46556,Vasilevskiy_L_different_L076_RZ_20240206_AV-1.raw,2.62E4,1,1,"Deamidation (NQ);Deamidation (NQ)","Q3:Deamidation (NQ):1000.00;N6:Deamidation (NQ):1000.00",A0A0C9RP91|A0A0C9RP91_TITBA,DB Search
HQGVMVGMGQK,91.10,1170.5637,11,-0.7,586.28876,2,20.8365,9882,Vasilevskiy_L_different_L076_RZ_20240206_AV-1.raw,3.27E5,1,1,"",,A0A1W7RB59|A0A1W7RB59_9SCOR:E6Y2S5|E6Y2S5_MESMA:A0A1W7RB46|A0A1W7RB46_9SCOR:A0A2I9LNI8|A0A2I9LNI8_9SCOR:F1CJ72|F1CJ72_HOTJU:A0A2I9LNM3|A0A2I9LNM3_9SCOR,DB Search
HSGQ(+0.98)C(+57.02)IKPC(+57.02)K,32.56,1214.5536,10,1.5,608.28497,2,15.5153,5524,Vasilevskiy_L_different_L076_RZ_20240206_AV-1.raw,3E5,1,1,"Deamidation (NQ);Carbamidomethylation;Carbamidomethylation","Q4:Deamidation (NQ):1000.00",P59290|KAX39_BUTOC:A0A0K0LBX7|A0A0K0LBX7_9SCOR,DB Search
HSGQ(+0.98)C(+57.02)LKPC(+57.02)K,32.56,1214.5536,10,1.5,608.28497,2,15.5153,5524,Vasilevskiy_L_different_L076_RZ_20240206_AV-1.raw,3E5,1,1,"Deamidation (NQ);Carbamidomethylation;Carbamidomethylation","Q4:Deamidation (NQ):1000.00",P86396|KAX3D_MESEU:A0A088D9R0|A0A088D9R0_MESEU:Q9NII7|KAX36_MESMA:C0HJQ6|KAX3J_MESEU:P45696|KAX35_ANDAU,DB Search
HSGQC(+57.02)IKPC(+57.02),87.03,1085.4746,9,1.3,543.74530,2,16.2414,6135,Vasilevskiy_L_different_L076_RZ_20240206_AV-1.raw,5.52E6,1,1,"Carbamidomethylation;Carbamidomethylation",,P59290|KAX39_BUTOC:A0A0K0LBX7|A0A0K0LBX7_9SCOR,DB Search
HSGQC(+57.02)IKPC(+57.02)K,96.45,1213.5696,10,0.5,304.39981,4,15.0975,5183,Vasilevskiy_L_different_L076_RZ_20240206_AV-1.raw,4E8,3,3,"Carbamidomethylation;Carbamidomethylation",,P59290|KAX39_BUTOC:A0A0K0LBX7|A0A0K0LBX7_9SCOR,DB Search
HSGQC(+57.02)IKPC(+57.02)KDA,29.48,1399.6337,12,-5.5,467.54926,3,14.1964,4459,Vasilevskiy_L_different_L076_RZ_20240206_AV-1.raw,,0,0,"Carbamidomethylation;Carbamidomethylation",,P59290|KAX39_BUTOC:A0A0K0LBX7|A0A0K0LBX7_9SCOR,DB Search
HSGQC(+57.02)LKPC(+57.02),87.03,1085.4746,9,1.3,543.74530,2,16.2414,6135,Vasilevskiy_L_different_L076_RZ_20240206_AV-1.raw,5.52E6,1,1,"Carbamidomethylation;Carbamidomethylation",,P86396|KAX3D_MESEU:A0A088D9R0|A0A088D9R0_MESEU:Q9NII7|KAX36_MESMA:C0HJQ6|KAX3J_MESEU:P45696|KAX35_ANDAU,DB Search
HSGQC(+57.02)LKPC(+57.02)K,96.45,1213.5696,10,0.5,304.39981,4,15.0975,5183,Vasilevskiy_L_different_L076_RZ_20240206_AV-1.raw,4E8,3,3,"Carbamidomethylation;Carbamidomethylation",,P86396|KAX3D_MESEU:A0A088D9R0|A0A088D9R0_MESEU:Q9NII7|KAX36_MESMA:C0HJQ6|KAX3J_MESEU:P45696|KAX35_ANDAU,DB Search
HSGQC(+57.02)LKPC(+57.02)KDA,29.48,1399.6337,12,-5.5,467.54926,3,14.1964,4459,Vasilevskiy_L_different_L076_RZ_20240206_AV-1.raw,,0,0,"Carbamidomethylation;Carbamidomethylation",,P86396|KAX3D_MESEU:A0A088D9R0|A0A088D9R0_MESEU:Q9NII7|KAX36_MESMA:C0HJQ6|KAX3J_MESEU:P45696|KAX35_ANDAU,DB Search
HSWNKL,49.45,783.4028,6,0.2,392.70874,2,21.9101,10740,Vasilevskiy_L_different_L076_RZ_20240206_AV-1.raw,,0,0,"",,F1CIW9|F1CIW9_HOTJU:A0A088D9U2|A0A088D9U2_MESEU:A0A088DB26|A0A088DB26_MESEU:Q9NJC6|KBX2_MESMA:A0A143MGJ8|A0A143MGJ8_MESEU,DB Search
HTN(+0.98)ISC(+57.02)K,55.90,859.3858,7,9.3,430.70419,2,14.7096,4882,Vasilevskiy_L_different_L076_RZ_20240206_AV-1.raw,,0,0,"Deamidation (NQ);Carbamidomethylation","N3:Deamidation (NQ):1000.00",P86100|HYAL1_MESMA:A0A7T9L322|A0A7T9L322_ANDCR,DB Search
HTN(+0.98)LSC(+57.02)K,55.90,859.3858,7,9.3,430.70419,2,14.7096,4882,Vasilevskiy_L_different_L076_RZ_20240206_AV-1.raw,,0,0,"Deamidation (NQ);Carbamidomethylation","N3:Deamidation (NQ):1000.00",A0A0K0LBS4|A0A0K0LBS4_9SCOR,DB Search
HTNISC(+57.02)K,87.31,858.4018,7,0.2,430.20825,2,14.7365,4914,Vasilevskiy_L_different_L076_RZ_20240206_AV-1.raw,1.85E5,1,1,"Carbamidomethylation",,P86100|HYAL1_MESMA:A0A7T9L322|A0A7T9L322_ANDCR,DB Search
HTNLSC(+57.02)K,87.31,858.4018,7,0.2,430.20825,2,14.7365,4914,Vasilevskiy_L_different_L076_RZ_20240206_AV-1.raw,1.85E5,1,1,"Carbamidomethylation",,A0A0K0LBS4|A0A0K0LBS4_9SCOR,DB Search
HVVFGQVVEGMDVVK,105.02,1641.8549,15,-1.6,821.93341,2,53.4449,35722,Vasilevskiy_L_different_L076_RZ_20240206_AV-1.raw,2.04E6,2,2,"",,A0A2I9LPF3|A0A2I9LPF3_9SCOR:A0A1W7R9W4|A0A1W7R9W4_9SCOR,DB Search
HVVFGQVVEGMDVVKK,84.71,1769.9498,16,3.5,590.99261,3,45.9694,29638,Vasilevskiy_L_different_L076_RZ_20240206_AV-1.raw,,0,0,"",,A0A2I9LPF3|A0A2I9LPF3_9SCOR:A0A1W7R9W4|A0A1W7R9W4_9SCOR,DB Search
I(+42.01)FGGTFAK,53.70,881.4647,8,0.6,441.73987,2,38.3633,23485,Vasilevskiy_L_different_L076_RZ_20240206_AV-1.raw,1.75E6,1,1,"Acetylation (Protein N-term)","I1:Acetylation (Protein N-term):1000.00",P0C8M2|CBP_MESMA,DB Search
IAC(+57.02)AVN(+0.98)N(+0.98)EYC(+57.02)NHSC(+57.02)K,87.57,1840.7179,15,8.8,614.58527,3,19.9681,9245,Vasilevskiy_L_different_L076_RZ_20240206_AV-1.raw,,0,0,"Carbamidomethylation;Deamidation (NQ);Deamidation (NQ);Carbamidomethylation;Carbamidomethylation","C3:Deamidation (NQ):39.44;N6:Deamidation (NQ):42.68",E4VP15|E4VP15_MESEU,DB Search
IAC(+57.02)AVN(+0.98)NEYC(+57.02)NHSC(+57.02)K,104.13,1839.7339,15,0.1,614.25195,3,20.0029,9252,Vasilevskiy_L_different_L076_RZ_20240206_AV-1.raw,3.72E7,3,3,"Carbamidomethylation;Deamidation (NQ);Carbamidomethylation;Carbamidomethylation","C3:Deamidation (NQ):17.01",E4VP15|E4VP15_MESEU,DB Search
IAC(+57.02)AVNN(+0.98)EYC(+57.02)NHSC(+57.02)K,103.89,1839.7339,15,0.3,614.25208,3,19.4326,8805,Vasilevskiy_L_different_L076_RZ_20240206_AV-1.raw,6.41E6,2,2,"Carbamidomethylation;Deamidation (NQ);Carbamidomethylation;Carbamidomethylation","C3:Deamidation (NQ):10.11",E4VP15|E4VP15_MESEU,DB Search
IAC(+57.02)AVNNEYC(+57.02)NH,91.05,1463.5922,12,2.0,732.80481,2,21.9527,10730,Vasilevskiy_L_different_L076_RZ_20240206_AV-1.raw,9.92E5,1,1,"Carbamidomethylation;Carbamidomethylation",,E4VP15|E4VP15_MESEU,DB Search
IAC(+57.02)AVNNEYC(+57.02)NHSC(+57.02)K,105.02,1838.7499,15,0.8,613.92438,3,19.3315,8699,Vasilevskiy_L_different_L076_RZ_20240206_AV-1.raw,7.1E7,2,2,"Carbamidomethylation;Carbamidomethylation;Carbamidomethylation",,E4VP15|E4VP15_MESEU,DB Search
IADDKDC(+57.02)AYFC(+57.02)GR,101.64,1589.6603,13,-0.4,530.89380,3,27.0947,14629,Vasilevskiy_L_different_L076_RZ_20240206_AV-1.raw,4.33E5,1,1,"Carbamidomethylation;Carbamidomethylation",,P01490|SCXA_MESEU,DB Search
IADDKNC(+57.02)AYFC(+57.02)GR,111.50,1588.6763,13,-0.2,530.56592,3,24.9722,12894,Vasilevskiy_L_different_L076_RZ_20240206_AV-1.raw,1.22E8,3,3,"Carbamidomethylation;Carbamidomethylation",,Q9GNG8|SC15_MESMA:P86408|SCXN1_MESEU:Q9GUA7|SCA3_MESMA:Q95P69|SCAA_MESMA:A0A0B5GD34|A0A0B5GD34_MESEU:D8UWD3|SCXN7_MESEU:Q1EG63|Q1EG63_MESMA:P82815|SCBK_MESMA:Q4TUA4|SCA4_MESMA:A0A143FHE4|A0A143FHE4_MESEU:Q49S27|Q49S27_MESMA,DB Search
IADDKNC(+57.02)PYFC(+57.02)GR,52.40,1614.6919,13,-0.8,539.23749,3,33.4158,19656,Vasilevskiy_L_different_L076_RZ_20240206_AV-1.raw,,0,0,"Carbamidomethylation;Carbamidomethylation",,Q9GYX2|SCA1_MESMA,DB Search
IADDRN(+0.98)C(+57.02)VYTC(+57.02)ALN(+0.98)PYC(+57.02)DSEC(+57.02)KK,89.80,2853.1714,23,7.0,952.07111,3,38.7522,23860,Vasilevskiy_L_different_L076_RZ_20240206_AV-1.raw,,0,0,"Deamidation (NQ);Carbamidomethylation;Carbamidomethylation;Deamidation (NQ);Carbamidomethylation; more","N6:Deamidation (NQ):1000.00;C7:Deamidation (NQ):1000.00",P09982|SCXE_MESEU,DB Search
IADDRN(+0.98)C(+57.02)VYTC(+57.02)ALNPYC(+57.02)DSEC(+57.02)K,107.74,2724.0925,22,-1.5,909.03668,3,44.5701,28535,Vasilevskiy_L_different_L076_RZ_20240206_AV-1.raw,,0,0,"Deamidation (NQ);Carbamidomethylation;Carbamidomethylation;Carbamidomethylation;Carbamidomethylation","N6:Deamidation (NQ):71.60",P09982|SCXE_MESEU,DB Search
IADDRN(+0.98)C(+57.02)VYTC(+57.02)ALNPYC(+57.02)DSEC(+57.02)KK,105.01,2852.1873,23,-0.5,714.05377,4,38.7694,23877,Vasilevskiy_L_different_L076_RZ_20240206_AV-1.raw,1.58E6,1,1,"Deamidation (NQ);Carbamidomethylation;Carbamidomethylation;Carbamidomethylation;Carbamidomethylation","N6:Deamidation (NQ):161.77",P09982|SCXE_MESEU,DB Search
IADDRNC(+57.02)VYTC(+57.02)ALN(+0.98)PYC(+57.02)DSEC(+57.02)KK,104.27,2852.1873,23,5.3,951.74139,3,36.3374,22053,Vasilevskiy_L_different_L076_RZ_20240206_AV-1.raw,8.96E5,2,2,"Carbamidomethylation;Carbamidomethylation;Deamidation (NQ);Carbamidomethylation;Carbamidomethylation","C7:Deamidation (NQ):61.35",P09982|SCXE_MESEU,DB Search
IADDRNC(+57.02)VYTC(+57.02)ALNPYC(+57.02)DSEC(+57.02)KK,105.01,2851.2034,23,0.4,713.80841,4,39.0966,24096,Vasilevskiy_L_different_L076_RZ_20240206_AV-1.raw,1.69E6,1,1,"Carbamidomethylation;Carbamidomethylation;Carbamidomethylation;Carbamidomethylation",,P09982|SCXE_MESEU,DB Search
IAFPNTVC(+57.02)R,103.98,1076.5437,9,1.7,539.28003,2,36.8940,22386,Vasilevskiy_L_different_L076_RZ_20240206_AV-1.raw,5.51E5,1,1,"Carbamidomethylation",,E4VNZ8|E4VNZ8_MESEU:E4VNZ7|E4VNZ7_MESEU,DB Search
IAKPHN(+0.98)C(+57.02)VYEC(+57.02)YNPK,110.96,1892.8550,15,0.1,631.95898,3,24.0989,12368,Vasilevskiy_L_different_L076_RZ_20240206_AV-1.raw,9.71E7,6,6,"Deamidation (NQ);Carbamidomethylation;Carbamidomethylation","N6:Deamidation (NQ):35.14",A0A5P8U2M3|A0A5P8U2M3_MESEU:P09981|SCX9_MESEU:A0A5P8U2P7|A0A5P8U2P7_MESEU,DB Search
IAKPHNC(+57.02)VYEC(+57.02)FDAFSSYC(+57.02)NGVC(+57.02)TK,109.60,3026.2820,25,-0.5,757.57739,4,51.3452,33933,Vasilevskiy_L_different_L076_RZ_20240206_AV-1.raw,,0,0,"Carbamidomethylation;Carbamidomethylation;Carbamidomethylation;Carbamidomethylation",,D8UWD6|SCXNA_MESEU:E7CZZ0|SCXNB_MESEU:P86404|SCXN4_MESEU:E7D082|SCX5B_MESEU:P86405|SCXN5_MESEU:E7CZY9|SCXN6_MESEU,DB Search
IAKPHNC(+57.02)VYEC(+57.02)YN(+0.98)PK,97.76,1892.8550,15,3.2,631.96094,3,22.8664,11507,Vasilevskiy_L_different_L076_RZ_20240206_AV-1.raw,,0,0,"Carbamidomethylation;Carbamidomethylation;Deamidation (NQ)","C7:Deamidation (NQ):8.82",A0A5P8U2M3|A0A5P8U2M3_MESEU:P09981|SCX9_MESEU:A0A5P8U2P7|A0A5P8U2P7_MESEU,DB Search
IAKPHNC(+57.02)VYEC(+57.02)YNPK,105.02,1891.8708,15,2.6,631.63257,3,21.2886,10134,Vasilevskiy_L_different_L076_RZ_20240206_AV-1.raw,8.55E8,3,3,"Carbamidomethylation;Carbamidomethylation",,A0A5P8U2M3|A0A5P8U2M3_MESEU:P09981|SCX9_MESEU:A0A5P8U2P7|A0A5P8U2P7_MESEU,DB Search
IALPDNVPIRIPGK,104.86,1501.8979,14,0.9,501.64041,3,54.9411,36856,Vasilevskiy_L_different_L076_RZ_20240206_AV-1.raw,3.13E5,1,1,"",,D8UWD5|SCXN8_MESEU:D8UWD6|SCXNA_MESEU:E7CZZ0|SCXNB_MESEU:E7D082|SCX5B_MESEU:P86405|SCXN5_MESEU,DB Search
IAN(+0.98)DRNC(+57.02)VYTC(+57.02)ALNPYC(+57.02)DSEC(+57.02)KKN(+0.98)GADSGYC(+57.02)QWFGR,89.54,4350.7920,36,-2.8,871.16327,5,54.9411,36898,Vasilevskiy_L_different_L076_RZ_20240206_AV-1.raw,4.13E4,1,1,"Deamidation (NQ);Carbamidomethylation;Carbamidomethylation;Carbamidomethylation;Carbamidomethylation; more","N3:Deamidation (NQ):0.00;C7:Deamidation (NQ):7.40",D8UWD8|SCXN9_MESEU:P86403|SCXN2_MESEU,DB Search
IAN(+0.98)DRNC(+57.02)VYTC(+57.02)ALNPYC(+57.02)N(+0.98)SEC(+57.02)K,79.58,2723.1084,22,1.3,1362.56323,2,41.8427,26395,Vasilevskiy_L_different_L076_RZ_20240206_AV-1.raw,1.27E5,1,1,"Deamidation (NQ);Carbamidomethylation;Carbamidomethylation;Carbamidomethylation;Deamidation (NQ); more","N3:Deamidation (NQ):0.00;C7:Deamidation (NQ):25.70",A0A146CJ08|A0A146CJ08_MESEU,DB Search
IANDRN(+0.98)C(+57.02)VYTC(+57.02)ALN(+0.98)PYC(+57.02)DSEC(+57.02)K,104.24,2724.0925,22,6.3,909.04382,3,41.6940,26236,Vasilevskiy_L_different_L076_RZ_20240206_AV-1.raw,,0,0,"Deamidation (NQ);Carbamidomethylation;Carbamidomethylation;Deamidation (NQ);Carbamidomethylation; more","N6:Deamidation (NQ):0.00;C7:Deamidation (NQ):15.19",D8UWD8|SCXN9_MESEU:P86403|SCXN2_MESEU,DB Search
IANDRN(+0.98)C(+57.02)VYTC(+57.02)ALNPYC(+57.02)DSEC(+57.02)K,105.01,2723.1084,22,2.7,1362.56519,2,41.7787,26297,Vasilevskiy_L_different_L076_RZ_20240206_AV-1.raw,1.89E7,1,1,"Deamidation (NQ);Carbamidomethylation;Carbamidomethylation;Carbamidomethylation;Carbamidomethylation","N6:Deamidation (NQ):12.33",D8UWD8|SCXN9_MESEU:P86403|SCXN2_MESEU,DB Search
IANDRN(+0.98)C(+57.02)VYTC(+57.02)ALNPYC(+57.02)DSEC(+57.02)KK,105.05,2851.2034,23,0.4,951.40875,3,35.7072,21892,Vasilevskiy_L_different_L076_RZ_20240206_AV-1.raw,5.25E7,2,2,"Deamidation (NQ);Carbamidomethylation;Carbamidomethylation;Carbamidomethylation;Carbamidomethylation","N6:Deamidation (NQ):10.22",D8UWD8|SCXN9_MESEU:P86403|SCXN2_MESEU,DB Search
IANDRN(+0.98)C(+57.02)VYTC(+57.02)ALNPYC(+57.02)NSEC(+57.02)K,94.57,2722.1245,22,-7.2,908.37555,3,44.6779,28604,Vasilevskiy_L_different_L076_RZ_20240206_AV-1.raw,,0,0,"Deamidation (NQ);Carbamidomethylation;Carbamidomethylation;Carbamidomethylation;Carbamidomethylation","N6:Deamidation (NQ):0.00",A0A146CJ08|A0A146CJ08_MESEU,DB Search
IANDRN(+0.98)C(+57.02)VYTC(+57.02)AR,98.60,1612.7086,13,2.3,538.57806,3,20.1426,9379,Vasilevskiy_L_different_L076_RZ_20240206_AV-1.raw,,0,0,"Deamidation (NQ);Carbamidomethylation;Carbamidomethylation","N6:Deamidation (NQ):9.42",A0A0K0LBX2|A0A0K0LBX2_9SCOR,DB Search
IANDRNC(+57.02)VYTC(+57.02)ALNPYC(+57.02)N(+0.98)SEC(+57.02)K,89.00,2722.1245,22,-1.4,1362.06763,2,41.9048,26395,Vasilevskiy_L_different_L076_RZ_20240206_AV-1.raw,,0,0,"Carbamidomethylation;Carbamidomethylation;Carbamidomethylation;Deamidation (NQ);Carbamidomethylation","C7:Deamidation (NQ):0.00",A0A146CJ08|A0A146CJ08_MESEU,DB Search
IAPVASTVIQNVNR,98.28,1480.8362,14,-0.4,741.42505,2,58.3455,39659,Vasilevskiy_L_different_L076_RZ_20240206_AV-1.raw,2.28E5,1,1,"",,P86100|HYAL1_MESMA,DB Search
IAQGNNC(+57.02)VYQC(+57.02)ALNSSC(+57.02)N(+0.98)ELC(+57.02)TKN(+0.98)GAK,109.56,3075.3154,27,2.0,1026.11450,3,44.1370,28210,Vasilevskiy_L_different_L076_RZ_20240206_AV-1.raw,,0,0,"Carbamidomethylation;Carbamidomethylation;Carbamidomethylation;Deamidation (NQ);Carbamidomethylation; more","C7:Deamidation (NQ):6.65;C11:Deamidation (NQ):5.81",E7CZZ1|SCXNC_MESEU,DB Search
IC(+57.02)GMQGK,59.42,792.3622,7,-0.1,397.18835,2,17.7717,7374,Vasilevskiy_L_different_L076_RZ_20240206_AV-1.raw,,0,0,"Carbamidomethylation",,Q95P89|SCS1_MESMA,DB Search
IC(+57.02)LAN(+0.98)N(+0.98)ADYYLPN(+0.98)IPVLQMGWGR,109.97,2680.2666,23,8.2,894.43677,3,67.7976,47541,Vasilevskiy_L_different_L076_RZ_20240206_AV-1.raw,3.28E6,1,1,"Carbamidomethylation;Deamidation (NQ);Deamidation (NQ);Deamidation (NQ)","C2:Deamidation (NQ):27.74;N5:Deamidation (NQ):29.09;N6:Deamidation (NQ):45.16",A0A1E1WVS9|A0A1E1WVS9_TITOB,DB Search
IC(+57.02)LPSN(+0.98)NAFYNHETPVLQM(+15.99)GWGR,88.80,2720.2476,23,1.8,907.75812,3,60.7418,41696,Vasilevskiy_L_different_L076_RZ_20240206_AV-1.raw,4.08E4,1,1,"Carbamidomethylation;Deamidation (NQ);Oxidation (M)","C2:Deamidation (NQ):17.01",E4VP21|E4VP21_MESEU,DB Search
IC(+57.02)LPSN(+0.98)NAFYNHETPVLQMGWGR,104.84,2704.2527,23,3.2,902.42773,3,65.0177,45175,Vasilevskiy_L_different_L076_RZ_20240206_AV-1.raw,,0,0,"Carbamidomethylation;Deamidation (NQ)","C2:Deamidation (NQ):12.28",E4VP21|E4VP21_MESEU,DB Search
IC(+57.02)LPSN(+0.98)NAFYNHN(+0.98)TPVLQMGWGR,104.85,2690.2371,23,5.5,897.75787,3,65.2322,45356,Vasilevskiy_L_different_L076_RZ_20240206_AV-1.raw,3.36E5,1,1,"Carbamidomethylation;Deamidation (NQ);Deamidation (NQ)","C2:Deamidation (NQ):0.00;N6:Deamidation (NQ):6.67",F1CIY2|F1CIY2_HOTJU,DB Search
IC(+57.02)LPSNN(+0.98)AFYNHN(+0.98)TPVLQMGWGR,103.60,2690.2371,23,1.2,897.75403,3,65.3374,45451,Vasilevskiy_L_different_L076_RZ_20240206_AV-1.raw,3.36E5,1,1,"Carbamidomethylation;Deamidation (NQ);Deamidation (NQ)","C2:Deamidation (NQ):0.00;N7:Deamidation (NQ):0.00",F1CIY2|F1CIY2_HOTJU,DB Search
IC(+57.02)LPSNNAF,89.25,1034.4855,9,1.1,518.25061,2,54.1511,36099,Vasilevskiy_L_different_L076_RZ_20240206_AV-1.raw,7.23E5,1,1,"Carbamidomethylation",,E4VP21|E4VP21_MESEU:F1CIY2|F1CIY2_HOTJU,DB Search
IC(+57.02)LPSNNAFYN(+0.98)HETPVLQMGWGR,105.10,2704.2527,23,0.4,902.42517,3,64.6667,44728,Vasilevskiy_L_different_L076_RZ_20240206_AV-1.raw,3.06E6,1,1,"Carbamidomethylation;Deamidation (NQ)","C2:Deamidation (NQ):61.69",E4VP21|E4VP21_MESEU,DB Search
IC(+57.02)LPSNNAFYNHETPVLQM(+15.99)GWGR,105.02,2719.2634,23,0.3,907.42871,3,59.2160,40300,Vasilevskiy_L_different_L076_RZ_20240206_AV-1.raw,5.01E6,2,2,"Carbamidomethylation;Oxidation (M)","C2:Oxidation (M):1000.00",E4VP21|E4VP21_MESEU,DB Search
IC(+57.02)LPSNNAFYNHETPVLQMGWGR,105.51,2703.2686,23,0.0,676.82440,4,64.0778,44368,Vasilevskiy_L_different_L076_RZ_20240206_AV-1.raw,1.33E8,3,3,"Carbamidomethylation",,E4VP21|E4VP21_MESEU,DB Search
IC(+57.02)LPSNNAFYNHN(+0.98)TPVLQM(+15.99)GWGR,97.09,2705.2478,23,0.0,902.75659,3,59.2106,40308,Vasilevskiy_L_different_L076_RZ_20240206_AV-1.raw,2.3E6,1,1,"Carbamidomethylation;Deamidation (NQ);Oxidation (M)","C2:Deamidation (NQ):20.41",F1CIY2|F1CIY2_HOTJU,DB Search
IC(+57.02)LPSNNAFYNHN(+0.98)TPVLQMGWGR,105.02,2689.2529,23,3.3,897.42786,3,64.2103,44395,Vasilevskiy_L_different_L076_RZ_20240206_AV-1.raw,3.06E7,3,3,"Carbamidomethylation;Deamidation (NQ)","C2:Deamidation (NQ):32.28",F1CIY2|F1CIY2_HOTJU,DB Search
IC(+57.02)TEAFGLIDVK,99.38,1364.7009,12,-2.3,683.35620,2,61.1329,41967,Vasilevskiy_L_different_L076_RZ_20240206_AV-1.raw,,0,0,"Carbamidomethylation",,A0A088DAY7|A0A088DAY7_MESEU:B3EWY1|KA167_MESGB:F5CJW0|F5CJW0_MESEU:A0A088D9P9|A0A088D9P9_MESEU:A0A088DAC3|A0A088DAC3_MESEU:Q9NBG9|KA162_MESMA:D3JXM1|KA164_MESEU:Q8MQL0|KA163_MESMA,DB Search
IDLGDFSC(+57.02)GGALISK,96.46,1551.7603,15,1.8,776.88879,2,60.9478,41816,Vasilevskiy_L_different_L076_RZ_20240206_AV-1.raw,7.87E5,1,1,"Carbamidomethylation",,E4VP53|E4VP53_MESEU,DB Search
IDLPDNVPIR,94.61,1150.6346,10,0.1,576.32465,2,49.3182,32164,Vasilevskiy_L_different_L076_RZ_20240206_AV-1.raw,6.15E5,1,1,"",,A0A5P8U2M3|A0A5P8U2M3_MESEU:A0A5P8U2P7|A0A5P8U2P7_MESEU:A0A5P8U2Q8|A0A5P8U2Q8_MESEU,DB Search
IDLPDNVPIRIPGK,101.57,1545.8878,14,-0.6,516.30292,3,55.6629,37469,Vasilevskiy_L_different_L076_RZ_20240206_AV-1.raw,6.72E4,1,1,"",,A0A5P8U2M3|A0A5P8U2M3_MESEU:A0A5P8U2P7|A0A5P8U2P7_MESEU:A0A5P8U2Q8|A0A5P8U2Q8_MESEU,DB Search
IEAAAC(+57.02)YSSDC(+57.02)R,96.62,1401.5653,12,0.0,701.78992,2,21.6772,10554,Vasilevskiy_L_different_L076_RZ_20240206_AV-1.raw,2E6,1,1,"Carbamidomethylation;Carbamidomethylation",,A0A088DAE2|A0A088DAE2_MESEU,DB Search
IEAEGSLIYHLC(+57.02)K,99.75,1531.7704,13,-0.3,766.89227,2,54.6298,36626,Vasilevskiy_L_different_L076_RZ_20240206_AV-1.raw,,0,0,"Carbamidomethylation",,V9LLZ2|V9LLZ2_MESMA:V9LLN7|V9LLN7_MESMA:Q8MUB1|KA221_MESMA,DB Search
IEDFIR,43.32,791.4177,6,-2.6,396.71512,2,35.8076,21596,Vasilevskiy_L_different_L076_RZ_20240206_AV-1.raw,3.16E5,1,1,"",,A0AA49QCI2|A0AA49QCI2_9SCOR,DB Search
IEIGMDVAASEFHK,105.02,1545.7496,14,0.7,516.25751,3,50.3031,33071,Vasilevskiy_L_different_L076_RZ_20240206_AV-1.raw,,0,0,"",,A0A7U1GK49|A0A7U1GK49_ANDCR:A0A7U1GJT2|A0A7U1GJT2_HEMLE:A0A2I9LNP4|A0A2I9LNP4_9SCOR,DB Search
IELPDNVPIR,100.84,1164.6503,10,0.2,583.33252,2,49.7829,32514,Vasilevskiy_L_different_L076_RZ_20240206_AV-1.raw,8.31E5,1,1,"",,E7CZZ1|SCXNC_MESEU:P45697|SCM1_MESMA:Q6IZE0|Q6IZE0_MESMA:P59360|SCX2_MESMA:G4WFQ2|SCXND_MESEU:Q9NJC5|SC10_MESMA:P58488|SCM2_MESMA,DB Search
IELPDNVPIRIPGK,99.26,1559.9034,14,0.3,520.97528,3,55.7090,37426,Vasilevskiy_L_different_L076_RZ_20240206_AV-1.raw,9.94E5,1,1,"",,G4WFQ2|SCXND_MESEU,DB Search
IEVVIIGFFKN(+0.98)EK,96.66,1535.8599,13,0.8,512.96100,3,65.8827,45863,Vasilevskiy_L_different_L076_RZ_20240206_AV-1.raw,4.8E5,2,2,"Deamidation (NQ)","N11:Deamidation (NQ):1000.00",A0AA49QCI2|A0AA49QCI2_9SCOR,DB Search
IFDDGYPVK,96.75,1052.5178,9,-0.5,527.26593,2,36.9368,22502,Vasilevskiy_L_different_L076_RZ_20240206_AV-1.raw,1.58E5,1,1,"",,E4VP06|E4VP06_MESEU:E4VP31|E4VP31_MESEU,DB Search
IFGAIAGLLK,92.65,1001.6273,10,0.4,501.82114,2,66.1871,46155,Vasilevskiy_L_different_L076_RZ_20240206_AV-1.raw,8.6E5,1,1,"",,E4VP07|NDB46_MESEU,DB Search
IFGGDIK,53.03,748.4119,7,0.0,375.21323,2,28.9129,16033,Vasilevskiy_L_different_L076_RZ_20240206_AV-1.raw,,0,0,"",,A0AA49K9S2|A0AA49K9S2_9SCOR:A0A2I9LPF6|A0A2I9LPF6_9SCOR:F1CJ13|F1CJ13_HOTJU,DB Search
IFGGTFAK,101.17,839.4541,8,0.7,420.73462,2,36.1463,21747,Vasilevskiy_L_different_L076_RZ_20240206_AV-1.raw,2.66E8,1,1,"",,E4VP53|E4VP53_MESEU:P0C8M2|CBP_MESMA,DB Search
IFIAPK,85.65,687.4319,6,0.2,688.43933,1,31.9043,18299,Vasilevskiy_L_different_L076_RZ_20240206_AV-1.raw,9.99E6,2,2,"",,C6H0Z8|C6H0Z8_PANIM,DB Search
IFLAPK,85.65,687.4319,6,0.2,688.43933,1,31.9043,18299,Vasilevskiy_L_different_L076_RZ_20240206_AV-1.raw,9.99E6,2,2,"",,A0A1E1WVS7|A0A1E1WVS7_TITOB:A0A1E1WWA7|A0A1E1WWA7_TITOB:C6H0Z5|C6H0Z5_PANIM:A0A1W7RAE9|A0A1W7RAE9_9SCOR:C6H102|C6H102_PANIM:A0A1W7RAE8|A0A1W7RAE8_9SCOR:A0A1E1WVN1|A0A1E1WVN1_TITOB:P80476|HCY6_ANDAU:A0A2I9LP22|A0A2I9LP22_9SCOR:A0A1E1WVP7|A0A1E1WVP7_TITOB,DB Search
IFLGPK,96.67,673.4163,6,0.2,674.42371,1,31.6925,18399,Vasilevskiy_L_different_L076_RZ_20240206_AV-1.raw,8.36E6,2,2,"",,A0A1W7RAD3|A0A1W7RAD3_9SCOR:A0A2I9LP14|A0A2I9LP14_9SCOR:C6H100|C6H100_PANIM:A0A1E1WW95|A0A1E1WW95_TITOB:C6H0Z9|C6H0Z9_PANIM:C6H101|C6H101_PANIM:A0A1E1WWC5|A0A1E1WWC5_TITOB:A0A1W7RAE6|A0A1W7RAE6_9SCOR,DB Search
IFSAEGR,78.59,778.3973,7,0.7,390.20621,2,21.4487,10388,Vasilevskiy_L_different_L076_RZ_20240206_AV-1.raw,1.06E6,1,1,"",,F8THJ5|F8THJ5_HOTJU:A0A146CJ24|A0A146CJ24_MESEU:E4VP08|E4VP08_MESEU:E4VP38|E4VP38_MESEU:A0A0U1TZA8|A0A0U1TZA8_ISOMC:A0A0C4G490|A0A0C4G490_MESMA:Q8MTW7|Q8MTW7_MESMA:A0A0B4KJR4|A0A0B4KJR4_MESMA,DB Search
IFWEVPSIM(+15.99)C(+57.02)SK,103.39,1511.7152,12,0.2,756.86505,2,63.0656,43820,Vasilevskiy_L_different_L076_RZ_20240206_AV-1.raw,9.83E6,2,2,"Oxidation (M);Carbamidomethylation","M9:Oxidation (M):1000.00",A0A7T9L322|A0A7T9L322_ANDCR,DB Search
IFWEVPSIMC(+57.02)SK,96.83,1495.7203,12,0.9,499.58115,3,67.5133,47246,Vasilevskiy_L_different_L076_RZ_20240206_AV-1.raw,8.11E7,2,2,"Carbamidomethylation",,A0A7T9L322|A0A7T9L322_ANDCR,DB Search
IFWEVPSIMC(+57.02)SKK,85.02,1623.8153,13,0.2,812.91510,2,62.8335,43299,Vasilevskiy_L_different_L076_RZ_20240206_AV-1.raw,3.09E4,1,1,"Carbamidomethylation",,A0A7T9L322|A0A7T9L322_ANDCR,DB Search
IGANFLQIPVNC(+57.02)PYR,95.95,1760.9032,15,-1.6,881.45746,2,63.5495,43975,Vasilevskiy_L_different_L076_RZ_20240206_AV-1.raw,3.93E4,1,1,"Carbamidomethylation",,A0A8K1NDQ8|A0A8K1NDQ8_ANDCR,DB Search
IGC(+57.02)YAYC(+57.02)WR,96.12,1247.5216,9,0.7,624.76849,2,45.0613,28789,Vasilevskiy_L_different_L076_RZ_20240206_AV-1.raw,6.04E6,1,1,"Carbamidomethylation;Carbamidomethylation",,E4VP62|E4VP62_MESEU:A0A088D9T6|A0A088D9T6_MESEU,DB Search
IGGIGTVPVGR,93.15,1024.6029,11,-0.2,513.30859,2,34.4379,20466,Vasilevskiy_L_different_L076_RZ_20240206_AV-1.raw,6.4E5,1,1,"",,A0A1W7RAM5|A0A1W7RAM5_9SCOR:A0MVV8|A0MVV8_9NEOP:Q9BNV5|Q9BNV5_CENSC:Q8MWI2|Q8MWI2_9NEOP:Q9BNU8|Q9BNU8_HETSP:Q9BNV0|Q9BNV0_HADAR:A0A2I9LNY0|A0A2I9LNY0_9SCOR:A0A1W7RAN3|A0A1W7RAN3_9SCOR,DB Search
IGHC(+57.02)VTK,59.46,813.4167,7,0.6,407.71588,2,17.5005,7156,Vasilevskiy_L_different_L076_RZ_20240206_AV-1.raw,9.81E5,1,1,"Carbamidomethylation",,A0A088D9T6|A0A088D9T6_MESEU,DB Search
IGNIDSDSGQ(+0.98)EYTFQSFSK,105.02,2122.9331,19,6.5,1062.48071,2,52.0655,34532,Vasilevskiy_L_different_L076_RZ_20240206_AV-1.raw,,0,0,"Deamidation (NQ)","Q10:Deamidation (NQ):0.00",F1CIY2|F1CIY2_HOTJU,DB Search
IGNIDSDSGQEYTFQ,104.93,1672.7217,15,-1.6,837.36676,2,48.0616,31242,Vasilevskiy_L_different_L076_RZ_20240206_AV-1.raw,1.25E6,1,1,"",,F1CIY2|F1CIY2_HOTJU,DB Search
IGNIDSDSGQEYTFQSF,103.30,1906.8220,17,0.8,954.41907,2,63.4810,43836,Vasilevskiy_L_different_L076_RZ_20240206_AV-1.raw,4.47E5,1,1,"",,F1CIY2|F1CIY2_HOTJU,DB Search
IGNIDSDSGQEYTFQSFSK,105.02,2121.9490,19,-0.2,1061.98157,2,52.2736,34866,Vasilevskiy_L_different_L076_RZ_20240206_AV-1.raw,4.42E7,2,2,"",,F1CIY2|F1CIY2_HOTJU,DB Search
IGNIDSDSGQVYTF,106.93,1514.6888,14,-2.5,758.34979,2,58.0911,39447,Vasilevskiy_L_different_L076_RZ_20240206_AV-1.raw,,0,0,"",,E4VP21|E4VP21_MESEU,DB Search
IGQAVMK,98.42,745.4156,7,0.3,373.71521,2,19.6758,9030,Vasilevskiy_L_different_L076_RZ_20240206_AV-1.raw,4.71E5,1,1,"",,A0A1W7RAF2|A0A1W7RAF2_9SCOR,DB Search
IGVAAGK,70.04,614.3751,7,1.3,308.19525,2,19.9340,9218,Vasilevskiy_L_different_L076_RZ_20240206_AV-1.raw,,0,0,"",,A0A088DB08|A0A088DB08_MESEU:Q5K0E0|KA157_ANDAM:Q86SD8|KA155_ANDAU:Q867F4|KA154_ANDAU:Q8I0L5|KA152_MESMA:P60233|KA151_ANDAU:A0A143MGR2|A0A143MGR2_MESEU:B8XH37|B8XH37_BUTOS:Q86BX0|KA158_MESMA:P60208|KA153_ANDMA,DB Search
IHDPDGR,95.05,808.3828,7,-0.1,270.46817,3,15.3843,5464,Vasilevskiy_L_different_L076_RZ_20240206_AV-1.raw,2.61E6,2,2,"",,A0A1E1WVS7|A0A1E1WVS7_TITOB:C6H0Z8|C6H0Z8_PANIM:C6H101|C6H101_PANIM:A0A1E1WWC5|A0A1E1WWC5_TITOB,DB Search
IHVEGIIC(+57.02)NLR,95.93,1322.7129,11,0.3,441.91168,3,46.7987,30334,Vasilevskiy_L_different_L076_RZ_20240206_AV-1.raw,1.25E5,1,1,"Carbamidomethylation",,A0A088D9S3|A0A088D9S3_MESEU,DB Search
IIAHDC(+57.02)N(+0.98)YYC(+57.02)SIAC(+57.02),55.68,1759.7004,14,8.6,880.86505,2,39.4407,24434,Vasilevskiy_L_different_L076_RZ_20240206_AV-1.raw,,0,0,"Carbamidomethylation;Deamidation (NQ);Carbamidomethylation;Carbamidomethylation","C6:Deamidation (NQ):1000.00",A0A088DAF1|A0A088DAF1_MESEU,DB Search
IIAHDC(+57.02)N(+0.98)YYC(+57.02)SIAC(+57.02)INK,106.87,2114.9224,17,8.9,1058.47791,2,42.4972,26856,Vasilevskiy_L_different_L076_RZ_20240206_AV-1.raw,,0,0,"Carbamidomethylation;Deamidation (NQ);Carbamidomethylation;Carbamidomethylation","C6:Deamidation (NQ):87.58",A0A088DAF1|A0A088DAF1_MESEU,DB Search
IIAHDC(+57.02)N(+0.98)YYC(+57.02)SISC(+57.02)INK,65.26,2130.9172,17,5.4,1066.47168,2,38.9606,24035,Vasilevskiy_L_different_L076_RZ_20240206_AV-1.raw,,0,0,"Carbamidomethylation;Deamidation (NQ);Carbamidomethylation;Carbamidomethylation","C6:Deamidation (NQ):59.08",A0A088DB32|A0A088DB32_MESEU,DB Search
IIAHDC(+57.02)NYY,90.60,1167.5018,9,-0.2,584.75812,2,27.7778,15174,Vasilevskiy_L_different_L076_RZ_20240206_AV-1.raw,1.68E6,1,1,"Carbamidomethylation",,A0A088DB32|A0A088DB32_MESEU:A0A088DAF1|A0A088DAF1_MESEU,DB Search
IIAHDC(+57.02)NYYC(+57.02),89.43,1327.5326,10,0.8,664.77405,2,25.9692,13853,Vasilevskiy_L_different_L076_RZ_20240206_AV-1.raw,6.19E5,1,1,"Carbamidomethylation;Carbamidomethylation",,A0A088DB32|A0A088DB32_MESEU:A0A088DAF1|A0A088DAF1_MESEU,DB Search
IIAHDC(+57.02)NYYC(+57.02)SIA,87.35,1598.6858,13,0.2,800.35028,2,39.9190,24742,Vasilevskiy_L_different_L076_RZ_20240206_AV-1.raw,1.61E6,1,1,"Carbamidomethylation;Carbamidomethylation",,A0A088DAF1|A0A088DAF1_MESEU,DB Search
IIAHDC(+57.02)NYYC(+57.02)SIAC(+57.02),87.16,1758.7164,14,-1.2,880.36438,2,39.4925,24453,Vasilevskiy_L_different_L076_RZ_20240206_AV-1.raw,5.3E5,1,1,"Carbamidomethylation;Carbamidomethylation;Carbamidomethylation",,A0A088DAF1|A0A088DAF1_MESEU,DB Search
IIAHDC(+57.02)NYYC(+57.02)SIAC(+57.02)INK,105.01,2113.9382,17,0.2,705.65350,3,42.1948,27847,Vasilevskiy_L_different_L076_RZ_20240206_AV-1.raw,3.45E8,5,5,"Carbamidomethylation;Carbamidomethylation;Carbamidomethylation",,A0A088DAF1|A0A088DAF1_MESEU,DB Search
IIAHDC(+57.02)NYYC(+57.02)SISC(+57.02)INK,100.17,2129.9333,17,3.7,710.98767,3,38.8964,23984,Vasilevskiy_L_different_L076_RZ_20240206_AV-1.raw,1.16E6,1,1,"Carbamidomethylation;Carbamidomethylation;Carbamidomethylation",,A0A088DB32|A0A088DB32_MESEU,DB Search
IIAPPER,74.91,794.4650,7,0.8,398.24011,2,22.0105,10833,Vasilevskiy_L_different_L076_RZ_20240206_AV-1.raw,5.54E5,1,1,"",,A0A1W7RB59|A0A1W7RB59_9SCOR:E6Y2S5|E6Y2S5_MESMA:A0A1W7RB46|A0A1W7RB46_9SCOR:A0A2I9LNI8|A0A2I9LNI8_9SCOR:A0A0K0LCC7|A0A0K0LCC7_9SCOR:C5J8B7|C5J8B7_OPICY:A0A2I9LNM3|A0A2I9LNM3_9SCOR,DB Search
IIC(+57.02)GM(+15.99)QGK,90.82,921.4412,8,0.7,461.72818,2,19.8646,9158,Vasilevskiy_L_different_L076_RZ_20240206_AV-1.raw,1.48E7,2,2,"Carbamidomethylation;Oxidation (M)","C3:Oxidation (M):1000.00",Q95P89|SCS1_MESMA,DB Search
IIC(+57.02)GMQ(+0.98)GK,88.53,906.4303,8,1.0,454.22290,2,21.7759,10621,Vasilevskiy_L_different_L076_RZ_20240206_AV-1.raw,8.97E5,1,1,"Carbamidomethylation;Deamidation (NQ)","C3:Deamidation (NQ):1000.00",Q95P89|SCS1_MESMA,DB Search
IIC(+57.02)GMQGK,90.10,905.4463,8,0.6,453.73068,2,20.7093,9716,Vasilevskiy_L_different_L076_RZ_20240206_AV-1.raw,2.6E8,1,1,"Carbamidomethylation",,Q95P89|SCS1_MESMA,DB Search
IIIFLIVSSLVLIEVK,70.96,1798.1583,16,-5.8,900.08118,2,72.0465,51082,Vasilevskiy_L_different_L076_RZ_20240206_AV-1.raw,,0,0,"",,A0A0K0LBV3|A0A0K0LBV3_9SCOR,DB Search
IILVN(+0.98)NK,36.76,813.4960,7,0.3,407.75540,2,28.6426,15926,Vasilevskiy_L_different_L076_RZ_20240206_AV-1.raw,3.96E6,2,2,"Deamidation (NQ)","N5:Deamidation (NQ):14.02",A0A088D9R3|A0A088D9R3_MESEU,DB Search
IILVNNK,38.64,812.5120,7,1.0,407.26367,2,26.0709,13772,Vasilevskiy_L_different_L076_RZ_20240206_AV-1.raw,4.43E7,1,1,"",,A0A088D9R3|A0A088D9R3_MESEU,DB Search
IINEPTAAAIAYGLDKK,104.81,1786.9828,17,0.1,894.49878,2,51.5619,34125,Vasilevskiy_L_different_L076_RZ_20240206_AV-1.raw,1.17E6,2,2,"",,A0A1W7RAC4|A0A1W7RAC4_9SCOR:A0A2I9LP25|A0A2I9LP25_9SCOR:A0A2I9LP41|A0A2I9LP41_9SCOR,DB Search
IIPIFEER,65.02,1015.5702,8,0.8,508.79279,2,55.5389,37350,Vasilevskiy_L_different_L076_RZ_20240206_AV-1.raw,5.92E5,1,1,"",,A0A1W7RAH0|A0A1W7RAH0_9SCOR,DB Search
IIQTAVHK,103.95,908.5443,8,0.6,303.85556,3,17.8924,7497,Vasilevskiy_L_different_L076_RZ_20240206_AV-1.raw,1.44E6,2,2,"",,Q9N661|KBX1_MESMA:A0A059UI30|KBX1_MESGB,DB Search
IKDLSDVDVQEMER,103.47,1675.8087,14,1.3,838.91272,2,39.3954,24457,Vasilevskiy_L_different_L076_RZ_20240206_AV-1.raw,8.34E4,1,1,"",,C6H0Z9|C6H0Z9_PANIM,DB Search
ILDWYVANTDKK,100.04,1464.7612,12,1.4,489.26169,3,45.4759,29269,Vasilevskiy_L_different_L076_RZ_20240206_AV-1.raw,1.27E5,1,1,"",,A0A1W7R9D6|A0A1W7R9D6_9SCOR,DB Search
ILFDYSK,54.74,884.4644,7,-0.1,443.23941,2,42.7730,27196,Vasilevskiy_L_different_L076_RZ_20240206_AV-1.raw,9.86E4,1,1,"",,A0A8K1K205|A0A8K1K205_HEMLE,DB Search
ILGENEYC(+57.02)R,98.13,1152.5233,9,0.6,577.26929,2,27.5574,15040,Vasilevskiy_L_different_L076_RZ_20240206_AV-1.raw,3.32E4,1,1,"Carbamidomethylation",,Q6WJF5|LV1A_MESMA,DB Search
ILGGTFAK,102.20,805.4698,8,-1.3,403.74164,2,31.8071,18329,Vasilevskiy_L_different_L076_RZ_20240206_AV-1.raw,6.97E8,2,2,"",,E4VP22|E4VP22_MESEU:E4VP23|E4VP23_MESEU:E4VP49|E4VP49_MESEU,DB Search
ILNC(+57.02)LFK,49.86,906.4997,7,0.0,454.25711,2,47.4291,30786,Vasilevskiy_L_different_L076_RZ_20240206_AV-1.raw,2.46E5,1,1,"Carbamidomethylation",,A0A059U8Z3|A0A059U8Z3_MESGB,DB Search
ILPGTK,44.81,627.3956,6,0.9,314.70532,2,19.0494,8469,Vasilevskiy_L_different_L076_RZ_20240206_AV-1.raw,3.09E6,1,1,"",,P86100|HYAL1_MESMA,DB Search
ILQC(+57.02)LATF,89.15,964.5052,8,0.7,483.26019,2,63.6501,44027,Vasilevskiy_L_different_L076_RZ_20240206_AV-1.raw,8.38E4,1,1,"Carbamidomethylation",,A0A0U4QVR7|A0A0U4QVR7_ODODO:A0A146CJ24|A0A146CJ24_MESEU:E4VP08|E4VP08_MESEU:E4VP38|E4VP38_MESEU:A0A0C4G490|A0A0C4G490_MESMA:B8XH52|B8XH52_BUTOS:B8XH51|B8XH51_BUTOS:Q8MTW7|Q8MTW7_MESMA:A0A0U3QS50|A0A0U3QS50_ODODO:A0A0B4KJR4|A0A0B4KJR4_MESMA,DB Search
ILQC(+57.02)LATFGFSY,102.38,1418.6904,12,1.5,710.35352,2,69.3215,48836,Vasilevskiy_L_different_L076_RZ_20240206_AV-1.raw,1.59E6,1,1,"Carbamidomethylation",,A0A0U4QVR7|A0A0U4QVR7_ODODO:A0A146CJ24|A0A146CJ24_MESEU:E4VP08|E4VP08_MESEU:E4VP38|E4VP38_MESEU:A0A0C4G490|A0A0C4G490_MESMA:B8XH52|B8XH52_BUTOS:B8XH51|B8XH51_BUTOS:Q8MTW7|Q8MTW7_MESMA:A0A0U3QS50|A0A0U3QS50_ODODO:A0A0B4KJR4|A0A0B4KJR4_MESMA,DB Search
ILQC(+57.02)LATFGFSYSLTTDM(+15.99)AAK,88.66,2353.1333,21,-0.2,785.38489,3,67.8318,47512,Vasilevskiy_L_different_L076_RZ_20240206_AV-1.raw,6.56E5,1,1,"Carbamidomethylation;Oxidation (M)","C4:Oxidation (M):1000.00",A0A146CJ24|A0A146CJ24_MESEU:E4VP38|E4VP38_MESEU:A0A0C4G490|A0A0C4G490_MESMA:Q8MTW7|Q8MTW7_MESMA:A0A0B4KJR4|A0A0B4KJR4_MESMA,DB Search
ILQC(+57.02)LATFGFSYSLTTDMAAK,100.24,2337.1384,21,0.2,1169.57678,2,68.5930,48220,Vasilevskiy_L_different_L076_RZ_20240206_AV-1.raw,2.32E6,2,2,"Carbamidomethylation",,A0A146CJ24|A0A146CJ24_MESEU:E4VP38|E4VP38_MESEU:A0A0C4G490|A0A0C4G490_MESMA:Q8MTW7|Q8MTW7_MESMA:A0A0B4KJR4|A0A0B4KJR4_MESMA,DB Search
ILQFQFHK,70.78,1059.5865,8,0.9,354.20309,3,42.1647,26484,Vasilevskiy_L_different_L076_RZ_20240206_AV-1.raw,3.12E6,2,2,"",,A0A1W7R9Z8|A0A1W7R9Z8_9SCOR,DB Search
ILQTAVHK,103.95,908.5443,8,0.6,303.85556,3,17.8924,7497,Vasilevskiy_L_different_L076_RZ_20240206_AV-1.raw,1.44E6,2,2,"",,A0A5P8U361|A0A5P8U361_MESEU:B8XH40|KBX1_BUTOS:A0A143MI92|A0A143MI92_MESEU:A0A088D9S1|A0A088D9S1_MESEU:A0A088DB53|A0A088DB53_MESEU,DB Search
ILSGIHR,86.78,794.4763,7,-2.5,265.83203,3,20.2159,9433,Vasilevskiy_L_different_L076_RZ_20240206_AV-1.raw,2.05E5,1,1,"",,A0A1E1WVL6|A0A1E1WVL6_TITOB,DB Search
ILTAAHC(+57.02)MISPLQ(+0.98)DMIAR,100.82,2041.0159,18,5.4,1021.52069,2,62.5015,43087,Vasilevskiy_L_different_L076_RZ_20240206_AV-1.raw,,0,0,"Carbamidomethylation;Deamidation (NQ)","C7:Deamidation (NQ):1000.00",E4VP21|E4VP21_MESEU,DB Search
ILTAAHC(+57.02)MISPLQDMIAR,101.52,2040.0319,18,-0.5,681.01752,3,62.4400,43009,Vasilevskiy_L_different_L076_RZ_20240206_AV-1.raw,1.8E6,1,1,"Carbamidomethylation",,E4VP21|E4VP21_MESEU,DB Search
ILTSPPK,40.83,754.4589,7,0.3,378.23682,2,20.7977,9814,Vasilevskiy_L_different_L076_RZ_20240206_AV-1.raw,3.01E6,1,1,"",,A0A2I9LNS6|A0A2I9LNS6_9SCOR,DB Search
ILVNQEETFN(+0.98)GDK,104.97,1506.7202,13,0.1,754.36743,2,36.2227,21996,Vasilevskiy_L_different_L076_RZ_20240206_AV-1.raw,9.04E7,3,3,"Deamidation (NQ)","N10:Deamidation (NQ):17.91",F1CIW6|F1CIW6_HOTJU:P86100|HYAL1_MESMA:A0A7T9L322|A0A7T9L322_ANDCR,DB Search
ILVNQEETFN(+0.98)GDKIVIFYESQLGK,111.00,2784.4221,24,-0.4,929.14758,3,68.0631,47703,Vasilevskiy_L_different_L076_RZ_20240206_AV-1.raw,1.23E6,2,2,"Deamidation (NQ)","N10:Deamidation (NQ):62.80",P86100|HYAL1_MESMA,DB Search
ILVNQEETFNGDK,96.44,1505.7362,13,-0.1,753.87524,2,32.9383,19070,Vasilevskiy_L_different_L076_RZ_20240206_AV-1.raw,1.64E8,1,1,"",,F1CIW6|F1CIW6_HOTJU:P86100|HYAL1_MESMA:A0A7T9L322|A0A7T9L322_ANDCR,DB Search
ILVNQEETFNGDKIVIFYESQLGK,104.56,2783.4380,24,0.6,928.82056,3,67.2555,47060,Vasilevskiy_L_different_L076_RZ_20240206_AV-1.raw,2.05E5,1,1,"",,P86100|HYAL1_MESMA,DB Search
IM(+15.99)PDMK,54.12,749.3452,6,0.4,375.68002,2,18.7848,8245,Vasilevskiy_L_different_L076_RZ_20240206_AV-1.raw,7.99E5,1,1,"Oxidation (M)","M2:Oxidation (M):49.37",C0HJQ5|KAX87_MESEU:E4VP43|KAX8R_MESEU:P86400|KAX86_MESEU,DB Search
IMDDISESK,81.79,1036.4746,9,2.2,519.24573,2,23.6961,12064,Vasilevskiy_L_different_L076_RZ_20240206_AV-1.raw,,0,0,"",,Q95P89|SCS1_MESMA,DB Search
IMPDMK,82.86,733.3503,6,-0.3,367.68231,2,23.4266,11885,Vasilevskiy_L_different_L076_RZ_20240206_AV-1.raw,8.25E6,1,1,"",,C0HJQ5|KAX87_MESEU:E4VP43|KAX8R_MESEU:P86400|KAX86_MESEU,DB Search
IN(+0.98)C(+57.02)NDLC(+57.02)TK,96.25,1137.4795,9,-2.2,569.74573,2,22.0842,10878,Vasilevskiy_L_different_L076_RZ_20240206_AV-1.raw,,0,0,"Deamidation (NQ);Carbamidomethylation;Carbamidomethylation","N2:Deamidation (NQ):60.92",E7CZY8|SCXN3_MESEU:D8UWD2|D8UWD2_MESEU,DB Search
IN(+0.98)GAESGYC(+57.02)Q(+0.98)Q(+0.98)AGVYGNAC(+57.02)WC(+57.02)YK,79.89,2658.0461,23,6.0,887.02795,3,43.8456,27968,Vasilevskiy_L_different_L076_RZ_20240206_AV-1.raw,,0,0,"Deamidation (NQ);Carbamidomethylation;Deamidation (NQ);Deamidation (NQ);Carbamidomethylation; more","N2:Deamidation (NQ):16.63;C9:Deamidation (NQ):26.08;Q10:Deamidation (NQ):28.13",P82815|SCBK_MESMA,DB Search
INADFK,32.48,706.3650,6,0.8,354.19003,2,22.1004,10841,Vasilevskiy_L_different_L076_RZ_20240206_AV-1.raw,7.52E7,1,1,"",,A0A7T9L322|A0A7T9L322_ANDCR,DB Search
INC(+57.02)N(+0.98)DLC(+57.02)TK,96.25,1137.4795,9,-0.4,569.74677,2,19.7055,9035,Vasilevskiy_L_different_L076_RZ_20240206_AV-1.raw,2.55E5,1,1,"Carbamidomethylation;Deamidation (NQ);Carbamidomethylation","C3:Deamidation (NQ):80.00",E7CZY8|SCXN3_MESEU:D8UWD2|D8UWD2_MESEU,DB Search
INC(+57.02)NDLC(+57.02)TK,94.59,1136.4955,9,1.0,569.25555,2,20.6630,9723,Vasilevskiy_L_different_L076_RZ_20240206_AV-1.raw,2.19E7,1,1,"Carbamidomethylation;Carbamidomethylation",,E7CZY8|SCXN3_MESEU:D8UWD2|D8UWD2_MESEU,DB Search
INC(+57.02)NDLC(+57.02)TKN(+0.98)GAK,105.01,1507.6759,13,1.1,503.56647,3,19.0888,8521,Vasilevskiy_L_different_L076_RZ_20240206_AV-1.raw,7.68E5,1,1,"Carbamidomethylation;Carbamidomethylation;Deamidation (NQ)","C3:Deamidation (NQ):41.55",E7CZY8|SCXN3_MESEU:D8UWD2|D8UWD2_MESEU,DB Search
INFLVR,70.13,760.4595,6,0.4,381.23721,2,43.0859,27219,Vasilevskiy_L_different_L076_RZ_20240206_AV-1.raw,4.68E5,1,1,"",,A0A671WUB7|A0A671WUB7_SPAAU,DB Search
INGAESGYC(+57.02)Q(+0.98)QAGVYGNAC(+57.02)WC(+57.02)YK,69.17,2656.0781,23,-2.7,886.36426,3,55.3761,37281,Vasilevskiy_L_different_L076_RZ_20240206_AV-1.raw,7.08E4,1,1,"Carbamidomethylation;Deamidation (NQ);Carbamidomethylation;Carbamidomethylation","C9:Deamidation (NQ):0.00",P82815|SCBK_MESMA,DB Search
INGAESGYC(+57.02)QQAGVYGNAC(+57.02)WC(+57.02)YK,68.94,2655.0940,23,-4.5,886.03467,3,55.3049,37281,Vasilevskiy_L_different_L076_RZ_20240206_AV-1.raw,1.03E5,1,1,"Carbamidomethylation;Carbamidomethylation;Carbamidomethylation",,P82815|SCBK_MESMA,DB Search
INSFPTIK,93.51,918.5175,8,0.2,460.26608,2,36.9678,22549,Vasilevskiy_L_different_L076_RZ_20240206_AV-1.raw,,0,0,"",,A0A2I9LPF6|A0A2I9LPF6_9SCOR:F1CJ13|F1CJ13_HOTJU,DB Search
INYILPGTK,98.18,1017.5859,9,0.0,509.80020,2,41.5608,25999,Vasilevskiy_L_different_L076_RZ_20240206_AV-1.raw,1E8,1,1,"",,P86100|HYAL1_MESMA,DB Search
IPGEC(+57.02)R,86.43,730.3432,6,1.6,366.17947,2,16.9613,6700,Vasilevskiy_L_different_L076_RZ_20240206_AV-1.raw,1.98E9,1,1,"Carbamidomethylation",,D8UWD8|SCXN9_MESEU:A0A146CJ08|A0A146CJ08_MESEU:P86403|SCXN2_MESEU,DB Search
IPGN(+0.98)C(+57.02)H,42.34,697.2853,6,0.9,349.65027,2,17.1697,6876,Vasilevskiy_L_different_L076_RZ_20240206_AV-1.raw,2.63E7,1,1,"Deamidation (NQ);Carbamidomethylation","N4:Deamidation (NQ):1000.00",P59360|SCX2_MESMA,DB Search
IPIFSAAGLPHN(+0.98)EIAAQIC(+57.02)R,100.12,2178.1255,20,9.1,727.05573,3,60.6632,41580,Vasilevskiy_L_different_L076_RZ_20240206_AV-1.raw,,0,0,"Deamidation (NQ);Carbamidomethylation","N12:Deamidation (NQ):61.30",D0UQX6|D0UQX6_HADAR:D0UQX8|D0UQX8_HETSP,DB Search
IPIFSAAGLPHNEIAAQIC(+57.02)R,96.63,2177.1416,20,1.8,726.72241,3,60.6752,41580,Vasilevskiy_L_different_L076_RZ_20240206_AV-1.raw,6.84E4,1,1,"Carbamidomethylation",,D0UQX6|D0UQX6_HADAR:D0UQX8|D0UQX8_HETSP,DB Search
IPLLADK,58.67,768.4745,7,1.9,385.24527,2,35.7312,21561,Vasilevskiy_L_different_L076_RZ_20240206_AV-1.raw,,0,0,"",,A0A2I9LPF5|A0A2I9LPF5_9SCOR,DB Search
IQLPDNVPIR,95.56,1163.6663,10,0.2,582.84052,2,48.5148,31813,Vasilevskiy_L_different_L076_RZ_20240206_AV-1.raw,6.75E7,1,1,"",,P09981|SCX9_MESEU:P59854|SCX7_MESMA,DB Search
IQLPDNVPIRIPGK,111.37,1558.9194,14,1.3,520.64777,3,54.9084,37116,Vasilevskiy_L_different_L076_RZ_20240206_AV-1.raw,3.69E7,2,2,"",,P09981|SCX9_MESEU,DB Search
IQTAVHK,100.75,795.4603,7,-1.0,398.73703,2,22.5659,11251,Vasilevskiy_L_different_L076_RZ_20240206_AV-1.raw,,0,0,"",,Q9N661|KBX1_MESMA:A0A059UI30|KBX1_MESGB,DB Search
IQVEAGC(+57.02)DWK,42.29,1204.5547,10,3.9,603.28693,2,33.1376,19425,Vasilevskiy_L_different_L076_RZ_20240206_AV-1.raw,,0,0,"Carbamidomethylation",,A0A088D9P7|A0A088D9P7_MESEU,DB Search
IRIPGEC(+57.02)R,95.76,999.5284,8,1.5,334.18390,3,23.3768,11881,Vasilevskiy_L_different_L076_RZ_20240206_AV-1.raw,,0,0,"Carbamidomethylation",,D8UWD8|SCXN9_MESEU:A0A146CJ08|A0A146CJ08_MESEU:P86403|SCXN2_MESEU,DB Search
ISAGVL,37.51,558.3377,6,0.3,559.34515,1,39.3289,24367,Vasilevskiy_L_different_L076_RZ_20240206_AV-1.raw,5.41E6,1,1,"",,E4VP22|E4VP22_MESEU:E4VP23|E4VP23_MESEU:E4VP49|E4VP49_MESEU,DB Search
ISAGVLSF,81.05,792.4381,8,0.1,397.22638,2,64.5080,44764,Vasilevskiy_L_different_L076_RZ_20240206_AV-1.raw,2.76E6,2,2,"",,E4VP22|E4VP22_MESEU:E4VP23|E4VP23_MESEU:E4VP49|E4VP49_MESEU,DB Search
ISAGVLSFSY,76.59,1042.5334,10,-0.3,522.27386,2,66.8490,46628,Vasilevskiy_L_different_L076_RZ_20240206_AV-1.raw,4.52E5,1,1,"",,E4VP22|E4VP22_MESEU:E4VP23|E4VP23_MESEU:E4VP49|E4VP49_MESEU,DB Search
ISC(+57.02)IPSEHDDIC(+57.02)DQ(+0.98)FC(+57.02)K,89.13,2123.8599,17,7.4,1062.94507,2,40.8015,25563,Vasilevskiy_L_different_L076_RZ_20240206_AV-1.raw,,0,0,"Carbamidomethylation;Carbamidomethylation;Deamidation (NQ);Carbamidomethylation","C3:Deamidation (NQ):1000.00",E4VP31|E4VP31_MESEU,DB Search
ISC(+57.02)IPSEHDDIC(+57.02)DQFC(+57.02)K,105.02,2122.8757,17,0.0,708.63257,3,40.6075,25672,Vasilevskiy_L_different_L076_RZ_20240206_AV-1.raw,7.77E7,2,2,"Carbamidomethylation;Carbamidomethylation;Carbamidomethylation",,E4VP31|E4VP31_MESEU,DB Search
ISC(+57.02)IPSEHDDIC(+57.02)DQFC(+57.02)KK,100.72,2250.9707,18,-0.8,1126.49170,2,34.8873,20829,Vasilevskiy_L_different_L076_RZ_20240206_AV-1.raw,9.73E5,1,1,"Carbamidomethylation;Carbamidomethylation;Carbamidomethylation",,E4VP31|E4VP31_MESEU,DB Search
ISC(+57.02)IPSEHDDLC(+57.02)DQ(+0.98)FC(+57.02)K,89.13,2123.8599,17,7.4,1062.94507,2,40.8015,25563,Vasilevskiy_L_different_L076_RZ_20240206_AV-1.raw,,0,0,"Carbamidomethylation;Carbamidomethylation;Deamidation (NQ);Carbamidomethylation","C3:Deamidation (NQ):1000.00",E4VP06|E4VP06_MESEU,DB Search
ISC(+57.02)IPSEHDDLC(+57.02)DQFC(+57.02)K,105.02,2122.8757,17,0.0,708.63257,3,40.6075,25672,Vasilevskiy_L_different_L076_RZ_20240206_AV-1.raw,7.77E7,2,2,"Carbamidomethylation;Carbamidomethylation;Carbamidomethylation",,E4VP06|E4VP06_MESEU,DB Search
ISC(+57.02)IPSEHDDLC(+57.02)DQFC(+57.02)KK,100.72,2250.9707,18,-0.8,1126.49170,2,34.8873,20829,Vasilevskiy_L_different_L076_RZ_20240206_AV-1.raw,9.73E5,1,1,"Carbamidomethylation;Carbamidomethylation;Carbamidomethylation",,E4VP06|E4VP06_MESEU,DB Search
ISC(+57.02)IPSEHDDLC(+57.02)N(+0.98)K,105.02,1687.7181,14,0.7,563.58038,3,26.2140,14182,Vasilevskiy_L_different_L076_RZ_20240206_AV-1.raw,2.68E8,3,3,"Carbamidomethylation;Carbamidomethylation;Deamidation (NQ)","C3:Deamidation (NQ):1000.00",A0A146CIV8|A0A146CIV8_MESEU,DB Search
ISC(+57.02)IPSEHDDLC(+57.02)N(+0.98)KF,96.88,1834.7866,15,-1.0,918.39966,2,42.7730,27139,Vasilevskiy_L_different_L076_RZ_20240206_AV-1.raw,1.17E6,2,2,"Carbamidomethylation;Carbamidomethylation;Deamidation (NQ)","C3:Deamidation (NQ):1000.00",A0A146CIV8|A0A146CIV8_MESEU,DB Search
ISC(+57.02)IPSEHDDLC(+57.02)N(+0.98)KFC(+57.02)K,104.18,2122.9121,17,2.1,531.73645,4,33.8663,19912,Vasilevskiy_L_different_L076_RZ_20240206_AV-1.raw,2.13E8,3,3,"Carbamidomethylation;Carbamidomethylation;Deamidation (NQ);Carbamidomethylation","C3:Deamidation (NQ):1000.00",A0A146CIV8|A0A146CIV8_MESEU,DB Search
ISC(+57.02)IPSEHDDLC(+57.02)NKFC(+57.02)KE,106.31,2250.9707,18,0.7,563.75037,4,34.8873,20783,Vasilevskiy_L_different_L076_RZ_20240206_AV-1.raw,5.03E7,2,2,"Carbamidomethylation;Carbamidomethylation;Carbamidomethylation",,A0A146CIV8|A0A146CIV8_MESEU,DB Search
ISGPTLK,32.55,714.4276,7,-0.7,358.22079,2,22.5739,11258,Vasilevskiy_L_different_L076_RZ_20240206_AV-1.raw,,0,0,"",,A0A1S5QN19|A0A1S5QN19_TITSE,DB Search
ISN(+0.98)VVDKYC(+57.02)SEDPLEC(+57.02)NEHC(+57.02)K,110.35,2596.0879,21,9.8,650.03564,4,35.2952,21199,Vasilevskiy_L_different_L076_RZ_20240206_AV-1.raw,,0,0,"Deamidation (NQ);Carbamidomethylation;Carbamidomethylation;Carbamidomethylation","N3:Deamidation (NQ):146.95",E4VP20|E4VP20_MESEU,DB Search
ISNVVDK,54.86,773.4283,7,0.5,387.72162,2,18.2169,7722,Vasilevskiy_L_different_L076_RZ_20240206_AV-1.raw,2.24E7,1,1,"",,Q95P88|DEF_MESMA:A0A088D9S2|A0A088D9S2_MESEU:E4VP20|E4VP20_MESEU,DB Search
ISNVVDKY,79.70,936.4916,8,0.4,469.25330,2,25.9707,13869,Vasilevskiy_L_different_L076_RZ_20240206_AV-1.raw,1.07E6,1,1,"",,Q95P88|DEF_MESMA,DB Search
ISNVVDKYC(+57.02)SEDPLDC(+57.02)N(+0.98)EHC(+57.02)K,110.24,2582.0723,21,5.8,1292.05090,2,35.6496,21448,Vasilevskiy_L_different_L076_RZ_20240206_AV-1.raw,2.2E5,1,1,"Carbamidomethylation;Carbamidomethylation;Deamidation (NQ);Carbamidomethylation","C9:Deamidation (NQ):21.24",A0A088D9S2|A0A088D9S2_MESEU,DB Search
ISNVVDKYC(+57.02)SEDPLDC(+57.02)NEHC(+57.02)K,105.02,2581.0884,21,1.5,646.28033,4,35.7072,21671,Vasilevskiy_L_different_L076_RZ_20240206_AV-1.raw,2.14E8,2,2,"Carbamidomethylation;Carbamidomethylation;Carbamidomethylation",,A0A088D9S2|A0A088D9S2_MESEU,DB Search
ISNVVDKYC(+57.02)SEDPLEC(+57.02)N(+0.98)EHC(+57.02)K,109.33,2596.0879,21,5.9,866.37500,3,35.3139,21214,Vasilevskiy_L_different_L076_RZ_20240206_AV-1.raw,,0,0,"Carbamidomethylation;Carbamidomethylation;Deamidation (NQ);Carbamidomethylation","C9:Deamidation (NQ):18.16",E4VP20|E4VP20_MESEU,DB Search
ISNVVDKYC(+57.02)SEDPLEC(+57.02)NEHC(+57.02)K,105.02,2595.1040,21,-1.1,866.04102,3,35.5409,21315,Vasilevskiy_L_different_L076_RZ_20240206_AV-1.raw,1.58E7,2,2,"Carbamidomethylation;Carbamidomethylation;Carbamidomethylation",,E4VP20|E4VP20_MESEU,DB Search
ISPLQDMIAR,24.52,1142.6118,10,0.2,572.31329,2,53.2285,35236,Vasilevskiy_L_different_L076_RZ_20240206_AV-1.raw,2.75E6,1,1,"",,E4VP21|E4VP21_MESEU,DB Search
ISSSWHTIGIL,36.15,1212.6503,11,0.8,607.33289,2,62.8335,43280,Vasilevskiy_L_different_L076_RZ_20240206_AV-1.raw,4.32E5,1,1,"",,A0A2I9LNW3|A0A2I9LNW3_9SCOR,DB Search
ISWLWK,74.75,831.4643,6,1.2,416.73993,2,62.6399,43095,Vasilevskiy_L_different_L076_RZ_20240206_AV-1.raw,6.64E7,1,1,"",,A0A218QX67|A0A218QX67_TITSE:W0HFN9|HYAL2_TITSE:A0A7S8MU79|A0A7S8MU79_TITSE:A0A0C9QKT6|A0A0C9QKT6_TITBA,DB Search
ITEFFGLK,96.89,953.5222,8,0.7,477.76871,2,56.9153,38493,Vasilevskiy_L_different_L076_RZ_20240206_AV-1.raw,,0,0,"",,F1CJ13|F1CJ13_HOTJU,DB Search
ITITNDK,84.26,803.4388,7,0.4,402.72687,2,19.6101,8979,Vasilevskiy_L_different_L076_RZ_20240206_AV-1.raw,2.53E5,1,1,"",,A0A1W7RAC4|A0A1W7RAC4_9SCOR:A0A2I9LP41|A0A2I9LP41_9SCOR,DB Search
ITMELR,56.32,761.4105,6,1.1,381.71298,2,31.1454,17763,Vasilevskiy_L_different_L076_RZ_20240206_AV-1.raw,1.01E6,1,1,"",,A0A2I9LPF3|A0A2I9LPF3_9SCOR,DB Search
ITNWWAEHK,57.01,1183.5774,9,0.3,395.53320,3,36.9460,22529,Vasilevskiy_L_different_L076_RZ_20240206_AV-1.raw,,0,0,"",,A0A1W7RA68|A0A1W7RA68_9SCOR,DB Search
ITYQGVPR,45.68,932.5079,8,-1.1,467.26074,2,42.4720,26836,Vasilevskiy_L_different_L076_RZ_20240206_AV-1.raw,,0,0,"",,A0A059UI24|A0A059UI24_MESGB,DB Search
IVELIDK,40.47,828.4957,7,0.2,415.25516,2,32.9619,19278,Vasilevskiy_L_different_L076_RZ_20240206_AV-1.raw,,0,0,"",,A0A1W7R9F1|A0A1W7R9F1_9SCOR,DB Search
IVGGYTC(+57.02)GANTVPY,92.09,1470.6813,14,1.3,736.34888,2,47.6311,30874,Vasilevskiy_L_different_L076_RZ_20240206_AV-1.raw,1.61E6,1,1,"Carbamidomethylation",,P00760|TRY1_BOVIN,DB Search
IVIFYESQLGK,96.62,1295.7125,11,0.8,648.86407,2,56.5797,38351,Vasilevskiy_L_different_L076_RZ_20240206_AV-1.raw,1.06E8,2,2,"",,P86100|HYAL1_MESMA:A0A0C9RFM5|A0A0C9RFM5_TITBA:A0A1E1WWG5|A0A1E1WWG5_TITOB,DB Search
IVMLITK,57.26,816.5143,7,-1.1,409.26395,2,57.0421,38596,Vasilevskiy_L_different_L076_RZ_20240206_AV-1.raw,,0,0,"",,E4VNZ8|E4VNZ8_MESEU:E4VNZ7|E4VNZ7_MESEU,DB Search
IVPIVEPEVLPDGDHDLDR,94.34,2127.0847,19,0.5,710.03589,3,55.8895,37627,Vasilevskiy_L_different_L076_RZ_20240206_AV-1.raw,3.24E5,1,1,"",,A0A1W7RAI5|A0A1W7RAI5_9SCOR,DB Search
IVVPPLPGK,71.63,918.5902,9,0.4,460.30255,2,42.7730,27105,Vasilevskiy_L_different_L076_RZ_20240206_AV-1.raw,2.29E5,1,1,"",,A0A0U1SKC7|A0A0U1SKC7_ISOMC,DB Search
IWC(+57.02)VIN(+0.98)N(+0.98)ESC(+57.02)NSEC(+57.02)K,70.45,1913.7594,15,4.8,957.89160,2,36.1180,21881,Vasilevskiy_L_different_L076_RZ_20240206_AV-1.raw,1.98E6,3,3,"Carbamidomethylation;Deamidation (NQ);Deamidation (NQ);Carbamidomethylation;Carbamidomethylation","C3:Deamidation (NQ):56.99;N6:Deamidation (NQ):61.69",Q9UAC8|SCAT_MESMA,DB Search
IWHHTFYNELR,99.70,1514.7418,11,0.6,505.92151,3,33.9744,20028,Vasilevskiy_L_different_L076_RZ_20240206_AV-1.raw,1.36E6,1,1,"",,A0A1W7RB59|A0A1W7RB59_9SCOR:E6Y2S5|E6Y2S5_MESMA:A0A1W7RB46|A0A1W7RB46_9SCOR:A0A2I9LNI8|A0A2I9LNI8_9SCOR:F1CJ72|F1CJ72_HOTJU:A0A2I9LNM3|A0A2I9LNM3_9SCOR,DB Search
IWQIFDPK,92.31,1045.5597,8,1.0,523.78760,2,61.2984,41860,Vasilevskiy_L_different_L076_RZ_20240206_AV-1.raw,4.84E7,1,1,"",,A0A059UD62|A0A059UD62_MESGB:A0AA50AAI4|A0AA50AAI4_ANDCR,DB Search
IYALPEDITEVKPK,101.11,1614.8868,14,1.2,539.30353,3,49.5070,32410,Vasilevskiy_L_different_L076_RZ_20240206_AV-1.raw,,0,0,"",,A0A2I9LPF2|A0A2I9LPF2_9SCOR,DB Search
IYMQESHITK,105.50,1248.6173,10,-0.1,625.31586,2,21.8068,10498,Vasilevskiy_L_different_L076_RZ_20240206_AV-1.raw,6E6,2,2,"",,P86100|HYAL1_MESMA:A0A1E1WWG5|A0A1E1WWG5_TITOB,DB Search
IYQTISSR,79.37,966.5134,8,0.1,484.26404,2,20.9566,9956,Vasilevskiy_L_different_L076_RZ_20240206_AV-1.raw,5.92E5,1,1,"",,C5J8B1|C5J8B1_OPICY,DB Search
IYTYN(+0.98)GYIGN(+0.98)WVN(+0.98)DIAILK,107.79,2232.0991,19,-10.1,745.03278,3,66.5515,46455,Vasilevskiy_L_different_L076_RZ_20240206_AV-1.raw,3.89E5,1,1,"Deamidation (NQ);Deamidation (NQ);Deamidation (NQ)","N5:Deamidation (NQ):1000.00;N10:Deamidation (NQ):1000.00;N13:Deamidation (NQ):1000.00",E4VP23|E4VP23_MESEU,DB Search
IYTYN(+0.98)GYIGN(+0.98)WVNDIAILK,101.61,2231.1150,19,-9.8,1116.55383,2,67.9965,47643,Vasilevskiy_L_different_L076_RZ_20240206_AV-1.raw,2.46E7,1,1,"Deamidation (NQ);Deamidation (NQ)","N5:Deamidation (NQ):32.94;N10:Deamidation (NQ):44.44",E4VP23|E4VP23_MESEU,DB Search
IYTYN(+0.98)GYNGN(+0.98)WVNDIAILK,98.70,2232.0740,19,1.8,1117.04626,2,68.3962,47909,Vasilevskiy_L_different_L076_RZ_20240206_AV-1.raw,5.13E6,1,1,"Deamidation (NQ);Deamidation (NQ)","N5:Deamidation (NQ):28.36;N10:Deamidation (NQ):14.04",E4VP22|E4VP22_MESEU:E4VP49|E4VP49_MESEU,DB Search
IYTYN(+0.98)GYNGNWVNDIAILK,105.02,2231.0898,19,2.2,744.70551,3,67.9965,47654,Vasilevskiy_L_different_L076_RZ_20240206_AV-1.raw,1.03E7,1,1,"Deamidation (NQ)","N5:Deamidation (NQ):0.00",E4VP22|E4VP22_MESEU:E4VP49|E4VP49_MESEU,DB Search
IYTYNGYN(+0.98)GNWVN(+0.98)DIAILK,105.02,2232.0740,19,-0.1,1117.04407,2,66.5515,46434,Vasilevskiy_L_different_L076_RZ_20240206_AV-1.raw,7.53E5,1,1,"Deamidation (NQ);Deamidation (NQ)","N8:Deamidation (NQ):28.36;N13:Deamidation (NQ):60.00",E4VP22|E4VP22_MESEU:E4VP49|E4VP49_MESEU,DB Search
IYTYNGYNGNWVN(+0.98)DIAILK,105.01,2231.0898,19,1.8,1116.55420,2,66.1247,46100,Vasilevskiy_L_different_L076_RZ_20240206_AV-1.raw,3.58E4,1,1,"Deamidation (NQ)","N13:Deamidation (NQ):57.45",E4VP22|E4VP22_MESEU:E4VP49|E4VP49_MESEU,DB Search
IYTYNGYNGNWVNDIAILK,105.01,2230.1060,19,1.9,744.37732,3,67.7643,47486,Vasilevskiy_L_different_L076_RZ_20240206_AV-1.raw,1.78E7,2,2,"",,E4VP22|E4VP22_MESEU:E4VP49|E4VP49_MESEU,DB Search
K(+42.01)N(+0.98)AKPTC(+57.02)DNGVC(+57.02)N(+0.98)C(+57.02)NV,59.57,1893.7655,16,9.9,947.89941,2,29.6186,16571,Vasilevskiy_L_different_L076_RZ_20240206_AV-1.raw,,0,0,"Acetylation (Protein N-term);Deamidation (NQ);Carbamidomethylation;Carbamidomethylation;Deamidation (NQ); more","K1:Deamidation (NQ):29.06;N2:Deamidation (NQ):13.83",P80669|KAX93_LEIHE,DB Search
KALPTC(+57.02)DGGVC(+57.02)N(+0.98)C(+57.02)NA,99.67,1636.6643,15,-2.0,819.33783,2,22.3754,11093,Vasilevskiy_L_different_L076_RZ_20240206_AV-1.raw,,0,0,"Carbamidomethylation;Carbamidomethylation;Deamidation (NQ);Carbamidomethylation","C6:Deamidation (NQ):39.76",A0A088D9Q6|A0A088D9Q6_MESEU,DB Search
KALPTC(+57.02)DGGVC(+57.02)NC(+57.02)NA,94.51,1635.6803,15,0.4,818.84778,2,21.5320,10382,Vasilevskiy_L_different_L076_RZ_20240206_AV-1.raw,2.23E7,1,1,"Carbamidomethylation;Carbamidomethylation;Carbamidomethylation",,A0A088D9Q6|A0A088D9Q6_MESEU,DB Search
KC(+57.02)FGPQC(+57.02),28.10,895.3680,7,-0.2,448.69119,2,19.7394,9033,Vasilevskiy_L_different_L076_RZ_20240206_AV-1.raw,3.31E5,1,1,"Carbamidomethylation;Carbamidomethylation",,P60270|CTXI5_MESEU,DB Search
KC(+57.02)FGPQC(+57.02)LC(+57.02)N,85.30,1282.5256,10,-2.0,642.26886,2,30.4287,17228,Vasilevskiy_L_different_L076_RZ_20240206_AV-1.raw,1.07E5,1,1,"Carbamidomethylation;Carbamidomethylation;Carbamidomethylation",,P60270|CTXI5_MESEU,DB Search
KC(+57.02)GIPMGF,88.89,908.4248,8,2.4,455.22076,2,48.3900,31583,Vasilevskiy_L_different_L076_RZ_20240206_AV-1.raw,1.28E6,1,1,"Carbamidomethylation",,P69939|KBX1_ANDAU:A0A0K0LCI9|A0A0K0LCI9_9SCOR:A9XE60|KBX11_MESEU:A0A0K0LBZ4|A0A0K0LBZ4_9SCOR:A0A0K0LC02|A0A0K0LC02_9SCOR:E4VP14|E4VP14_MESEU:A0A088D9S1|A0A088D9S1_MESEU:A0A088DB53|A0A088DB53_MESEU:A0A5P8U361|A0A5P8U361_MESEU:A9XE59|KBX12_MESEU:B8XH40|KBX1_BUTOS:Q9N661|KBX1_MESMA:A0A0K0LC06|A0A0K0LC06_9SCOR:A0A143MI92|A0A143MI92_MESEU:A0A0U4H7F5|A0A0U4H7F5_ODODO:A0A059UI30|KBX1_MESGB,DB Search
KC(+57.02)ILGPWIHLEDGSVFHDSDR,110.24,2480.1907,21,0.3,827.73773,3,59.7860,40867,Vasilevskiy_L_different_L076_RZ_20240206_AV-1.raw,1.56E5,1,1,"Carbamidomethylation",,A0A059UI24|A0A059UI24_MESGB,DB Search
KC(+57.02)ILGPWIHLEDGSVFHDSDRC(+57.02)EIK,104.98,3010.4429,25,1.1,1004.48932,3,57.6005,39059,Vasilevskiy_L_different_L076_RZ_20240206_AV-1.raw,1.76E7,2,2,"Carbamidomethylation;Carbamidomethylation",,A0A059UI24|A0A059UI24_MESGB,DB Search
KDEQ(+0.98)PSIR,45.35,972.4876,8,0.2,487.25116,2,16.8113,6572,Vasilevskiy_L_different_L076_RZ_20240206_AV-1.raw,,0,0,"Deamidation (NQ)","Q4:Deamidation (NQ):1000.00",F1CJ13|F1CJ13_HOTJU,DB Search
KDLYANTVLSGGTTMYPGIADR,105.02,2342.1577,22,0.8,781.72711,3,54.5119,36482,Vasilevskiy_L_different_L076_RZ_20240206_AV-1.raw,6.44E5,1,1,"",,A0A1W7RB59|A0A1W7RB59_9SCOR:E6Y2S5|E6Y2S5_MESMA:A0A1W7RB46|A0A1W7RB46_9SCOR:A0A2I9LNI8|A0A2I9LNI8_9SCOR:A0A0K0LCC7|A0A0K0LCC7_9SCOR:C5J8B7|C5J8B7_OPICY:A0A2I9LNM3|A0A2I9LNM3_9SCOR,DB Search
KDSWTQLY,44.75,1039.4974,8,0.9,520.75647,2,48.0946,31217,Vasilevskiy_L_different_L076_RZ_20240206_AV-1.raw,1.96E5,1,1,"",,A0A1E1WVV1|A0A1E1WVV1_TITOB:A0A218QX21|A0A218QX21_TITSE:A0A0C9RP88|A0A0C9RP88_TITBA:T1DPC1|T1DPC1_9SCOR:A0A0U1SCI0|A0A0U1SCI0_ISOMC,DB Search
KDSWTQLYVC(+57.02),60.88,1298.5966,10,0.8,650.30603,2,52.2495,34683,Vasilevskiy_L_different_L076_RZ_20240206_AV-1.raw,,0,0,"Carbamidomethylation",,A0A1E1WVV1|A0A1E1WVV1_TITOB:A0A218QX21|A0A218QX21_TITSE:A0A0C9RP88|A0A0C9RP88_TITBA:T1DPC1|T1DPC1_9SCOR,DB Search
KEDIPER,96.93,885.4556,7,0.8,296.15936,3,16.9199,6664,Vasilevskiy_L_different_L076_RZ_20240206_AV-1.raw,3.53E5,1,1,"",,A0A1E1WVL0|A0A1E1WVL0_TITOB,DB Search
KEGFC(+57.02)HGFK,104.76,1108.5123,9,0.5,278.13550,4,18.7848,8190,Vasilevskiy_L_different_L076_RZ_20240206_AV-1.raw,8.43E7,3,3,"Carbamidomethylation",,A9XE59|KBX12_MESEU:A9XE60|KBX11_MESEU:E4VP14|E4VP14_MESEU:E4VP56|E4VP56_MESEU:A0A088D9S1|A0A088D9S1_MESEU:A0A088DB53|A0A088DB53_MESEU,DB Search
KFDDGC(+57.02)K,76.93,868.3749,7,0.8,435.19507,2,15.7166,5737,Vasilevskiy_L_different_L076_RZ_20240206_AV-1.raw,4E6,1,1,"Carbamidomethylation",,A0A146CIQ1|A0A146CIQ1_MESEU,DB Search
KFSDN(+0.98)TAGIAFPNTVC(+57.02)R,100.98,1897.8992,17,-1.1,633.63965,3,45.9434,29616,Vasilevskiy_L_different_L076_RZ_20240206_AV-1.raw,,0,0,"Deamidation (NQ);Carbamidomethylation","N5:Deamidation (NQ):32.94",E4VNZ7|E4VNZ7_MESEU,DB Search
KFSDNTAGIAFPN,89.65,1380.6674,13,-0.1,691.34088,2,46.7431,30008,Vasilevskiy_L_different_L076_RZ_20240206_AV-1.raw,1.37E6,1,1,"",,E4VNZ7|E4VNZ7_MESEU,DB Search
KFSDNTAGIAFPN(+0.98)TVC(+57.02)R,97.18,1897.8992,17,9.2,949.96558,2,44.7205,28632,Vasilevskiy_L_different_L076_RZ_20240206_AV-1.raw,,0,0,"Deamidation (NQ);Carbamidomethylation","N13:Deamidation (NQ):73.55",E4VNZ7|E4VNZ7_MESEU,DB Search
KFSDNTAGIAFPNTVC(+57.02)R,112.40,1896.9152,17,-5.1,633.30914,3,44.0713,28155,Vasilevskiy_L_different_L076_RZ_20240206_AV-1.raw,1.46E7,2,2,"Carbamidomethylation",,E4VNZ7|E4VNZ7_MESEU,DB Search
KFSPC(+57.02)C(+57.02),27.06,797.3200,6,-0.1,399.66727,2,19.6758,8959,Vasilevskiy_L_different_L076_RZ_20240206_AV-1.raw,1.77E6,1,1,"Carbamidomethylation;Carbamidomethylation",,U6BLN5|VMPA1_MESMA,DB Search
KFSPC(+57.02)C(+57.02)K,92.78,925.4150,7,0.5,309.47910,3,16.8627,6601,Vasilevskiy_L_different_L076_RZ_20240206_AV-1.raw,1.6E7,2,2,"Carbamidomethylation;Carbamidomethylation",,E4VNZ8|E4VNZ8_MESEU:E4VNZ7|E4VNZ7_MESEU:U6BLN5|VMPA1_MESMA,DB Search
KFSSC(+57.02)C(+57.02)K,101.67,915.3943,7,0.9,458.70483,2,15.2778,5352,Vasilevskiy_L_different_L076_RZ_20240206_AV-1.raw,,0,0,"Carbamidomethylation;Carbamidomethylation",,A0A0U4HEU8|A0A0U4HEU8_ODODO:A0A0K0LC99|A0A0K0LC99_9SCOR,DB Search
KFVLTAAH,66.97,885.5072,8,-0.3,443.76074,2,24.7974,12956,Vasilevskiy_L_different_L076_RZ_20240206_AV-1.raw,,0,0,"",,P0C8M2|CBP_MESMA:E4VP22|E4VP22_MESEU:E4VP23|E4VP23_MESEU:E4VP49|E4VP49_MESEU,DB Search
KFVLTSAL,44.49,877.5273,8,0.1,439.77097,2,53.7878,35864,Vasilevskiy_L_different_L076_RZ_20240206_AV-1.raw,3.72E5,1,1,"",,E4VP53|E4VP53_MESEU,DB Search
KFVLTSALC(+57.02),99.95,1037.5580,9,0.3,519.78638,2,51.1948,33738,Vasilevskiy_L_different_L076_RZ_20240206_AV-1.raw,2.75E5,1,1,"Carbamidomethylation",,E4VP53|E4VP53_MESEU,DB Search
KFVLTSALC(+57.02)VYDDENWFEIISTEK,105.02,2906.4048,24,0.6,969.80945,3,68.6598,48277,Vasilevskiy_L_different_L076_RZ_20240206_AV-1.raw,1.75E6,1,1,"Carbamidomethylation",,E4VP53|E4VP53_MESEU,DB Search
KGAESGKC(+57.02)WYAGQ(+0.98)YGN(+0.98)AC(+57.02)WC(+57.02)YK,111.25,2645.0774,22,-2.0,882.69794,3,57.4345,38922,Vasilevskiy_L_different_L076_RZ_20240206_AV-1.raw,4.04E6,1,1,"Carbamidomethylation;Deamidation (NQ);Deamidation (NQ);Carbamidomethylation;Carbamidomethylation","C8:Deamidation (NQ):1000.00;Q13:Deamidation (NQ):1000.00",P01490|SCXA_MESEU,DB Search
KGAESGKC(+57.02)WYAGQ(+0.98)YGNAC(+57.02)WC(+57.02)YK,109.48,2644.0933,22,-9.7,882.36316,3,52.5215,34891,Vasilevskiy_L_different_L076_RZ_20240206_AV-1.raw,1.17E8,1,1,"Carbamidomethylation;Deamidation (NQ);Carbamidomethylation;Carbamidomethylation","C8:Deamidation (NQ):0.00",P01490|SCXA_MESEU,DB Search
KGAESGYC(+57.02)Q(+0.98)WAGQ(+0.98)YGNAC(+57.02)WC(+57.02)YK,88.91,2645.0410,22,6.6,1323.53650,2,51.4745,34040,Vasilevskiy_L_different_L076_RZ_20240206_AV-1.raw,,0,0,"Carbamidomethylation;Deamidation (NQ);Deamidation (NQ);Carbamidomethylation;Carbamidomethylation","C8:Deamidation (NQ):23.56;Q9:Deamidation (NQ):9.42",P86408|SCXN1_MESEU:D8UWD3|SCXN7_MESEU,DB Search
KGAESGYC(+57.02)Q(+0.98)WAGQYGNAC(+57.02)WC(+57.02)YK,106.97,2644.0569,22,1.5,882.36090,3,56.5896,38221,Vasilevskiy_L_different_L076_RZ_20240206_AV-1.raw,,0,0,"Carbamidomethylation;Deamidation (NQ);Carbamidomethylation;Carbamidomethylation","C8:Deamidation (NQ):6.93",P86408|SCXN1_MESEU:D8UWD3|SCXN7_MESEU,DB Search
KGAESGYC(+57.02)QWA,103.98,1255.5292,11,-4.2,628.76923,2,32.2937,18726,Vasilevskiy_L_different_L076_RZ_20240206_AV-1.raw,2.31E5,1,1,"Carbamidomethylation",,P86408|SCXN1_MESEU:Q9GUA7|SCA3_MESMA:D8UWD3|SCXN7_MESEU:Q4TUA4|SCA4_MESMA:Q9BLM4|SCXA_ANDAU:Q49S27|Q49S27_MESMA,DB Search
KGAESGYC(+57.02)QWAGQ(+0.98)YGN(+0.98)AC(+57.02)WC(+57.02)YKLPDKVPIK,117.45,3535.5999,30,7.0,884.91339,4,54.2185,36301,Vasilevskiy_L_different_L076_RZ_20240206_AV-1.raw,4.32E4,1,1,"Carbamidomethylation;Deamidation (NQ);Deamidation (NQ);Carbamidomethylation;Carbamidomethylation","C8:Deamidation (NQ):42.68;Q13:Deamidation (NQ):25.93",P86408|SCXN1_MESEU:D8UWD3|SCXN7_MESEU,DB Search
KGAESGYC(+57.02)QWAGQ(+0.98)YGNAC(+57.02)WC(+57.02)YK,112.07,2644.0569,22,5.0,882.36401,3,50.8540,32673,Vasilevskiy_L_different_L076_RZ_20240206_AV-1.raw,1.18E8,3,3,"Carbamidomethylation;Deamidation (NQ);Carbamidomethylation;Carbamidomethylation","C8:Deamidation (NQ):21.57",P86408|SCXN1_MESEU:D8UWD3|SCXN7_MESEU,DB Search
KGAESGYC(+57.02)QWAGQ(+0.98)YGNAC(+57.02)WC(+57.02)YKLPDKVPIK,109.63,3534.6160,30,4.4,707.93353,5,54.2495,36344,Vasilevskiy_L_different_L076_RZ_20240206_AV-1.raw,9.48E4,1,1,"Carbamidomethylation;Deamidation (NQ);Carbamidomethylation;Carbamidomethylation","C8:Deamidation (NQ):8.26",P86408|SCXN1_MESEU:D8UWD3|SCXN7_MESEU,DB Search
KGAESGYC(+57.02)QWAGQYG,100.22,1660.6940,15,-0.4,831.35394,2,40.8356,25591,Vasilevskiy_L_different_L076_RZ_20240206_AV-1.raw,,0,0,"Carbamidomethylation",,P86408|SCXN1_MESEU:D8UWD3|SCXN7_MESEU,DB Search
KGAESGYC(+57.02)QWAGQYGN,109.94,1774.7369,16,-1.0,888.37482,2,37.6937,22825,Vasilevskiy_L_different_L076_RZ_20240206_AV-1.raw,2.84E7,1,1,"Carbamidomethylation",,P86408|SCXN1_MESEU:D8UWD3|SCXN7_MESEU,DB Search
KGAESGYC(+57.02)QWAGQYGN(+0.98)AC(+57.02)WC(+57.02)YK,110.59,2644.0569,22,5.0,882.36401,3,50.8540,34457,Vasilevskiy_L_different_L076_RZ_20240206_AV-1.raw,2.35E8,1,1,"Carbamidomethylation;Deamidation (NQ);Carbamidomethylation;Carbamidomethylation","C8:Deamidation (NQ):47.09",P86408|SCXN1_MESEU:D8UWD3|SCXN7_MESEU,DB Search
KGAESGYC(+57.02)QWAGQYGNA,110.36,1845.7740,17,0.1,923.89435,2,40.2406,25107,Vasilevskiy_L_different_L076_RZ_20240206_AV-1.raw,1.35E5,1,1,"Carbamidomethylation",,P86408|SCXN1_MESEU:D8UWD3|SCXN7_MESEU,DB Search
KGAESGYC(+57.02)QWAGQYGNAC(+57.02),109.75,2005.8047,18,1.1,669.60956,3,39.5598,24537,Vasilevskiy_L_different_L076_RZ_20240206_AV-1.raw,3.95E6,2,2,"Carbamidomethylation;Carbamidomethylation",,P86408|SCXN1_MESEU:D8UWD3|SCXN7_MESEU,DB Search
KGAESGYC(+57.02)QWAGQYGNAC(+57.02)W,112.18,2191.8840,19,0.3,1096.94958,2,55.9506,37705,Vasilevskiy_L_different_L076_RZ_20240206_AV-1.raw,,0,0,"Carbamidomethylation;Carbamidomethylation",,P86408|SCXN1_MESEU:D8UWD3|SCXN7_MESEU,DB Search
KGAESGYC(+57.02)QWAGQYGNAC(+57.02)WC(+57.02),110.77,2351.9146,20,0.7,784.97937,3,53.4757,35639,Vasilevskiy_L_different_L076_RZ_20240206_AV-1.raw,1.38E6,2,2,"Carbamidomethylation;Carbamidomethylation;Carbamidomethylation",,P86408|SCXN1_MESEU:D8UWD3|SCXN7_MESEU,DB Search
KGAESGYC(+57.02)QWAGQYGNAC(+57.02)WC(+57.02)YK,111.13,2643.0730,22,-1.1,882.03058,3,54.6615,36757,Vasilevskiy_L_different_L076_RZ_20240206_AV-1.raw,1.3E9,12,12,"Carbamidomethylation;Carbamidomethylation;Carbamidomethylation",,P86408|SCXN1_MESEU:D8UWD3|SCXN7_MESEU,DB Search
KGAESGYC(+57.02)QWAGQYGNAC(+57.02)WC(+57.02)YKLPDKVPIK,112.37,3533.6318,30,-0.1,884.41516,4,54.2963,36346,Vasilevskiy_L_different_L076_RZ_20240206_AV-1.raw,5.15E6,2,2,"Carbamidomethylation;Carbamidomethylation;Carbamidomethylation",,P86408|SCXN1_MESEU:D8UWD3|SCXN7_MESEU,DB Search
KGAESGYC(+57.02)QWAGVYGN(+0.98)AC(+57.02)WC(+57.02)YKLPDKVPIR,104.07,3533.6318,30,0.1,884.41534,4,55.4396,37104,Vasilevskiy_L_different_L076_RZ_20240206_AV-1.raw,3.32E6,1,1,"Carbamidomethylation;Deamidation (NQ);Carbamidomethylation;Carbamidomethylation","C8:Deamidation (NQ):83.89",Q9GUA7|SCA3_MESMA:Q4TUA4|SCA4_MESMA:Q49S27|Q49S27_MESMA,DB Search
KGAESGYC(+57.02)QWAGVYGNAC(+57.02)WC(+57.02)YK,109.89,2614.0828,22,4.5,1308.05457,2,55.1747,37083,Vasilevskiy_L_different_L076_RZ_20240206_AV-1.raw,2.5E6,2,2,"Carbamidomethylation;Carbamidomethylation;Carbamidomethylation",,Q9GUA7|SCA3_MESMA:Q4TUA4|SCA4_MESMA:Q49S27|Q49S27_MESMA,DB Search
KGAESGYC(+57.02)QWAGVYGNAC(+57.02)WC(+57.02)YKLPDKVPIR,23.02,3532.6477,30,-3.6,1178.55237,3,55.4576,37309,Vasilevskiy_L_different_L076_RZ_20240206_AV-1.raw,,0,0,"Carbamidomethylation;Carbamidomethylation;Carbamidomethylation",,Q9GUA7|SCA3_MESMA:Q4TUA4|SCA4_MESMA:Q49S27|Q49S27_MESMA,DB Search
KGEGVSEDNTEFC(+57.02)SC(+57.02)GWPQ(+0.98)HMLIPR,43.91,2934.2734,25,5.3,979.10358,3,55.1616,37062,Vasilevskiy_L_different_L076_RZ_20240206_AV-1.raw,,0,0,"Carbamidomethylation;Carbamidomethylation;Deamidation (NQ)","C13:Deamidation (NQ):25.92",A0A1E1WW95|A0A1E1WW95_TITOB,DB Search
KGEGVSEDNTEFC(+57.02)SC(+57.02)GWPQHMLIPR,109.06,2933.2896,25,-0.1,978.77032,3,55.0742,36996,Vasilevskiy_L_different_L076_RZ_20240206_AV-1.raw,7.51E5,2,2,"Carbamidomethylation;Carbamidomethylation",,A0A1E1WW95|A0A1E1WW95_TITOB,DB Search
KGELFFYM(+15.99)HQQMC(+57.02)AR,103.10,1960.8746,15,-0.7,491.22559,4,46.8994,30339,Vasilevskiy_L_different_L076_RZ_20240206_AV-1.raw,6.09E5,1,1,"Oxidation (M);Carbamidomethylation","M8:Oxidation (M):42.68",A0A1W7RAG7|A0A1W7RAG7_9SCOR:C6H0Z6|C6H0Z6_PANIM:A0A2I9LP14|A0A2I9LP14_9SCOR:P80476|HCY6_ANDAU:A0A2I9LP22|A0A2I9LP22_9SCOR:A0A1E1WW95|A0A1E1WW95_TITOB:C6H0Z9|C6H0Z9_PANIM:A0A1E1WVP7|A0A1E1WVP7_TITOB:A0A1W7RAE6|A0A1W7RAE6_9SCOR,DB Search
KGELFFYMHQQMC(+57.02)AR,104.79,1944.8798,15,1.8,487.22806,4,49.6827,32595,Vasilevskiy_L_different_L076_RZ_20240206_AV-1.raw,4.11E5,2,2,"Carbamidomethylation",,A0A1W7RAG7|A0A1W7RAG7_9SCOR:C6H0Z6|C6H0Z6_PANIM:A0A2I9LP14|A0A2I9LP14_9SCOR:P80476|HCY6_ANDAU:A0A2I9LP22|A0A2I9LP22_9SCOR:A0A1E1WW95|A0A1E1WW95_TITOB:C6H0Z9|C6H0Z9_PANIM:A0A1E1WVP7|A0A1E1WVP7_TITOB:A0A1W7RAE6|A0A1W7RAE6_9SCOR,DB Search
KGELFYY,55.43,918.4487,7,1.5,460.23233,2,50.1255,32927,Vasilevskiy_L_different_L076_RZ_20240206_AV-1.raw,,0,0,"",,C6H0Z7|C6H0Z7_PANIM:A0A1E1WVS7|A0A1E1WVS7_TITOB:A0A1E1WVL6|A0A1E1WVL6_TITOB:A0A1W7RAD3|A0A1W7RAD3_9SCOR:C6H102|C6H102_PANIM:C6H0Z8|C6H0Z8_PANIM:A0A1W7RAE8|A0A1W7RAE8_9SCOR:C6H100|C6H100_PANIM:A0A1W7RAD7|A0A1W7RAD7_9SCOR:C6H101|C6H101_PANIM:A0A1E1WWC5|A0A1E1WWC5_TITOB,DB Search
KGELFYYMHQQMC(+57.02)AR,105.02,1960.8746,15,0.7,654.63263,3,46.9033,30310,Vasilevskiy_L_different_L076_RZ_20240206_AV-1.raw,4.1E6,1,1,"Carbamidomethylation",,C6H0Z7|C6H0Z7_PANIM:A0A1E1WVS7|A0A1E1WVS7_TITOB:A0A1E1WVL6|A0A1E1WVL6_TITOB:A0A1W7RAD3|A0A1W7RAD3_9SCOR:C6H102|C6H102_PANIM:C6H0Z8|C6H0Z8_PANIM:A0A1W7RAE8|A0A1W7RAE8_9SCOR:C6H100|C6H100_PANIM:A0A1W7RAD7|A0A1W7RAD7_9SCOR:C6H101|C6H101_PANIM:A0A1E1WWC5|A0A1E1WWC5_TITOB,DB Search
KGGSYGYC(+57.02)YFWK,22.11,1514.6653,12,-9.4,505.89093,3,51.7889,34304,Vasilevskiy_L_different_L076_RZ_20240206_AV-1.raw,,0,0,"Carbamidomethylation",,A0A0U1TZH3|A0A0U1TZH3_LYCMC:A0A0U1TYI5|A0A0U1TYI5_LYCMC:A0A0U1TYC2|A0A0U1TYC2_ISOMC:P0CI60|SNAY5_LYCMC,DB Search
KGSYC(+57.02)NDLC(+57.02)TENGAESGYC(+57.02)QILGK,86.49,2723.1626,24,-9.7,908.71936,3,45.4063,29174,Vasilevskiy_L_different_L076_RZ_20240206_AV-1.raw,,0,0,"Carbamidomethylation;Carbamidomethylation;Carbamidomethylation",,P09981|SCX9_MESEU,DB Search
KGTC(+57.02)HDFN(+0.98)DIGC(+57.02)K,104.56,1551.6447,13,3.7,518.22406,3,21.6132,10490,Vasilevskiy_L_different_L076_RZ_20240206_AV-1.raw,2.55E7,7,7,"Carbamidomethylation;Deamidation (NQ);Carbamidomethylation","C4:Deamidation (NQ):1000.00",A0A059UD51|A0A059UD51_MESGB:A0A088DB18|A0A088DB18_MESEU,DB Search
KGTC(+57.02)HDFNDIGC(+57.02)K,104.46,1550.6605,13,0.1,517.89417,3,19.7211,9037,Vasilevskiy_L_different_L076_RZ_20240206_AV-1.raw,1.86E8,3,3,"Carbamidomethylation;Carbamidomethylation",,A0A059UD51|A0A059UD51_MESGB:A0A088DB18|A0A088DB18_MESEU,DB Search
KGYWQFK,104.11,955.4916,7,1.4,319.50491,3,33.8894,20040,Vasilevskiy_L_different_L076_RZ_20240206_AV-1.raw,1.78E5,1,1,"",,A0A2I9LNV0|A0A2I9LNV0_9SCOR:A0A0C9RFL2|A0A0C9RFL2_TITBA:A0A1W7RAB2|A0A1W7RAB2_9SCOR:U6JRM9|U6JRM9_TITSE:A0A1E1WVU9|A0A1E1WVU9_TITOB,DB Search
KHFNVEK,23.32,900.4818,7,4.4,301.16916,3,17.7980,7398,Vasilevskiy_L_different_L076_RZ_20240206_AV-1.raw,,0,0,"",,F1CJ13|F1CJ13_HOTJU,DB Search
KHGN(+0.98)AC(+57.02)WC(+57.02)IELPDNVPIR,78.24,2179.0303,18,-5.2,1090.51672,2,64.9079,45035,Vasilevskiy_L_different_L076_RZ_20240206_AV-1.raw,2.02E6,2,2,"Deamidation (NQ);Carbamidomethylation;Carbamidomethylation","N4:Deamidation (NQ):50.96",E7CZZ1|SCXNC_MESEU,DB Search
KIFWEVPSIMC(+57.02)SK,100.26,1623.8153,13,0.4,542.27924,3,62.4735,42998,Vasilevskiy_L_different_L076_RZ_20240206_AV-1.raw,1.6E6,2,2,"Carbamidomethylation",,A0A7T9L322|A0A7T9L322_ANDCR,DB Search
KIIC(+57.02)GMQGK,73.90,1033.5413,9,0.8,517.77832,2,18.6239,8109,Vasilevskiy_L_different_L076_RZ_20240206_AV-1.raw,,0,0,"Carbamidomethylation",,Q95P89|SCS1_MESMA,DB Search
KILQC(+57.02)LATFGFSY,88.62,1546.7854,13,0.2,774.40015,2,67.7073,47433,Vasilevskiy_L_different_L076_RZ_20240206_AV-1.raw,7.87E5,1,1,"Carbamidomethylation",,A0A0U4QVR7|A0A0U4QVR7_ODODO:A0A146CJ24|A0A146CJ24_MESEU:E4VP08|E4VP08_MESEU:E4VP38|E4VP38_MESEU:A0A0C4G490|A0A0C4G490_MESMA:B8XH52|B8XH52_BUTOS:B8XH51|B8XH51_BUTOS:Q8MTW7|Q8MTW7_MESMA:A0A0U3QS50|A0A0U3QS50_ODODO:A0A0B4KJR4|A0A0B4KJR4_MESMA,DB Search
KILQC(+57.02)LATFGFSYSLTTDM(+15.99)AAK,102.02,2481.2283,22,-0.2,828.08325,3,65.7275,45718,Vasilevskiy_L_different_L076_RZ_20240206_AV-1.raw,1.28E5,1,1,"Carbamidomethylation;Oxidation (M)","C5:Oxidation (M):1000.00",A0A146CJ24|A0A146CJ24_MESEU:E4VP38|E4VP38_MESEU:A0A0C4G490|A0A0C4G490_MESMA:Q8MTW7|Q8MTW7_MESMA:A0A0B4KJR4|A0A0B4KJR4_MESMA,DB Search
KILQC(+57.02)LATFGFSYSLTTDMAAK,108.15,2465.2334,22,0.5,822.75220,3,67.7219,47442,Vasilevskiy_L_different_L076_RZ_20240206_AV-1.raw,4.31E6,3,3,"Carbamidomethylation",,A0A146CJ24|A0A146CJ24_MESEU:E4VP38|E4VP38_MESEU:A0A0C4G490|A0A0C4G490_MESMA:Q8MTW7|Q8MTW7_MESMA:A0A0B4KJR4|A0A0B4KJR4_MESMA,DB Search
KIVIADC(+57.02)GQL,87.13,1115.6008,10,-0.6,558.80737,2,40.1803,25005,Vasilevskiy_L_different_L076_RZ_20240206_AV-1.raw,3.35E5,1,1,"Carbamidomethylation",,A0A2I9LPF3|A0A2I9LPF3_9SCOR,DB Search
KKEDIPER,43.43,1013.5505,8,-0.2,338.85739,3,15.6091,5613,Vasilevskiy_L_different_L076_RZ_20240206_AV-1.raw,,0,0,"",,A0A1E1WVL0|A0A1E1WVL0_TITOB,DB Search
KKVDTC(+57.02)EAPPK,28.16,1271.6543,11,0.1,424.89209,3,15.2513,5373,Vasilevskiy_L_different_L076_RZ_20240206_AV-1.raw,5.35E4,1,1,"Carbamidomethylation",,A0A088DB45|A0A088DB45_MESEU,DB Search
KLAC(+57.02)YC(+57.02)EGAPK,104.72,1295.6002,11,-1.5,648.80640,2,19.5009,8864,Vasilevskiy_L_different_L076_RZ_20240206_AV-1.raw,1.17E5,1,1,"Carbamidomethylation;Carbamidomethylation",,A0A5P8U2P2|A0A5P8U2P2_MESEU:P0C5H3|SCB1_LEIHE:R4H564|R4H564_MESEU:P86406|SCXNF_MESEU:E4VP18|E4VP18_MESEU:E4VP15|E4VP15_MESEU:Q9UAC8|SCAT_MESMA,DB Search
KLKN(+0.98)N(+0.98)APIDNK,68.89,1255.6772,11,0.2,419.56644,3,16.8356,6593,Vasilevskiy_L_different_L076_RZ_20240206_AV-1.raw,,0,0,"Deamidation (NQ);Deamidation (NQ)","N4:Deamidation (NQ):56.47;N5:Deamidation (NQ):61.30",E4VP22|E4VP22_MESEU:E4VP23|E4VP23_MESEU,DB Search
KLMENY,82.44,796.3789,6,1.0,399.19714,2,24.6467,12849,Vasilevskiy_L_different_L076_RZ_20240206_AV-1.raw,7.32E4,1,1,"",,B8XH50|NDB4_BUTOS:Q6JQN2|NDB44_MESMA:A0A0U1S7U5|A0A0U1S7U5_LYCMC:E4VP07|NDB46_MESEU:A0A146CJ26|A0A146CJ26_MESEU:Q9GQW4|NDB4U_MESMA,DB Search
KLPDKVPIK,93.61,1036.6644,9,0.8,346.56235,3,21.0894,9782,Vasilevskiy_L_different_L076_RZ_20240206_AV-1.raw,1.99E8,4,4,"",,P86408|SCXN1_MESEU:D8UWD3|SCXN7_MESEU:D5HR49|D5HR49_9SCOR:A0A143FHE4|A0A143FHE4_MESEU:Q86SE0|SCX2_ANDAM,DB Search
KLTSM(+15.99)SEYAC(+57.02)PVIEK,96.50,1770.8531,15,1.3,591.29242,3,28.3627,15578,Vasilevskiy_L_different_L076_RZ_20240206_AV-1.raw,1.48E6,1,1,"Oxidation (M);Carbamidomethylation","M5:Oxidation (M):1000.00",A0A088D9U2|A0A088D9U2_MESEU:A0A088DB26|A0A088DB26_MESEU:A0A0K0LC08|A0A0K0LC08_9SCOR:A0A0K0LCJ0|A0A0K0LCJ0_9SCOR:Q9NJC6|KBX2_MESMA:A0A0K0LC09|A0A0K0LC09_9SCOR:A0A0K0LC05|A0A0K0LC05_9SCOR:A0A143MGJ8|A0A143MGJ8_MESEU:A0A0K0LC11|A0A0K0LC11_9SCOR,DB Search
KLTSMSEYAC(+57.02)PVIEK,102.42,1754.8583,15,1.6,585.96100,3,39.3529,24361,Vasilevskiy_L_different_L076_RZ_20240206_AV-1.raw,7.12E7,2,2,"Carbamidomethylation",,A0A088D9U2|A0A088D9U2_MESEU:A0A088DB26|A0A088DB26_MESEU:A0A0K0LC08|A0A0K0LC08_9SCOR:A0A0K0LCJ0|A0A0K0LCJ0_9SCOR:Q9NJC6|KBX2_MESMA:A0A0K0LC09|A0A0K0LC09_9SCOR:A0A0K0LC05|A0A0K0LC05_9SCOR:A0A143MGJ8|A0A143MGJ8_MESEU:A0A0K0LC11|A0A0K0LC11_9SCOR,DB Search
KM(+15.99)FGRPN(+0.98)GK,70.31,1050.5281,9,-2.6,351.18237,3,15.7342,5656,Vasilevskiy_L_different_L076_RZ_20240206_AV-1.raw,5.3E5,2,2,"Oxidation (M);Deamidation (NQ)","M2:Oxidation (M):1000.00;N7:Deamidation (NQ):1000.00",C0HJQ8|KAX1G_MESEU:C0HJQ7|KAX1H_MESEU,DB Search
KMFGRPN(+0.98)GK,86.65,1034.5331,9,0.6,259.64072,4,17.6226,7247,Vasilevskiy_L_different_L076_RZ_20240206_AV-1.raw,1.49E6,1,1,"Deamidation (NQ)","N7:Deamidation (NQ):1000.00",C0HJQ8|KAX1G_MESEU:C0HJQ7|KAX1H_MESEU,DB Search
KN(+0.98)C(+57.02)FWEC(+57.02),49.05,1043.3840,7,-0.9,522.69885,2,43.1230,27372,Vasilevskiy_L_different_L076_RZ_20240206_AV-1.raw,,0,0,"Deamidation (NQ);Carbamidomethylation;Carbamidomethylation","N2:Deamidation (NQ):1000.00",A0A088DB12|A0A088DB12_MESEU,DB Search
KN(+0.98)C(+57.02)FWEC(+57.02)R,103.36,1199.4852,8,0.1,400.83572,3,30.7985,17536,Vasilevskiy_L_different_L076_RZ_20240206_AV-1.raw,2.75E7,5,5,"Deamidation (NQ);Carbamidomethylation;Carbamidomethylation","N2:Deamidation (NQ):1000.00",A0A088DB12|A0A088DB12_MESEU,DB Search
KN(+0.98)GADGSYC(+57.02)Q(+0.98)WLGR,102.87,1612.6940,14,2.0,538.57300,3,43.6719,27825,Vasilevskiy_L_different_L076_RZ_20240206_AV-1.raw,1.06E5,1,1,"Deamidation (NQ);Carbamidomethylation;Deamidation (NQ)","N2:Deamidation (NQ):1000.00;C9:Deamidation (NQ):1000.00",P09982|SCXE_MESEU,DB Search
KN(+0.98)GADGSYC(+57.02)QWL,86.68,1398.5874,12,0.9,700.30157,2,55.2732,37108,Vasilevskiy_L_different_L076_RZ_20240206_AV-1.raw,5.11E5,1,1,"Deamidation (NQ);Carbamidomethylation","N2:Deamidation (NQ):64.00",P09982|SCXE_MESEU,DB Search
KN(+0.98)GADGSYC(+57.02)QWLG,101.31,1455.6089,13,2.5,728.81354,2,50.3764,33145,Vasilevskiy_L_different_L076_RZ_20240206_AV-1.raw,3.84E5,1,1,"Deamidation (NQ);Carbamidomethylation","N2:Deamidation (NQ):19.61",P09982|SCXE_MESEU,DB Search
KN(+0.98)GADGSYC(+57.02)QWLGR,105.00,1611.7100,14,0.2,538.24402,3,40.6381,25047,Vasilevskiy_L_different_L076_RZ_20240206_AV-1.raw,8.74E8,7,7,"Deamidation (NQ);Carbamidomethylation","N2:Deamidation (NQ):36.20",P09982|SCXE_MESEU,DB Search
KN(+0.98)GADSGYC(+57.02)Q(+0.98)WFGR,103.75,1646.6783,14,6.7,549.90375,3,44.7158,28629,Vasilevskiy_L_different_L076_RZ_20240206_AV-1.raw,2.03E5,1,1,"Deamidation (NQ);Carbamidomethylation;Deamidation (NQ)","N2:Deamidation (NQ):1000.00;C9:Deamidation (NQ):1000.00",D8UWD8|SCXN9_MESEU:A0A146CJ08|A0A146CJ08_MESEU:P86403|SCXN2_MESEU,DB Search
KN(+0.98)GADSGYC(+57.02)QW,105.21,1285.5033,11,0.5,643.75928,2,34.3124,20301,Vasilevskiy_L_different_L076_RZ_20240206_AV-1.raw,2.77E6,1,1,"Deamidation (NQ);Carbamidomethylation","N2:Deamidation (NQ):66.64",D8UWD8|SCXN9_MESEU:A0A146CJ08|A0A146CJ08_MESEU:P86403|SCXN2_MESEU,DB Search
KN(+0.98)GADSGYC(+57.02)QWF,108.47,1432.5718,12,1.0,717.29388,2,58.5869,39764,Vasilevskiy_L_different_L076_RZ_20240206_AV-1.raw,1.36E6,1,1,"Deamidation (NQ);Carbamidomethylation","N2:Deamidation (NQ):49.35",D8UWD8|SCXN9_MESEU:A0A146CJ08|A0A146CJ08_MESEU:P86403|SCXN2_MESEU,DB Search
KN(+0.98)GADSGYC(+57.02)QWFGR,103.70,1645.6943,14,0.4,549.57227,3,47.9292,31075,Vasilevskiy_L_different_L076_RZ_20240206_AV-1.raw,6.41E8,7,7,"Deamidation (NQ);Carbamidomethylation","N2:Deamidation (NQ):24.34",D8UWD8|SCXN9_MESEU:A0A146CJ08|A0A146CJ08_MESEU:P86403|SCXN2_MESEU,DB Search
KNC(+57.02)FWEC(+57.02),30.90,1042.4000,7,0.8,522.20770,2,39.9509,24684,Vasilevskiy_L_different_L076_RZ_20240206_AV-1.raw,3.37E6,1,1,"Carbamidomethylation;Carbamidomethylation",,A0A088DB12|A0A088DB12_MESEU,DB Search
KNC(+57.02)FWEC(+57.02)R,104.39,1198.5012,8,0.0,600.25787,2,30.8581,17585,Vasilevskiy_L_different_L076_RZ_20240206_AV-1.raw,1.48E9,2,2,"Carbamidomethylation;Carbamidomethylation",,A0A088DB12|A0A088DB12_MESEU,DB Search
KNGADGSYC(+57.02)Q(+0.98)WLGR,109.76,1611.7100,14,1.2,538.24457,3,43.6047,27781,Vasilevskiy_L_different_L076_RZ_20240206_AV-1.raw,2.1E6,2,2,"Carbamidomethylation;Deamidation (NQ)","C9:Deamidation (NQ):0.00",P09982|SCXE_MESEU,DB Search
KNGADGSYC(+57.02)QWL,49.15,1397.6034,12,1.3,699.80988,2,51.5352,34090,Vasilevskiy_L_different_L076_RZ_20240206_AV-1.raw,,0,0,"Carbamidomethylation",,P09982|SCXE_MESEU,DB Search
KNGADGSYC(+57.02)QWLG,88.25,1454.6249,13,1.3,728.32068,2,46.6306,30124,Vasilevskiy_L_different_L076_RZ_20240206_AV-1.raw,5.97E5,1,1,"Carbamidomethylation",,P09982|SCXE_MESEU,DB Search
KNGADGSYC(+57.02)QWLGR,104.44,1610.7260,14,-1.5,537.91510,3,38.3926,23812,Vasilevskiy_L_different_L076_RZ_20240206_AV-1.raw,3.26E8,3,3,"Carbamidomethylation",,P09982|SCXE_MESEU,DB Search
KNGADSGYC(+57.02)QW,87.91,1284.5193,11,-0.5,643.26660,2,30.8700,17583,Vasilevskiy_L_different_L076_RZ_20240206_AV-1.raw,5.72E5,1,1,"Carbamidomethylation",,D8UWD8|SCXN9_MESEU:A0A146CJ08|A0A146CJ08_MESEU:P86403|SCXN2_MESEU,DB Search
KNGADSGYC(+57.02)QWF,105.87,1431.5878,12,-0.3,716.80090,2,55.5389,37431,Vasilevskiy_L_different_L076_RZ_20240206_AV-1.raw,7.41E5,1,1,"Carbamidomethylation",,D8UWD8|SCXN9_MESEU:A0A146CJ08|A0A146CJ08_MESEU:P86403|SCXN2_MESEU,DB Search
KNGADSGYC(+57.02)QWFGR,100.32,1644.7103,14,-0.4,823.36212,2,42.4291,27161,Vasilevskiy_L_different_L076_RZ_20240206_AV-1.raw,3.29E8,2,2,"Carbamidomethylation",,D8UWD8|SCXN9_MESEU:A0A146CJ08|A0A146CJ08_MESEU:P86403|SCXN2_MESEU,DB Search
KNGATK,21.78,617.3497,6,0.4,309.68222,2,17.5654,7198,Vasilevskiy_L_different_L076_RZ_20240206_AV-1.raw,,0,0,"",,B8XGY0|B8XGY0_BUTOS,DB Search
KNLPDKVPIR,24.95,1178.7135,10,-0.7,393.91150,3,20.8729,9889,Vasilevskiy_L_different_L076_RZ_20240206_AV-1.raw,2.61E6,1,1,"",,P0DQN9|DEL2A_HOTJU:D8UWD8|SCXN9_MESEU:P86403|SCXN2_MESEU,DB Search
KPMGFPFDR,101.53,1093.5378,9,0.4,365.52005,3,41.5768,26128,Vasilevskiy_L_different_L076_RZ_20240206_AV-1.raw,1.02E6,3,3,"",,H2CYP2|H2CYP2_PANCV:A0A0K0LC76|A0A0K0LC76_9SCOR:A0A1W7RAD3|A0A1W7RAD3_9SCOR:A0A1W7RAE9|A0A1W7RAE9_9SCOR:A0A2I9LP14|A0A2I9LP14_9SCOR:A0A1E1WW95|A0A1E1WW95_TITOB:A0A1E1WVP7|A0A1E1WVP7_TITOB:C6H101|C6H101_PANIM:A0A1E1WWC5|A0A1E1WWC5_TITOB,DB Search
KPTMFTDVR,96.65,1093.5590,9,0.1,365.52698,3,26.1046,13980,Vasilevskiy_L_different_L076_RZ_20240206_AV-1.raw,1.78E7,2,2,"",,E4VP53|E4VP53_MESEU:E4VP23|E4VP23_MESEU:E4VP49|E4VP49_MESEU,DB Search
KQ(+0.98)LQVAESR,22.62,1058.5720,9,1.1,530.29388,2,17.7405,7346,Vasilevskiy_L_different_L076_RZ_20240206_AV-1.raw,,0,0,"Deamidation (NQ)","Q2:Deamidation (NQ):32.28",E4VNZ8|E4VNZ8_MESEU:E4VNZ7|E4VNZ7_MESEU:R4H5K8|R4H5K8_MESEU:R4H5D2|R4H5D2_MESEU,DB Search
KQEGFC(+57.02)HGFK,101.59,1236.5709,10,0.0,413.19760,3,19.4209,8779,Vasilevskiy_L_different_L076_RZ_20240206_AV-1.raw,,0,0,"Carbamidomethylation",,A0A143MI92|A0A143MI92_MESEU:A0A059UI30|KBX1_MESGB,DB Search
KQLQVA,60.68,685.4122,6,1.0,686.42023,1,18.7848,8222,Vasilevskiy_L_different_L076_RZ_20240206_AV-1.raw,2.87E6,2,2,"",,E4VNZ8|E4VNZ8_MESEU:E4VNZ7|E4VNZ7_MESEU:R4H5K8|R4H5K8_MESEU:R4H5D2|R4H5D2_MESEU,DB Search
KQLQVAESR,94.17,1057.5880,9,4.3,353.53812,3,17.0188,6770,Vasilevskiy_L_different_L076_RZ_20240206_AV-1.raw,1.42E8,3,3,"",,E4VNZ8|E4VNZ8_MESEU:E4VNZ7|E4VNZ7_MESEU:R4H5K8|R4H5K8_MESEU:R4H5D2|R4H5D2_MESEU,DB Search
KRVEELITR,88.92,1142.6771,9,0.8,381.89996,3,20.2460,9461,Vasilevskiy_L_different_L076_RZ_20240206_AV-1.raw,7.88E5,1,1,"",,U6BLN5|VMPA1_MESMA,DB Search
KSELWN(+0.98)YK,96.58,1067.5287,8,0.9,356.85052,3,32.4650,18707,Vasilevskiy_L_different_L076_RZ_20240206_AV-1.raw,3.78E6,3,3,"Deamidation (NQ)","N6:Deamidation (NQ):1000.00",P0DPT3|SCXIT_ANDMA:A0A0K0LBV3|A0A0K0LBV3_9SCOR:P21150|SIX4_ANDAU:A0A146CIX0|A0A146CIX0_MESEU,DB Search
KSELWNYK,101.84,1066.5447,8,0.4,356.52234,3,30.3064,17124,Vasilevskiy_L_different_L076_RZ_20240206_AV-1.raw,2.09E9,2,2,"",,P0DPT3|SCXIT_ANDMA:A0A0K0LBV3|A0A0K0LBV3_9SCOR:P21150|SIX4_ANDAU:A0A146CIX0|A0A146CIX0_MESEU,DB Search
KSELWNYKTNK,97.19,1409.7303,11,0.5,470.91763,3,22.8293,11503,Vasilevskiy_L_different_L076_RZ_20240206_AV-1.raw,4.31E5,1,1,"",,P0DPT3|SCXIT_ANDMA:A0A0K0LBV3|A0A0K0LBV3_9SCOR:P21150|SIX4_ANDAU:A0A146CIX0|A0A146CIX0_MESEU,DB Search
KSFLLGFC(+57.02)DQK,104.39,1341.6750,11,-0.5,448.23209,3,50.2735,32852,Vasilevskiy_L_different_L076_RZ_20240206_AV-1.raw,1.08E8,4,4,"Carbamidomethylation",,A0A143MHJ7|A0A143MHJ7_MESEU,DB Search
KSGYC(+57.02)QWLGKYGNGC(+57.02)WC(+57.02)IELPDNVPIR,88.89,3269.5208,27,8.9,1090.85730,3,65.4300,45524,Vasilevskiy_L_different_L076_RZ_20240206_AV-1.raw,,0,0,"Carbamidomethylation;Carbamidomethylation;Carbamidomethylation",,Q6IZE0|Q6IZE0_MESMA,DB Search
KSGYPTDHEGC(+57.02)K,108.52,1377.5983,12,0.4,345.40698,4,15.3165,5394,Vasilevskiy_L_different_L076_RZ_20240206_AV-1.raw,8.31E6,3,3,"Carbamidomethylation",,Q9NBW2|SCBT_MESMA:A0A146CJ61|A0A146CJ61_MESEU,DB Search
KSGYPTQHDGC(+57.02)K,96.52,1376.6143,12,0.8,459.87906,3,15.0006,5118,Vasilevskiy_L_different_L076_RZ_20240206_AV-1.raw,6.44E5,2,2,"Carbamidomethylation",,F1CIW7|F1CIW7_HOTJU:A0A0K0LBU9|A0A0K0LBU9_9SCOR:A0A0K0LCH8|A0A0K0LCH8_9SCOR:A0A0K0LBU0|A0A0K0LBU0_9SCOR:A0A0U4R446|A0A0U4R446_ODODO:A0A0K0LBX4|A0A0K0LBX4_9SCOR,DB Search
KSIFEKPK,42.25,975.5753,8,0.1,488.79495,2,18.7672,8236,Vasilevskiy_L_different_L076_RZ_20240206_AV-1.raw,,0,0,"",,A0A1W7RA02|A0A1W7RA02_9SCOR,DB Search
KSTESSVTISHVPTVEELK,22.81,2070.0845,19,9.8,518.53345,4,35.6407,21524,Vasilevskiy_L_different_L076_RZ_20240206_AV-1.raw,2.04E5,1,1,"",,A0A2I9LP14|A0A2I9LP14_9SCOR,DB Search
KTDAPIDN(+0.98)KN(+0.98)VDTIC(+57.02)LTDERYDLEDQIPVIQLGWGEFAK,79.87,4521.1895,39,0.9,1131.30566,4,67.3571,47126,Vasilevskiy_L_different_L076_RZ_20240206_AV-1.raw,,0,0,"Deamidation (NQ);Deamidation (NQ);Carbamidomethylation","N8:Deamidation (NQ):0.00;N10:Deamidation (NQ):0.00",E4VP53|E4VP53_MESEU,DB Search
KTQ(+0.98)FGC(+57.02)PAYQGYC(+57.02)DDHC(+57.02)QDIEKK,104.32,2848.1890,23,7.1,570.64911,5,26.1982,14057,Vasilevskiy_L_different_L076_RZ_20240206_AV-1.raw,,0,0,"Deamidation (NQ);Carbamidomethylation;Carbamidomethylation;Carbamidomethylation","Q3:Deamidation (NQ):22.42",A9XE60|KBX11_MESEU:E4VP14|E4VP14_MESEU:E4VP56|E4VP56_MESEU,DB Search
KTQFGC(+57.02)PAYQ(+0.98)GYC(+57.02)DDHC(+57.02)QDIEKK,109.36,2848.1890,23,6.2,950.40948,3,26.2005,14058,Vasilevskiy_L_different_L076_RZ_20240206_AV-1.raw,,0,0,"Carbamidomethylation;Deamidation (NQ);Carbamidomethylation;Carbamidomethylation","C6:Deamidation (NQ):30.32",A9XE60|KBX11_MESEU:E4VP14|E4VP14_MESEU:E4VP56|E4VP56_MESEU,DB Search
KTQFGC(+57.02)PAYQGYC(+57.02)DDHC(+57.02)Q(+0.98)DIEKK,108.40,2848.1890,23,-0.1,713.05450,4,27.1259,14662,Vasilevskiy_L_different_L076_RZ_20240206_AV-1.raw,2.38E5,1,1,"Carbamidomethylation;Carbamidomethylation;Carbamidomethylation;Deamidation (NQ)","C6:Deamidation (NQ):64.00",A9XE60|KBX11_MESEU:E4VP14|E4VP14_MESEU:E4VP56|E4VP56_MESEU,DB Search
KTQFGC(+57.02)PAYQGYC(+57.02)DDHC(+57.02)QDIEK,95.86,2719.1101,22,-0.3,1360.56189,2,29.5472,16512,Vasilevskiy_L_different_L076_RZ_20240206_AV-1.raw,,0,0,"Carbamidomethylation;Carbamidomethylation;Carbamidomethylation",,A9XE60|KBX11_MESEU:E4VP14|E4VP14_MESEU:E4VP56|E4VP56_MESEU,DB Search
KTQFGC(+57.02)PAYQGYC(+57.02)DDHC(+57.02)QDIEKK,105.02,2847.2051,23,1.2,950.07678,3,26.1614,14046,Vasilevskiy_L_different_L076_RZ_20240206_AV-1.raw,3.41E7,4,4,"Carbamidomethylation;Carbamidomethylation;Carbamidomethylation",,A9XE60|KBX11_MESEU:E4VP14|E4VP14_MESEU:E4VP56|E4VP56_MESEU,DB Search
KVAAGIVC(+57.02)K,79.39,944.5477,9,0.7,315.85672,3,18.1914,7711,Vasilevskiy_L_different_L076_RZ_20240206_AV-1.raw,2.72E7,2,2,"Carbamidomethylation",,Q95P89|SCS1_MESMA,DB Search
KVDTC(+57.02)EAPPK,96.81,1143.5593,10,-0.6,382.19351,3,16.6213,6441,Vasilevskiy_L_different_L076_RZ_20240206_AV-1.raw,2.08E5,1,1,"Carbamidomethylation",,A0A088DB45|A0A088DB45_MESEU,DB Search
KVEAVSC(+57.02)EDC(+57.02)PEHC(+57.02)ATK,105.02,2018.8496,17,-1.0,673.95648,3,17.5696,7208,Vasilevskiy_L_different_L076_RZ_20240206_AV-1.raw,3.03E5,1,1,"Carbamidomethylation;Carbamidomethylation;Carbamidomethylation",,E4VP43|KAX8R_MESEU:P86400|KAX86_MESEU,DB Search
KVEN(+0.98)FDVGQN(+0.98)LYTSTVTGTK,74.76,2202.0691,20,-3.2,735.02802,3,65.9367,45940,Vasilevskiy_L_different_L076_RZ_20240206_AV-1.raw,,0,0,"Deamidation (NQ);Deamidation (NQ)","N4:Deamidation (NQ):46.87;N10:Deamidation (NQ):14.02",A0A0U1SCI0|A0A0U1SCI0_ISOMC,DB Search
KVENFDVGQNIY,103.54,1424.6936,12,0.9,713.35468,2,49.1347,32085,Vasilevskiy_L_different_L076_RZ_20240206_AV-1.raw,2.99E5,1,1,"",,A0A1E1WVV1|A0A1E1WVV1_TITOB:A0A2I9LNV7|A0A2I9LNV7_9SCOR:A0A1E1WW85|A0A1E1WW85_TITOB,DB Search
KVENFDVGQNLY,103.54,1424.6936,12,0.9,713.35468,2,49.1347,32085,Vasilevskiy_L_different_L076_RZ_20240206_AV-1.raw,2.99E5,1,1,"",,T1DEK7|T1DEK7_9SCOR:T1DPC1|T1DPC1_9SCOR:A0A0U1SCI0|A0A0U1SCI0_ISOMC,DB Search
KVGIC(+57.02)N(+0.98)GDEC(+57.02)K,105.88,1279.5537,11,0.9,427.52554,3,17.8593,7468,Vasilevskiy_L_different_L076_RZ_20240206_AV-1.raw,1.9E6,2,2,"Carbamidomethylation;Deamidation (NQ);Carbamidomethylation","C5:Deamidation (NQ):1000.00",A0A088DAY3|A0A088DAY3_MESEU,DB Search
KVGIC(+57.02)NGDEC(+57.02)K,97.51,1278.5696,11,-0.4,427.19699,3,17.0807,6806,Vasilevskiy_L_different_L076_RZ_20240206_AV-1.raw,,0,0,"Carbamidomethylation;Carbamidomethylation",,A0A088DAY3|A0A088DAY3_MESEU,DB Search
KVIGVAAGK,90.43,841.5385,9,1.4,421.77710,2,17.7005,7313,Vasilevskiy_L_different_L076_RZ_20240206_AV-1.raw,,0,0,"",,P60208|KA153_ANDMA,DB Search
KVLDIWDSTK,88.45,1203.6499,10,1.1,402.22437,3,45.5751,29265,Vasilevskiy_L_different_L076_RZ_20240206_AV-1.raw,1.15E6,2,2,"",,A0A146CIT2|A0A146CIT2_MESEU,DB Search
KVLDKVEETIK,102.00,1300.7601,11,0.1,434.59406,3,27.1053,14614,Vasilevskiy_L_different_L076_RZ_20240206_AV-1.raw,1.76E5,1,1,"",,A0A1W7RAC4|A0A1W7RAC4_9SCOR,DB Search
KVNIC(+57.02)K,48.27,760.4265,6,0.1,254.48280,3,15.8662,5855,Vasilevskiy_L_different_L076_RZ_20240206_AV-1.raw,6.98E7,2,2,"Carbamidomethylation",,Q95P89|SCS1_MESMA,DB Search
KVSEC(+57.02)LLN(+0.98)N(+0.98)YC(+57.02)NNIC(+57.02)TK,100.03,2130.9385,17,7.8,711.32562,3,40.9476,25677,Vasilevskiy_L_different_L076_RZ_20240206_AV-1.raw,,0,0,"Carbamidomethylation;Deamidation (NQ);Deamidation (NQ);Carbamidomethylation;Carbamidomethylation","C5:Deamidation (NQ):42.48;N8:Deamidation (NQ):27.77",O61668|SIX1_MESMA,DB Search
KVSEC(+57.02)LLN(+0.98)NYC(+57.02)N(+0.98)NIC(+57.02)TK,103.55,2130.9385,17,9.8,711.32703,3,37.5245,22985,Vasilevskiy_L_different_L076_RZ_20240206_AV-1.raw,,0,0,"Carbamidomethylation;Deamidation (NQ);Carbamidomethylation;Deamidation (NQ);Carbamidomethylation","C5:Deamidation (NQ):0.00;N8:Deamidation (NQ):14.02",O61668|SIX1_MESMA,DB Search
KVSEC(+57.02)LLN(+0.98)NYC(+57.02)NNIC(+57.02)TK,100.39,2129.9543,17,0.1,710.99213,3,41.0255,25664,Vasilevskiy_L_different_L076_RZ_20240206_AV-1.raw,4.74E5,1,1,"Carbamidomethylation;Deamidation (NQ);Carbamidomethylation;Carbamidomethylation","C5:Deamidation (NQ):27.96",O61668|SIX1_MESMA,DB Search
KVSEC(+57.02)LLNNYC(+57.02)N(+0.98)NIC(+57.02)TK,104.16,2129.9543,17,-0.2,710.99194,3,37.4558,22884,Vasilevskiy_L_different_L076_RZ_20240206_AV-1.raw,3.25E6,3,3,"Carbamidomethylation;Carbamidomethylation;Deamidation (NQ);Carbamidomethylation","C5:Deamidation (NQ):7.21",O61668|SIX1_MESMA,DB Search
KVSEC(+57.02)LLNNYC(+57.02)NN(+0.98)IC(+57.02)TK,66.58,2129.9543,17,0.8,710.99261,3,40.0376,24634,Vasilevskiy_L_different_L076_RZ_20240206_AV-1.raw,1.95E6,2,2,"Carbamidomethylation;Carbamidomethylation;Deamidation (NQ);Carbamidomethylation","C5:Deamidation (NQ):0.00",O61668|SIX1_MESMA,DB Search
KVSEC(+57.02)LLNNYC(+57.02)NNIC(+57.02)TK,104.96,2128.9705,17,0.4,710.66437,3,38.5787,23586,Vasilevskiy_L_different_L076_RZ_20240206_AV-1.raw,1.12E8,2,2,"Carbamidomethylation;Carbamidomethylation;Carbamidomethylation",,O61668|SIX1_MESMA,DB Search
KVTGSGQGK,33.19,860.4716,9,-0.2,431.24295,2,13.6198,4099,Vasilevskiy_L_different_L076_RZ_20240206_AV-1.raw,2.19E4,1,1,"",,A0A088DAY7|A0A088DAY7_MESEU:B3EWY1|KA167_MESGB:V9LLQ7|V9LLQ7_MESMA:A0A088D9P9|A0A088D9P9_MESEU:Q9NBG9|KA162_MESMA:D3JXM1|KA164_MESEU,DB Search
KVTGSVQGK,91.49,902.5185,9,0.5,301.84692,3,14.7365,4907,Vasilevskiy_L_different_L076_RZ_20240206_AV-1.raw,2.69E6,3,3,"",,Q8MQL0|KA163_MESMA,DB Search
KVVDYTTAK,96.50,1023.5601,9,0.8,512.78772,2,17.9107,7514,Vasilevskiy_L_different_L076_RZ_20240206_AV-1.raw,8.27E4,1,1,"",,A0A0U1SSR7|A0A0U1SSR7_ISOMC:A0A2I9LPI8|A0A2I9LPI8_9SCOR,DB Search
KVVGM(+15.99)C(+57.02)MDGEC(+57.02)TC(+57.02)VS,110.04,1747.6708,15,1.2,874.84369,2,24.0702,12406,Vasilevskiy_L_different_L076_RZ_20240206_AV-1.raw,2.02E5,1,1,"Oxidation (M);Carbamidomethylation;Carbamidomethylation;Carbamidomethylation","M5:Oxidation (M):20.41",A0A088D9P7|A0A088D9P7_MESEU,DB Search
KVVGM(+15.99)C(+57.02)MDGEC(+57.02)TC(+57.02)VSGQ(+0.98)PR,100.33,2186.8887,19,7.9,729.97595,3,22.2531,10999,Vasilevskiy_L_different_L076_RZ_20240206_AV-1.raw,,0,0,"Oxidation (M);Carbamidomethylation;Carbamidomethylation;Carbamidomethylation;Deamidation (NQ)","M5:Oxidation (M):15.73",A0A088D9P7|A0A088D9P7_MESEU,DB Search
KVVGM(+15.99)C(+57.02)MDGEC(+57.02)TC(+57.02)VSGQP,110.34,2029.8036,18,0.9,1015.90997,2,25.6658,13643,Vasilevskiy_L_different_L076_RZ_20240206_AV-1.raw,2.5E5,1,1,"Oxidation (M);Carbamidomethylation;Carbamidomethylation;Carbamidomethylation","M5:Oxidation (M):22.85",A0A088D9P7|A0A088D9P7_MESEU,DB Search
KVVGMC(+57.02)M(+15.99)DGEC(+57.02)TC(+57.02)VSGQP,110.61,2029.8036,18,0.4,1015.90942,2,27.2387,14742,Vasilevskiy_L_different_L076_RZ_20240206_AV-1.raw,,0,0,"Carbamidomethylation;Oxidation (M);Carbamidomethylation;Carbamidomethylation","C6:Oxidation (M):9.40",A0A088D9P7|A0A088D9P7_MESEU,DB Search
KVVGMC(+57.02)M(+15.99)DGEC(+57.02)TC(+57.02)VSGQPR,105.02,2185.9048,19,1.6,729.64331,3,22.5799,11230,Vasilevskiy_L_different_L076_RZ_20240206_AV-1.raw,1.95E6,2,2,"Carbamidomethylation;Oxidation (M);Carbamidomethylation;Carbamidomethylation","C6:Oxidation (M):20.41",A0A088D9P7|A0A088D9P7_MESEU,DB Search
KVVGMC(+57.02)MDGEC(+57.02)TC(+57.02)VS,100.16,1731.6759,15,0.1,866.84528,2,33.2840,19446,Vasilevskiy_L_different_L076_RZ_20240206_AV-1.raw,1.74E7,2,2,"Carbamidomethylation;Carbamidomethylation;Carbamidomethylation",,A0A088D9P7|A0A088D9P7_MESEU,DB Search
KVVGMC(+57.02)MDGEC(+57.02)TC(+57.02)VSGQ(+0.98)P,109.41,2014.7927,18,9.3,1008.41302,2,36.1056,21871,Vasilevskiy_L_different_L076_RZ_20240206_AV-1.raw,,0,0,"Carbamidomethylation;Carbamidomethylation;Carbamidomethylation;Deamidation (NQ)","C6:Deamidation (NQ):1000.00",A0A088D9P7|A0A088D9P7_MESEU,DB Search
KVVGMC(+57.02)MDGEC(+57.02)TC(+57.02)VSGQ(+0.98)PR,102.70,2170.8938,19,6.8,1086.46155,2,28.7613,15916,Vasilevskiy_L_different_L076_RZ_20240206_AV-1.raw,6.84E5,3,3,"Carbamidomethylation;Carbamidomethylation;Carbamidomethylation;Deamidation (NQ)","C6:Deamidation (NQ):1000.00",A0A088D9P7|A0A088D9P7_MESEU,DB Search
KVVGMC(+57.02)MDGEC(+57.02)TC(+57.02)VSGQP,110.80,2013.8087,18,5.8,672.28070,3,36.0870,21856,Vasilevskiy_L_different_L076_RZ_20240206_AV-1.raw,4.75E7,2,2,"Carbamidomethylation;Carbamidomethylation;Carbamidomethylation",,A0A088D9P7|A0A088D9P7_MESEU,DB Search
KVVGMC(+57.02)MDGEC(+57.02)TC(+57.02)VSGQPR,108.32,2169.9097,19,0.3,724.31073,3,30.5275,17308,Vasilevskiy_L_different_L076_RZ_20240206_AV-1.raw,4.68E8,3,3,"Carbamidomethylation;Carbamidomethylation;Carbamidomethylation",,A0A088D9P7|A0A088D9P7_MESEU,DB Search
KVVGVAAGK,45.04,827.5228,9,-0.9,414.76831,2,17.5797,7211,Vasilevskiy_L_different_L076_RZ_20240206_AV-1.raw,,0,0,"",,D9U2A8|KA159_LYCMC,DB Search
KVWC(+57.02)VINNESC(+57.02)NSEC(+57.02)K,100.55,2025.8706,16,-0.5,676.29718,3,29.6370,16551,Vasilevskiy_L_different_L076_RZ_20240206_AV-1.raw,5.98E5,1,1,"Carbamidomethylation;Carbamidomethylation;Carbamidomethylation",,Q9UAC9|SCAS_MESMA:R4H564|R4H564_MESEU:P86406|SCXNF_MESEU:E4VP18|E4VP18_MESEU,DB Search
KYC(+57.02)IDK,31.65,825.4055,6,0.4,276.14255,3,17.1612,6879,Vasilevskiy_L_different_L076_RZ_20240206_AV-1.raw,2.61E7,2,2,"Carbamidomethylation",,A7KJJ7|KA261_MESMA,DB Search
KYC(+57.02)SEDPLDC(+57.02)NEHC(+57.02)K,108.83,1953.7655,15,0.2,489.44876,4,20.3966,9587,Vasilevskiy_L_different_L076_RZ_20240206_AV-1.raw,,0,0,"Carbamidomethylation;Carbamidomethylation;Carbamidomethylation",,A0A088D9S2|A0A088D9S2_MESEU,DB Search
KYDDYGHM,24.67,1027.4069,8,0.6,514.71106,2,24.3518,12594,Vasilevskiy_L_different_L076_RZ_20240206_AV-1.raw,2.25E5,1,1,"",,C9X4G9|C9X4G9_TITDI,DB Search
KYYC(+57.02)TILGENEYC(+57.02)R,97.48,1867.8232,14,0.5,934.91943,2,40.3069,25103,Vasilevskiy_L_different_L076_RZ_20240206_AV-1.raw,8.17E5,1,1,"Carbamidomethylation;Carbamidomethylation",,Q6WJF5|LV1A_MESMA,DB Search
L(+42.01)TSM(+15.99)SEYAC(+57.02)PVIEKWC(+57.02)EDHC(+57.02)EAK,37.55,2900.2124,23,6.3,726.06500,4,56.9051,38484,Vasilevskiy_L_different_L076_RZ_20240206_AV-1.raw,,0,0,"Acetylation (Protein N-term);Oxidation (M);Carbamidomethylation;Carbamidomethylation;Carbamidomethylation","L1:Acetylation (Protein N-term):1000.00;M4:Oxidation (M):1000.00",A0A0K0LC08|A0A0K0LC08_9SCOR,DB Search
L(+42.01)TSMSEYAC(+57.02)PVIEK,104.56,1668.7739,14,-2.0,835.39252,2,48.7517,31816,Vasilevskiy_L_different_L076_RZ_20240206_AV-1.raw,3.31E5,1,1,"Acetylation (Protein N-term);Carbamidomethylation","L1:Acetylation (Protein N-term):1000.00",A0A0K0LC08|A0A0K0LC08_9SCOR,DB Search
LAC(+57.02)FC(+57.02)Q(+0.98)GAR,101.83,1082.4637,9,2.9,542.24072,2,26.1158,13988,Vasilevskiy_L_different_L076_RZ_20240206_AV-1.raw,8.99E5,1,1,"Carbamidomethylation;Carbamidomethylation;Deamidation (NQ)","C3:Deamidation (NQ):1000.00",Q9UAC9|SCAS_MESMA:E4VP32|E4VP32_MESEU:R4H5E1|R4H5E1_MESEU,DB Search
LAC(+57.02)FC(+57.02)QG,75.72,854.3415,7,0.0,428.17801,2,30.5995,17405,Vasilevskiy_L_different_L076_RZ_20240206_AV-1.raw,1.2E5,1,1,"Carbamidomethylation;Carbamidomethylation",,Q9UAC9|SCAS_MESMA:E4VP32|E4VP32_MESEU:R4H5E1|R4H5E1_MESEU,DB Search
LAC(+57.02)FC(+57.02)QGA,109.59,925.3786,8,0.0,463.69656,2,32.5290,18761,Vasilevskiy_L_different_L076_RZ_20240206_AV-1.raw,2.12E7,1,1,"Carbamidomethylation;Carbamidomethylation",,Q9UAC9|SCAS_MESMA:E4VP32|E4VP32_MESEU:R4H5E1|R4H5E1_MESEU,DB Search
LAC(+57.02)FC(+57.02)QGAR,96.48,1081.4797,9,1.5,541.74792,2,25.0544,13133,Vasilevskiy_L_different_L076_RZ_20240206_AV-1.raw,2.77E8,1,1,"Carbamidomethylation;Carbamidomethylation",,Q9UAC9|SCAS_MESMA:E4VP32|E4VP32_MESEU:R4H5E1|R4H5E1_MESEU,DB Search
LAC(+57.02)WC(+57.02)DDIHN(+0.98)WVPTWSR,108.79,2215.9568,17,3.3,1108.98926,2,65.4729,45560,Vasilevskiy_L_different_L076_RZ_20240206_AV-1.raw,1.57E5,1,1,"Carbamidomethylation;Carbamidomethylation;Deamidation (NQ)","C3:Deamidation (NQ):1000.00",Q9NBW2|SCBT_MESMA,DB Search
LAC(+57.02)WC(+57.02)DDIHNWVPTWSR,104.55,2214.9727,17,0.8,1108.49451,2,65.3045,45379,Vasilevskiy_L_different_L076_RZ_20240206_AV-1.raw,8.51E6,1,1,"Carbamidomethylation;Carbamidomethylation",,Q9NBW2|SCBT_MESMA,DB Search
LAC(+57.02)WC(+57.02)DNIHDWVPT,97.63,1785.7603,14,2.0,893.88922,2,64.2763,44509,Vasilevskiy_L_different_L076_RZ_20240206_AV-1.raw,1.39E6,1,1,"Carbamidomethylation;Carbamidomethylation",,A0A0K0LBU9|A0A0K0LBU9_9SCOR:A0A0K0LBU0|A0A0K0LBU0_9SCOR:A0A0U4R446|A0A0U4R446_ODODO:A0A0K0LBX4|A0A0K0LBX4_9SCOR,DB Search
LAC(+57.02)WC(+57.02)DNIHN(+0.98)WVPTWSR,105.02,2214.9727,17,4.1,739.33453,3,65.3045,45390,Vasilevskiy_L_different_L076_RZ_20240206_AV-1.raw,4.17E7,1,1,"Carbamidomethylation;Carbamidomethylation;Deamidation (NQ)","C3:Deamidation (NQ):40.63",M4GX67|SCBTY_MESMA,DB Search
LAC(+57.02)YC(+57.02)EGAPK,104.97,1167.5052,10,-1.7,584.75891,2,22.0998,10859,Vasilevskiy_L_different_L076_RZ_20240206_AV-1.raw,1.7E9,3,3,"Carbamidomethylation;Carbamidomethylation",,A0A5P8U2P2|A0A5P8U2P2_MESEU:P0C5H3|SCB1_LEIHE:R4H564|R4H564_MESEU:P86406|SCXNF_MESEU:E4VP18|E4VP18_MESEU:E4VP15|E4VP15_MESEU:Q9UAC8|SCAT_MESMA,DB Search
LAC(+57.02)YC(+57.02)QGAPR,86.85,1194.5273,10,0.8,598.27142,2,21.3446,10286,Vasilevskiy_L_different_L076_RZ_20240206_AV-1.raw,,0,0,"Carbamidomethylation;Carbamidomethylation",,F6K6F3|F6K6F3_MESEU,DB Search
LAC(+57.02)YC(+57.02)QGAR,103.72,1097.4746,9,1.0,549.74512,2,23.1319,11725,Vasilevskiy_L_different_L076_RZ_20240206_AV-1.raw,,0,0,"Carbamidomethylation;Carbamidomethylation",,P0DPT3|SCXIT_ANDMA:A0A0K0LBV3|A0A0K0LBV3_9SCOR:P21150|SIX4_ANDAU:A0A146CIX0|A0A146CIX0_MESEU,DB Search
LADQ(+0.98)C(+57.02)VFK,80.01,980.4637,8,-0.2,491.23901,2,31.3281,17914,Vasilevskiy_L_different_L076_RZ_20240206_AV-1.raw,3.13E5,1,1,"Deamidation (NQ);Carbamidomethylation","Q4:Deamidation (NQ):1000.00",A0A218QX21|A0A218QX21_TITSE:A0A0C9RP88|A0A0C9RP88_TITBA:A0A2I9LNV7|A0A2I9LNV7_9SCOR:P85840|VA5_TITSE,DB Search
LADQC(+57.02)VFK,104.43,979.4797,8,-0.5,490.74689,2,28.0503,15412,Vasilevskiy_L_different_L076_RZ_20240206_AV-1.raw,1.43E8,3,3,"Carbamidomethylation",,A0A218QX21|A0A218QX21_TITSE:A0A0C9RP88|A0A0C9RP88_TITBA:A0A2I9LNV7|A0A2I9LNV7_9SCOR:P85840|VA5_TITSE,DB Search
LADQC(+57.02)VFKHDC(+57.02)DEC(+57.02)R,105.05,1951.7975,15,0.8,651.60693,3,22.2701,10937,Vasilevskiy_L_different_L076_RZ_20240206_AV-1.raw,1.54E7,3,3,"Carbamidomethylation;Carbamidomethylation;Carbamidomethylation",,A0A0C9RP88|A0A0C9RP88_TITBA,DB Search
LAEDM(+15.99)RPNAAWC(+57.02)YYLFPDC(+57.02)YNYGGK,110.45,3089.3147,25,-1.9,1030.77686,3,66.0111,45935,Vasilevskiy_L_different_L076_RZ_20240206_AV-1.raw,7.05E5,1,1,"Oxidation (M);Carbamidomethylation;Carbamidomethylation","M5:Oxidation (M):1000.00",A0A7T9L322|A0A7T9L322_ANDCR,DB Search
LAEDM(+15.99)RPNAAWC(+57.02)YYLFPDC(+57.02)YNYGGKDQPSQYFC(+57.02)K,104.91,4242.8008,34,0.6,1061.70813,4,64.9737,45080,Vasilevskiy_L_different_L076_RZ_20240206_AV-1.raw,3.31E6,1,1,"Oxidation (M);Carbamidomethylation;Carbamidomethylation;Carbamidomethylation","M5:Oxidation (M):1000.00",A0A7T9L322|A0A7T9L322_ANDCR,DB Search
LAEDMR,73.60,733.3428,6,0.1,367.67874,2,18.8243,8281,Vasilevskiy_L_different_L076_RZ_20240206_AV-1.raw,6.95E5,1,1,"",,A0A2I9LP21|A0A2I9LP21_9SCOR:A0A7T9L322|A0A7T9L322_ANDCR,DB Search
LAEDMRPN,92.45,944.4385,8,0.4,473.22675,2,20.6512,9707,Vasilevskiy_L_different_L076_RZ_20240206_AV-1.raw,1.14E7,1,1,"",,A0A7T9L322|A0A7T9L322_ANDCR,DB Search
LAEDMRPN(+0.98)AAWC(+57.02)YYLFPDC(+57.02)YNYGGKDQPSQYFC(+57.02)K,104.74,4227.7900,34,3.4,1057.95837,4,66.3442,46285,Vasilevskiy_L_different_L076_RZ_20240206_AV-1.raw,,0,0,"Deamidation (NQ);Carbamidomethylation;Carbamidomethylation;Carbamidomethylation","N8:Deamidation (NQ):128.21",A0A7T9L322|A0A7T9L322_ANDCR,DB Search
LAEDMRPNAAWC(+57.02)YYLFPDC(+57.02)YN(+0.98)YGGKDQPSQYFC(+57.02)K,105.82,4227.7900,34,0.0,1057.95471,4,66.5678,46471,Vasilevskiy_L_different_L076_RZ_20240206_AV-1.raw,,0,0,"Carbamidomethylation;Carbamidomethylation;Deamidation (NQ);Carbamidomethylation","C12:Deamidation (NQ):0.00",A0A7T9L322|A0A7T9L322_ANDCR,DB Search
LAEDMRPNAAWC(+57.02)YYLFPDC(+57.02)YNYGGK,105.02,3073.3196,25,0.3,1025.44751,3,67.2469,46923,Vasilevskiy_L_different_L076_RZ_20240206_AV-1.raw,1.1E7,3,3,"Carbamidomethylation;Carbamidomethylation",,A0A7T9L322|A0A7T9L322_ANDCR,DB Search
LAEDMRPNAAWC(+57.02)YYLFPDC(+57.02)YNYGGKDQPSQYFC(+57.02)K,103.31,4226.8062,34,0.9,1057.70972,4,66.0811,46062,Vasilevskiy_L_different_L076_RZ_20240206_AV-1.raw,1.11E6,2,2,"Carbamidomethylation;Carbamidomethylation;Carbamidomethylation",,A0A7T9L322|A0A7T9L322_ANDCR,DB Search
LAEQ(+0.98)FFVSLGLK,102.61,1351.7388,12,0.5,676.87695,2,68.1264,47824,Vasilevskiy_L_different_L076_RZ_20240206_AV-1.raw,3.31E4,1,1,"Deamidation (NQ)","Q4:Deamidation (NQ):1000.00",A0A0C9QKS9|A0A0C9QKS9_TITBA,DB Search
LAFLPFGYLIDLWR,100.46,1722.9497,14,-0.2,862.48199,2,70.9832,50121,Vasilevskiy_L_different_L076_RZ_20240206_AV-1.raw,5.63E5,2,2,"",,A0A1S5QMZ5|A0A1S5QMZ5_TITSE,DB Search
LAMNEFGDK,101.64,1023.4695,9,-1.4,512.74133,2,33.5872,19794,Vasilevskiy_L_different_L076_RZ_20240206_AV-1.raw,,0,0,"",,A0A1E1WVY6|A0A1E1WVY6_TITOB:U6JPA9|U6JPA9_TITSE:A0A2I9LNW7|A0A2I9LNW7_9SCOR,DB Search
LANLMNAVK,90.89,972.5426,9,0.1,487.27863,2,40.3778,25196,Vasilevskiy_L_different_L076_RZ_20240206_AV-1.raw,3.28E5,1,1,"",,E4VNZ8|E4VNZ8_MESEU:E4VNZ7|E4VNZ7_MESEU,DB Search
LATFGFSYSLTTDMAAK,105.02,1822.8811,17,-0.1,912.44775,2,65.9884,45982,Vasilevskiy_L_different_L076_RZ_20240206_AV-1.raw,1.16E6,1,1,"",,A0A146CJ24|A0A146CJ24_MESEU:E4VP38|E4VP38_MESEU:A0A0C4G490|A0A0C4G490_MESMA:Q8MTW7|Q8MTW7_MESMA:A0A0B4KJR4|A0A0B4KJR4_MESMA,DB Search
LC(+57.02)DC(+57.02)IEK,52.11,936.4045,7,0.2,469.20959,2,36.3902,22093,Vasilevskiy_L_different_L076_RZ_20240206_AV-1.raw,,0,0,"Carbamidomethylation;Carbamidomethylation",,A0A088D9U7|A0A088D9U7_MESEU,DB Search
LC(+57.02)IEMDK,85.87,907.4143,7,-1.4,454.71381,2,31.4509,18034,Vasilevskiy_L_different_L076_RZ_20240206_AV-1.raw,,0,0,"Carbamidomethylation",,A0A1E1WVS7|A0A1E1WVS7_TITOB,DB Search
LC(+57.02)IEMDKFK,96.77,1182.5776,9,-0.2,395.19977,3,41.5127,26105,Vasilevskiy_L_different_L076_RZ_20240206_AV-1.raw,,0,0,"Carbamidomethylation",,A0A1E1WVS7|A0A1E1WVS7_TITOB,DB Search
LC(+57.02)IILVNNK,92.98,1085.6267,9,1.3,543.82135,2,48.7600,31822,Vasilevskiy_L_different_L076_RZ_20240206_AV-1.raw,,0,0,"Carbamidomethylation",,A0A088D9R3|A0A088D9R3_MESEU,DB Search
LC(+57.02)NC(+57.02)TASAIK,96.29,1136.5319,10,0.1,569.27325,2,20.2159,9365,Vasilevskiy_L_different_L076_RZ_20240206_AV-1.raw,5.69E6,1,1,"Carbamidomethylation;Carbamidomethylation",,A0A146CJ24|A0A146CJ24_MESEU:E4VP08|E4VP08_MESEU:E4VP38|E4VP38_MESEU:A0A0U1TZA8|A0A0U1TZA8_ISOMC:A0A2I9LPZ1|A0A2I9LPZ1_9SCOR,DB Search
LC(+57.02)YVALDFEQEMATAASSSSLEK,105.11,2549.1665,23,-0.2,850.72925,3,68.2932,47918,Vasilevskiy_L_different_L076_RZ_20240206_AV-1.raw,5.42E5,1,1,"Carbamidomethylation",,A0A1W7RB59|A0A1W7RB59_9SCOR:A0A1W7RB46|A0A1W7RB46_9SCOR:A0A2I9LNI8|A0A2I9LNI8_9SCOR:A0A2I9LNM3|A0A2I9LNM3_9SCOR,DB Search
LDKYTGC(+57.02)K,47.92,983.4746,8,0.1,492.74463,2,40.6148,25415,Vasilevskiy_L_different_L076_RZ_20240206_AV-1.raw,,0,0,"Carbamidomethylation",,F6K6F3|F6K6F3_MESEU:P0DPT3|SCXIT_ANDMA:A0A0K0LBV3|A0A0K0LBV3_9SCOR:Q9UAC9|SCAS_MESMA:P86406|SCXNF_MESEU:E4VP18|E4VP18_MESEU:A0A146CIX0|A0A146CIX0_MESEU:R4H5E1|R4H5E1_MESEU,DB Search
LDLAGR,26.99,643.3653,6,0.7,322.69016,2,23.1105,11673,Vasilevskiy_L_different_L076_RZ_20240206_AV-1.raw,6.93E5,1,1,"",,A0A1W7RB59|A0A1W7RB59_9SCOR:E6Y2S5|E6Y2S5_MESMA:A0A1W7RB46|A0A1W7RB46_9SCOR:A0A2I9LNI8|A0A2I9LNI8_9SCOR:A0A2I9LNM3|A0A2I9LNM3_9SCOR,DB Search
LEDGSVFHDSDRC(+57.02)EIK,86.96,1905.8527,16,0.5,636.29181,3,27.1569,14706,Vasilevskiy_L_different_L076_RZ_20240206_AV-1.raw,7.74E4,1,1,"Carbamidomethylation",,A0A059UI24|A0A059UI24_MESGB,DB Search
LEGYSPHLTSLISGLNYASR,96.61,2177.1116,20,-0.4,726.71088,3,62.6399,43186,Vasilevskiy_L_different_L076_RZ_20240206_AV-1.raw,2.45E5,1,1,"",,C6H100|C6H100_PANIM,DB Search
LEILEYC(+57.02)R,50.31,1094.5430,8,-0.6,548.27844,2,46.9496,30432,Vasilevskiy_L_different_L076_RZ_20240206_AV-1.raw,,0,0,"Carbamidomethylation",,A0A2I9LNT5|A0A2I9LNT5_9SCOR,DB Search
LEPAGDVIADDFTIVHGENGEKDHTFNVQNLK,65.33,3521.7063,32,1.9,705.34985,5,59.0421,40261,Vasilevskiy_L_different_L076_RZ_20240206_AV-1.raw,4.68E5,1,1,"",,E4VNZ7|E4VNZ7_MESEU,DB Search
LFIELDK,77.28,876.4957,7,-0.4,439.25491,2,51.0931,33724,Vasilevskiy_L_different_L076_RZ_20240206_AV-1.raw,,0,0,"",,C6H0Z5|C6H0Z5_PANIM:A0A1W7RAD3|A0A1W7RAD3_9SCOR:A0A1E1WVN1|A0A1E1WVN1_TITOB:P80476|HCY6_ANDAU:A0A2I9LP22|A0A2I9LP22_9SCOR:C6H0Z9|C6H0Z9_PANIM:A0A1E1WVP7|A0A1E1WVP7_TITOB:C6H101|C6H101_PANIM:A0A1W7RAE6|A0A1W7RAE6_9SCOR,DB Search
LFNNYC(+57.02)NNEC(+57.02)TK,102.16,1575.6447,12,0.4,788.82990,2,27.7321,15154,Vasilevskiy_L_different_L076_RZ_20240206_AV-1.raw,,0,0,"Carbamidomethylation;Carbamidomethylation",,O77091|SIXP_MESMA,DB Search
LFSC(+57.02)FHAEHLAEAQYLYETLYAAK,104.33,2874.3687,24,0.3,719.59967,4,66.0135,46038,Vasilevskiy_L_different_L076_RZ_20240206_AV-1.raw,1.1E5,1,1,"Carbamidomethylation",,A0A2I9LP14|A0A2I9LP14_9SCOR:A0A1E1WW95|A0A1E1WW95_TITOB,DB Search
LFVEQEVK,87.25,990.5386,8,0.5,496.27682,2,32.4997,18892,Vasilevskiy_L_different_L076_RZ_20240206_AV-1.raw,,0,0,"",,A0A0U1TZE8|A0A0U1TZE8_ISOMC,DB Search
LGANAILGVSLAVC(+57.02)K,96.53,1484.8385,15,-0.4,743.42621,2,62.6399,43192,Vasilevskiy_L_different_L076_RZ_20240206_AV-1.raw,1.63E5,1,1,"Carbamidomethylation",,A0A7U1GK49|A0A7U1GK49_ANDCR:A0A2I9LNP4|A0A2I9LNP4_9SCOR,DB Search
LGATSKPTVEISQDGDTWSIK,80.50,2232.1274,21,0.0,745.04974,3,49.3028,32194,Vasilevskiy_L_different_L076_RZ_20240206_AV-1.raw,1.14E6,1,1,"",,A0A2I9LNZ4|A0A2I9LNZ4_9SCOR,DB Search
LGC(+57.02)GDEC(+57.02)R,42.08,965.3695,8,0.3,483.69217,2,16.7925,6554,Vasilevskiy_L_different_L076_RZ_20240206_AV-1.raw,,0,0,"Carbamidomethylation;Carbamidomethylation",,A0A088D9T0|A0A088D9T0_MESEU,DB Search
LGDYDEK,88.50,838.3708,7,0.7,420.19299,2,19.0314,8463,Vasilevskiy_L_different_L076_RZ_20240206_AV-1.raw,,0,0,"",,E4VNZ8|E4VNZ8_MESEU:E4VNZ7|E4VNZ7_MESEU,DB Search
LGEDNINVVEGNEQFIS,107.91,1875.8850,17,-1.8,938.94812,2,59.3855,40517,Vasilevskiy_L_different_L076_RZ_20240206_AV-1.raw,8.24E4,1,1,"",,P00760|TRY1_BOVIN,DB Search
LGEDNINVVEGNEQFISASK,96.50,2162.0491,20,0.0,1082.03186,2,53.0673,35371,Vasilevskiy_L_different_L076_RZ_20240206_AV-1.raw,6.07E4,1,1,"",,P00760|TRY1_BOVIN,DB Search
LGEEFEETR,94.44,1108.5037,9,0.5,555.25940,2,28.2318,15532,Vasilevskiy_L_different_L076_RZ_20240206_AV-1.raw,1.02E6,1,1,"",,A0A2I9LNZ4|A0A2I9LNZ4_9SCOR,DB Search
LGENEYC(+57.02)R,92.32,1039.4393,8,0.5,520.72717,2,19.9752,9254,Vasilevskiy_L_different_L076_RZ_20240206_AV-1.raw,1.23E6,1,1,"Carbamidomethylation",,D9U2A4|LV1A1_LYCMC:Q6WJF5|LV1A_MESMA:P0CI45|LV1A2_LYCMC:A0A0U1TY16|A0A0U1TY16_LYCMC:A0A146CJ25|A0A146CJ25_MESEU,DB Search
LGFC(+57.02)DQK,101.69,866.3956,7,0.5,434.20529,2,24.4141,12747,Vasilevskiy_L_different_L076_RZ_20240206_AV-1.raw,3.07E6,1,1,"Carbamidomethylation",,A0AA49QCE7|A0AA49QCE7_9SCOR:A0A143MHJ7|A0A143MHJ7_MESEU:A0A7S8MU59|SCX18_TITSE:F1CIX4|F1CIX4_HOTJU,DB Search
LGGVC(+57.02)K,21.86,632.3315,6,0.8,317.17331,2,17.1278,6853,Vasilevskiy_L_different_L076_RZ_20240206_AV-1.raw,,0,0,"Carbamidomethylation",,A0A803MEW0|A0A803MEW0_CHEQI,DB Search
LGINGFGR,95.60,832.4555,8,0.9,417.23541,2,38.3052,23525,Vasilevskiy_L_different_L076_RZ_20240206_AV-1.raw,,0,0,"",,A0A8K1K274|A0A8K1K274_HEMLE:A0A1W7RAH3|A0A1W7RAH3_9SCOR,DB Search
LGLQPHSK,41.25,878.4974,8,-1.1,440.25549,2,26.9584,14514,Vasilevskiy_L_different_L076_RZ_20240206_AV-1.raw,,0,0,"",,A0A1W4WWI1|A0A1W4WWI1_AGRPL:A0A1W4X7B0|A0A1W4X7B0_AGRPL,DB Search
LHDPDGR,95.05,808.3828,7,-0.1,270.46817,3,15.3843,5464,Vasilevskiy_L_different_L076_RZ_20240206_AV-1.raw,2.61E6,2,2,"",,A0A1W7RAG7|A0A1W7RAG7_9SCOR:C6H0Z6|C6H0Z6_PANIM:A0A2I9LP14|A0A2I9LP14_9SCOR:A0A1E1WW95|A0A1E1WW95_TITOB,DB Search
LHGVQY,104.38,715.3653,6,-0.3,716.37238,1,23.1356,11742,Vasilevskiy_L_different_L076_RZ_20240206_AV-1.raw,3.27E7,2,2,"",,P0C1B7|DORT_PARTR:P0C1B5|ALTI_PARTR:P58752|BIRT_PARTR:P0C1B8|IKIT_PARTR:A0A146CJ25|A0A146CJ25_MESEU:P0C1B6|BEST_PARTR,DB Search
LHGVQYGY,100.04,935.4501,8,0.1,468.73239,2,28.3302,16034,Vasilevskiy_L_different_L076_RZ_20240206_AV-1.raw,4.32E7,1,1,"",,P0C1B7|DORT_PARTR:P0C1B5|ALTI_PARTR:P58752|BIRT_PARTR:P0C1B8|IKIT_PARTR:A0A146CJ25|A0A146CJ25_MESEU:P0C1B6|BEST_PARTR,DB Search
LHGVQYGYC(+57.02)Y,95.62,1258.5441,10,0.7,630.27979,2,37.1163,22643,Vasilevskiy_L_different_L076_RZ_20240206_AV-1.raw,2.17E6,1,1,"Carbamidomethylation",,P0C1B7|DORT_PARTR:P0C1B5|ALTI_PARTR:P58752|BIRT_PARTR:P0C1B8|IKIT_PARTR:A0A146CJ25|A0A146CJ25_MESEU:P0C1B6|BEST_PARTR,DB Search
LHGVQYGYC(+57.02)YN,109.54,1372.5870,11,0.1,687.30084,2,33.3597,19480,Vasilevskiy_L_different_L076_RZ_20240206_AV-1.raw,2.52E7,1,1,"Carbamidomethylation",,A0A146CJ25|A0A146CJ25_MESEU,DB Search
LHGVQYGYC(+57.02)YN(+0.98)SR,104.86,1616.7042,13,0.7,539.90906,3,28.7102,15997,Vasilevskiy_L_different_L076_RZ_20240206_AV-1.raw,1.17E7,2,2,"Carbamidomethylation;Deamidation (NQ)","C9:Deamidation (NQ):115.44",A0A146CJ25|A0A146CJ25_MESEU,DB Search
LHGVQYGYC(+57.02)YNSR,96.93,1615.7202,13,1.1,539.58124,3,27.3076,14757,Vasilevskiy_L_different_L076_RZ_20240206_AV-1.raw,7.71E7,2,2,"Carbamidomethylation",,A0A146CJ25|A0A146CJ25_MESEU,DB Search
LHGVYY,89.41,750.3701,6,0.5,376.19247,2,29.6508,16446,Vasilevskiy_L_different_L076_RZ_20240206_AV-1.raw,5.26E7,1,1,"",,E4VP63|E4VP63_MESEU,DB Search
LHGVYYGY,95.07,970.4548,8,0.6,486.23499,2,37.0374,22551,Vasilevskiy_L_different_L076_RZ_20240206_AV-1.raw,8.73E7,2,2,"",,E4VP63|E4VP63_MESEU,DB Search
LHGVYYGYC(+57.02),95.10,1130.4855,9,0.6,566.25037,2,36.2450,21954,Vasilevskiy_L_different_L076_RZ_20240206_AV-1.raw,1.89E6,1,1,"Carbamidomethylation",,E4VP63|E4VP63_MESEU,DB Search
LHGVYYGYC(+57.02)Y,89.01,1293.5488,10,0.1,647.78174,2,47.0799,30349,Vasilevskiy_L_different_L076_RZ_20240206_AV-1.raw,2.24E7,1,1,"Carbamidomethylation",,E4VP63|E4VP63_MESEU,DB Search
LHGVYYGYC(+57.02)YN,104.73,1407.5918,11,2.0,704.80457,2,41.7950,26309,Vasilevskiy_L_different_L076_RZ_20240206_AV-1.raw,2.72E8,2,2,"Carbamidomethylation",,E4VP63|E4VP63_MESEU,DB Search
LHGVYYGYC(+57.02)YN(+0.98)SR,105.02,1651.7089,13,2.4,551.57825,3,35.6218,21469,Vasilevskiy_L_different_L076_RZ_20240206_AV-1.raw,5.78E7,2,2,"Carbamidomethylation;Deamidation (NQ)","C9:Deamidation (NQ):1000.00",E4VP63|E4VP63_MESEU,DB Search
LHGVYYGYC(+57.02)YNSR,105.02,1650.7249,13,7.0,551.25275,3,34.3421,20412,Vasilevskiy_L_different_L076_RZ_20240206_AV-1.raw,9.15E8,4,4,"Carbamidomethylation",,E4VP63|E4VP63_MESEU,DB Search
LHLARRGNC(+57.02)YQ(+0.98)PGPLAK,46.26,1951.0210,17,7.5,651.35248,3,29.6644,16609,Vasilevskiy_L_different_L076_RZ_20240206_AV-1.raw,,0,0,"Carbamidomethylation;Deamidation (NQ)","C9:Deamidation (NQ):0.00",E4VP64|E4VP64_MESEU,DB Search
LHLASGGSC(+57.02),63.52,900.4124,9,0.8,451.21381,2,20.6372,9726,Vasilevskiy_L_different_L076_RZ_20240206_AV-1.raw,8.95E6,1,1,"Carbamidomethylation",,Q95P90|LV1B_MESMA,DB Search
LIFAGK,50.00,647.4006,6,0.6,324.70779,2,30.4065,17148,Vasilevskiy_L_different_L076_RZ_20240206_AV-1.raw,2.31E6,1,1,"",,H2CYP6|H2CYP6_PANCV:A0A1W7R9R2|A0A1W7R9R2_9SCOR:A0A2I9LPN2|A0A2I9LPN2_9SCOR:A0A2I9LPH5|A0A2I9LPH5_9SCOR:A0A5J6YGB0|A0A5J6YGB0_9SCOR:A0A2I9LPM5|A0A2I9LPM5_9SCOR:A0A3S8V4Q4|A0A3S8V4Q4_9SCOR:A0A1W7R9R4|A0A1W7R9R4_9SCOR,DB Search
LIGDAAK,74.68,686.3962,7,0.1,344.20544,2,18.6989,8177,Vasilevskiy_L_different_L076_RZ_20240206_AV-1.raw,,0,0,"",,A0A1W7RAC4|A0A1W7RAC4_9SCOR:A0A2I9LP25|A0A2I9LP25_9SCOR:A0A1W7RAC2|A0A1W7RAC2_9SCOR:A0A2I9LP41|A0A2I9LP41_9SCOR,DB Search
LIGHC(+57.02)VTK,96.72,926.5007,8,0.9,309.84113,3,17.5005,7135,Vasilevskiy_L_different_L076_RZ_20240206_AV-1.raw,6.11E7,2,2,"Carbamidomethylation",,A0A088D9T6|A0A088D9T6_MESEU,DB Search
LIGHC(+57.02)VTKE,72.75,1055.5433,9,0.3,528.77911,2,18.2432,7779,Vasilevskiy_L_different_L076_RZ_20240206_AV-1.raw,2.36E6,2,2,"Carbamidomethylation",,A0A088D9T6|A0A088D9T6_MESEU,DB Search
LINLLK,23.04,712.4847,6,0.7,357.24988,2,43.0635,27208,Vasilevskiy_L_different_L076_RZ_20240206_AV-1.raw,7.26E5,1,1,"",,A0A1E1WVR3|A0A1E1WVR3_TITOB:A0A1E1WVN2|A0A1E1WVN2_TITOB,DB Search
LIPC(+57.02)DFIAPVK,88.09,1271.6947,11,1.4,636.85553,2,58.5201,39792,Vasilevskiy_L_different_L076_RZ_20240206_AV-1.raw,1.34E5,1,1,"Carbamidomethylation",,D0UMX6|D0UMX6_HETSP:A0A8K1K205|A0A8K1K205_HEMLE:D0UMX5|D0UMX5_HADAR,DB Search
LIYHLC(+57.02)K,101.14,945.5106,7,0.6,316.17767,3,25.7984,13712,Vasilevskiy_L_different_L076_RZ_20240206_AV-1.raw,1.65E6,2,2,"Carbamidomethylation",,V9LLZ2|V9LLZ2_MESMA:V9LLN7|V9LLN7_MESMA:Q8MUB1|KA221_MESMA,DB Search
LKN(+0.98)N(+0.98)APIDNK,93.78,1127.5823,10,0.1,376.86804,3,17.8928,7492,Vasilevskiy_L_different_L076_RZ_20240206_AV-1.raw,6.04E6,2,2,"Deamidation (NQ);Deamidation (NQ)","N3:Deamidation (NQ):102.87;N4:Deamidation (NQ):95.62",E4VP22|E4VP22_MESEU:E4VP23|E4VP23_MESEU,DB Search
LKN(+0.98)NAPIDNK,102.29,1126.5983,10,0.1,376.54007,3,17.1385,6865,Vasilevskiy_L_different_L076_RZ_20240206_AV-1.raw,,0,0,"Deamidation (NQ)","N3:Deamidation (NQ):0.00",E4VP22|E4VP22_MESEU:E4VP23|E4VP23_MESEU,DB Search
LKNN(+0.98)APIDNK,96.84,1126.5983,10,0.4,376.54016,3,17.0761,6810,Vasilevskiy_L_different_L076_RZ_20240206_AV-1.raw,6.43E7,2,2,"Deamidation (NQ)","N4:Deamidation (NQ):20.00",E4VP22|E4VP22_MESEU:E4VP23|E4VP23_MESEU,DB Search
LKTDAPIDNK,95.43,1113.6029,10,1.0,372.20862,3,18.4083,7908,Vasilevskiy_L_different_L076_RZ_20240206_AV-1.raw,1.05E8,2,2,"",,E4VP53|E4VP53_MESEU,DB Search
LKWPGLK,60.26,840.5222,7,0.9,281.18158,3,38.5271,23675,Vasilevskiy_L_different_L076_RZ_20240206_AV-1.raw,4.84E4,1,1,"",,A0A1W7RAV1|A0A1W7RAV1_9SCOR:A0A0K0LC52|A0A0K0LC52_9SCOR,DB Search
LLDKYTGC(+57.02)K,103.81,1096.5587,9,0.5,366.52701,3,21.6475,10499,Vasilevskiy_L_different_L076_RZ_20240206_AV-1.raw,3.38E6,2,2,"Carbamidomethylation",,F6K6F3|F6K6F3_MESEU:P0DPT3|SCXIT_ANDMA:A0A0K0LBV3|A0A0K0LBV3_9SCOR:Q9UAC9|SCAS_MESMA:P86406|SCXNF_MESEU:E4VP18|E4VP18_MESEU:A0A146CIX0|A0A146CIX0_MESEU:R4H5E1|R4H5E1_MESEU,DB Search
LLGC(+57.02)DHDGEGDER,104.83,1471.5997,13,0.4,491.54074,3,19.4816,8809,Vasilevskiy_L_different_L076_RZ_20240206_AV-1.raw,3.94E6,2,2,"Carbamidomethylation",,E4VNZ8|E4VNZ8_MESEU:E4VNZ7|E4VNZ7_MESEU,DB Search
LLGFC(+57.02)DQK,103.34,979.4797,8,0.8,490.74750,2,40.0816,24739,Vasilevskiy_L_different_L076_RZ_20240206_AV-1.raw,7.78E6,1,1,"Carbamidomethylation",,A0AA49QCE7|A0AA49QCE7_9SCOR:A0A143MHJ7|A0A143MHJ7_MESEU:A0A7S8MU59|SCX18_TITSE:F1CIX4|F1CIX4_HOTJU,DB Search
LLGNEGC(+57.02)NK,90.10,1003.4756,9,0.4,502.74530,2,17.9921,7577,Vasilevskiy_L_different_L076_RZ_20240206_AV-1.raw,2.06E6,1,1,"Carbamidomethylation",,P15228|AEP1_MESMA,DB Search
LLLIGDSGVGK,98.82,1070.6335,11,1.4,536.32477,2,49.8491,32679,Vasilevskiy_L_different_L076_RZ_20240206_AV-1.raw,4.06E5,1,1,"",,A0A1W7R9U8|A0A1W7R9U8_9SCOR:A0A0U1SSR7|A0A0U1SSR7_ISOMC:A0A1W7R9U5|A0A1W7R9U5_9SCOR:A0A2I9LPI8|A0A2I9LPI8_9SCOR:A0A1W7R9V2|A0A1W7R9V2_9SCOR,DB Search
LLNNYC(+57.02)NNIC(+57.02)TK,104.97,1525.7018,12,-0.3,763.85791,2,31.2768,17753,Vasilevskiy_L_different_L076_RZ_20240206_AV-1.raw,2.83E6,1,1,"Carbamidomethylation;Carbamidomethylation",,O61668|SIX1_MESMA,DB Search
LLQDFFN(+0.98)GK,104.64,1081.5444,9,0.6,541.77979,2,57.2484,38768,Vasilevskiy_L_different_L076_RZ_20240206_AV-1.raw,8.16E4,1,1,"Deamidation (NQ)","N7:Deamidation (NQ):42.89",A0A1W7RAC4|A0A1W7RAC4_9SCOR:A0A2I9LP41|A0A2I9LP41_9SCOR,DB Search
LLQDFFNGK,101.29,1080.5604,9,1.2,541.28809,2,56.2275,37880,Vasilevskiy_L_different_L076_RZ_20240206_AV-1.raw,5.1E5,1,1,"",,A0A1W7RAC4|A0A1W7RAC4_9SCOR:A0A2I9LP41|A0A2I9LP41_9SCOR,DB Search
LLTLPNLIVTPH,91.47,1329.8020,12,0.9,665.90887,2,67.1162,46942,Vasilevskiy_L_different_L076_RZ_20240206_AV-1.raw,9.5E4,1,1,"",,A0A1W7RAF2|A0A1W7RAF2_9SCOR,DB Search
LLTPGK,30.50,627.3956,6,1.1,314.70538,2,19.9329,9217,Vasilevskiy_L_different_L076_RZ_20240206_AV-1.raw,,0,0,"",,A0A1S5QN46|A0A1S5QN46_TITSE,DB Search
LM(+15.99)PLFK,51.92,763.4302,6,0.4,382.72253,2,38.6489,23776,Vasilevskiy_L_different_L076_RZ_20240206_AV-1.raw,,0,0,"Oxidation (M)","M2:Oxidation (M):1000.00",P80476|HCY6_ANDAU:A0A2I9LP22|A0A2I9LP22_9SCOR:A0A1E1WVP7|A0A1E1WVP7_TITOB,DB Search
LMPLFK,52.29,747.4353,6,0.1,374.72498,2,50.1192,32756,Vasilevskiy_L_different_L076_RZ_20240206_AV-1.raw,2.53E6,1,1,"",,P80476|HCY6_ANDAU:A0A2I9LP22|A0A2I9LP22_9SCOR:A0A1E1WVP7|A0A1E1WVP7_TITOB,DB Search
LNFIVR,70.13,760.4595,6,0.4,381.23721,2,43.0859,27219,Vasilevskiy_L_different_L076_RZ_20240206_AV-1.raw,4.68E5,1,1,"",,A0A1E1WVN1|A0A1E1WVN1_TITOB,DB Search
LNPYC(+57.02)DSEC(+57.02)K,96.59,1284.5115,10,-0.1,643.26294,2,21.2273,10136,Vasilevskiy_L_different_L076_RZ_20240206_AV-1.raw,5.47E6,1,1,"Carbamidomethylation;Carbamidomethylation",,D8UWD8|SCXN9_MESEU:P09982|SCXE_MESEU:P86403|SCXN2_MESEU,DB Search
LNPYC(+57.02)DSEC(+57.02)KK,104.89,1412.6064,11,0.2,471.87616,3,18.6920,8108,Vasilevskiy_L_different_L076_RZ_20240206_AV-1.raw,8.81E6,2,2,"Carbamidomethylation;Carbamidomethylation",,D8UWD8|SCXN9_MESEU:P09982|SCXE_MESEU:P86403|SCXN2_MESEU,DB Search
LPDKDVTIW,88.82,1085.5757,9,0.5,543.79541,2,53.3357,35739,Vasilevskiy_L_different_L076_RZ_20240206_AV-1.raw,7.74E6,1,1,"",,A0A146CJ25|A0A146CJ25_MESEU,DB Search
LPDKDVTIWN,91.02,1199.6187,10,0.6,600.81696,2,46.8325,30116,Vasilevskiy_L_different_L076_RZ_20240206_AV-1.raw,1.09E7,1,1,"",,A0A146CJ25|A0A146CJ25_MESEU,DB Search
LPDKDVTIWN(+0.98)AVK,104.13,1498.8031,13,-0.2,750.40869,2,47.4786,30595,Vasilevskiy_L_different_L076_RZ_20240206_AV-1.raw,5.19E8,6,6,"Deamidation (NQ)","N10:Deamidation (NQ):1000.00",A0A146CJ25|A0A146CJ25_MESEU,DB Search
LPDKDVTIWNA,85.35,1270.6558,11,0.2,636.33527,2,51.2944,33889,Vasilevskiy_L_different_L076_RZ_20240206_AV-1.raw,5.89E5,1,1,"",,A0A146CJ25|A0A146CJ25_MESEU,DB Search
LPDKDVTIWNAVK,105.02,1497.8191,13,1.5,500.28107,3,51.4893,34053,Vasilevskiy_L_different_L076_RZ_20240206_AV-1.raw,3.87E9,2,2,"",,A0A146CJ25|A0A146CJ25_MESEU,DB Search
LPDKDVTIWNAVKN(+0.98)HC(+57.02)KNTVLYANG,35.61,2870.4385,25,-9.5,957.81104,3,53.7878,35941,Vasilevskiy_L_different_L076_RZ_20240206_AV-1.raw,8.88E4,1,1,"Deamidation (NQ);Carbamidomethylation","N14:Deamidation (NQ):0.00",A0A146CJ25|A0A146CJ25_MESEU,DB Search
LPDKVPI,29.80,780.4745,7,0.6,391.24478,2,38.4268,23609,Vasilevskiy_L_different_L076_RZ_20240206_AV-1.raw,3.4E5,1,1,"",,Q95P69|SCAA_MESMA:P84614|SCX28_HOTTS:D8UWD3|SCXN7_MESEU:A0A0K0LBX2|A0A0K0LBX2_9SCOR:A0A7D5FUD4|A0A7D5FUD4_MESEU:D5HR49|D5HR49_9SCOR:P0DJH8|SCX1_BUTMA:A0A143FHE4|A0A143FHE4_MESEU:Q4TUA4|SCA4_MESMA:P01489|SCX4_LEIQU:Q49S27|Q49S27_MESMA:G4V3T9|SCAA2_MESMA:Q9GNG8|SC15_MESMA:P83644|SCX4_LEIHE:P86408|SCXN1_MESEU:Q9GUA7|SCA3_MESMA:P82815|SCBK_MESMA:Q9GYX2|SCA1_MESMA:Q86SE0|SCX2_ANDAM,DB Search
LPDKVPIK,95.19,908.5695,8,-0.1,303.86374,3,26.8573,14441,Vasilevskiy_L_different_L076_RZ_20240206_AV-1.raw,2.88E10,3,3,"",,A0A0U4RZC4|A0A0U4RZC4_ODODO:M1JB54|SCX7_ANDCR:P86408|SCXN1_MESEU:P15224|SCX1_ORTSC:A0A0K0LBU4|A0A0K0LBU4_9SCOR:A0A0B5GD34|A0A0B5GD34_MESEU:D8UWD3|SCXN7_MESEU:D5HR49|D5HR49_9SCOR:A0A143FHE4|A0A143FHE4_MESEU:Q86SE0|SCX2_ANDAM,DB Search
LPDKVPIKV,100.67,1007.6379,9,0.6,336.88678,3,36.3765,21921,Vasilevskiy_L_different_L076_RZ_20240206_AV-1.raw,1.68E6,1,1,"",,P86408|SCXN1_MESEU:D8UWD3|SCXN7_MESEU:D5HR49|D5HR49_9SCOR:A0A143FHE4|A0A143FHE4_MESEU:Q86SE0|SCX2_ANDAM,DB Search
LPDKVPIKVS,30.86,1094.6699,10,0.1,365.89728,3,31.1188,17777,Vasilevskiy_L_different_L076_RZ_20240206_AV-1.raw,,0,0,"",,P86408|SCXN1_MESEU:D8UWD3|SCXN7_MESEU:A0A143FHE4|A0A143FHE4_MESEU,DB Search
LPDKVPIKVSGK,96.53,1279.7864,12,0.5,427.60294,3,24.5697,12762,Vasilevskiy_L_different_L076_RZ_20240206_AV-1.raw,,0,0,"",,P86408|SCXN1_MESEU:D8UWD3|SCXN7_MESEU:A0A143FHE4|A0A143FHE4_MESEU,DB Search
LPDKVPIR,101.59,936.5756,8,1.2,469.29565,2,24.4517,12444,Vasilevskiy_L_different_L076_RZ_20240206_AV-1.raw,6.15E7,4,4,"",,P56569|MKTX1_MESMA:Q56TT9|SCIT_HOTJU:Q86BW9|MKTX2_MESMA:A0A0K0LBX2|A0A0K0LBX2_9SCOR:A0A7D5FUD4|A0A7D5FUD4_MESEU:P0DJH8|SCX1_BUTMA:F0V3W0|F0V3W0_HOTJU:Q49S27|Q49S27_MESMA:P0DQN9|DEL2A_HOTJU:Q9GNG8|SC15_MESMA:P0DMH9|SCX47_MESMA:Q9GUA7|SCA3_MESMA:Q9GYX2|SCA1_MESMA:D5HR55|D5HR55_HOTJU:B8XGY7|B8XGY7_BUTOS:B8XGY1|B8XGY1_BUTOS:P01483|SCX2_BUTOC:Q95P69|SCAA_MESMA:P84614|SCX28_HOTTS:A0A146CJC0|A0A146CJC0_MESEU:P86403|SCXN2_MESEU:Q4TUA4|SCA4_MESMA:P01489|SCX4_LEIQU:P59896|SCXI_BUTOM:G4V3T9|SCAA2_MESMA:A0A146CJ90|A0A146CJ90_MESEU:F1CJ53|F1CJ53_HOTJU:D8UWD8|SCXN9_MESEU:P83644|SCX4_LEIHE:P82815|SCBK_MESMA:P59853|MKTX3_MESMA,DB Search
LPDKVPIRVPGK,90.45,1317.8132,12,-0.5,440.27811,3,30.4212,17218,Vasilevskiy_L_different_L076_RZ_20240206_AV-1.raw,,0,0,"",,Q9GNG8|SC15_MESMA:Q9GUA7|SCA3_MESMA:Q95P69|SCAA_MESMA:A0A7D5FUD4|A0A7D5FUD4_MESEU:Q9GYX2|SCA1_MESMA:Q49S27|Q49S27_MESMA,DB Search
LPDNVPIR,96.15,922.5236,8,0.3,462.26923,2,30.7635,17505,Vasilevskiy_L_different_L076_RZ_20240206_AV-1.raw,,0,0,"",,A0A5P8U2M3|A0A5P8U2M3_MESEU:Q1EG64|Q1EG64_MESMA:D8UWD6|SCXNA_MESEU:Q6IZE0|Q6IZE0_MESMA:P01488|SCX1_BUTOC:P17728|SCXA_LEIHE:P59854|SCX7_MESMA:P59360|SCX2_MESMA:P86405|SCXN5_MESEU:A0A5P8U2Q8|A0A5P8U2Q8_MESEU:D8UWD5|SCXN8_MESEU:B8XGZ0|B8XGZ0_BUTOS:E7CZZ0|SCXNB_MESEU:P01487|SCX3_LEIQU:A0A5P8U2P7|A0A5P8U2P7_MESEU:P58488|SCM2_MESMA:E7CZZ1|SCXNC_MESEU:P45697|SCM1_MESMA:P86404|SCXN4_MESEU:P59354|SCX4_BUTOM:Q1EG63|Q1EG63_MESMA:Q1EG65|Q1EG65_MESMA:Q9NJC5|SC10_MESMA:P60257|SCXC_BUTOM:P09981|SCX9_MESEU:B8XGY6|B8XGY6_BUTOS:Q9GQW3|SC12_MESMA:P55902|SIX1_BUTOC:Q9GQV6|SC16_MESMA:G4WFQ2|SCXND_MESEU:E7D082|SCX5B_MESEU,DB Search
LPDNVPIRIPGK,66.74,1317.7769,12,1.0,440.26666,3,43.3877,27591,Vasilevskiy_L_different_L076_RZ_20240206_AV-1.raw,,0,0,"",,A0A5P8U2M3|A0A5P8U2M3_MESEU:D8UWD6|SCXNA_MESEU:P01488|SCX1_BUTOC:P86404|SCXN4_MESEU:P59354|SCX4_BUTOM:P86405|SCXN5_MESEU:A0A5P8U2Q8|A0A5P8U2Q8_MESEU:P60257|SCXC_BUTOM:D8UWD5|SCXN8_MESEU:B8XGZ0|B8XGZ0_BUTOS:E7CZZ0|SCXNB_MESEU:P09981|SCX9_MESEU:P55902|SIX1_BUTOC:G4WFQ2|SCXND_MESEU:E7D082|SCX5B_MESEU:A0A5P8U2P7|A0A5P8U2P7_MESEU,DB Search
LPDNVPIRVPGK,102.74,1303.7612,12,-0.2,435.59427,3,36.9206,22511,Vasilevskiy_L_different_L076_RZ_20240206_AV-1.raw,1.63E5,1,1,"",,Q1EG64|Q1EG64_MESMA:P45697|SCM1_MESMA:Q6IZE0|Q6IZE0_MESMA:B8XGY6|B8XGY6_BUTOS:P17728|SCXA_LEIHE:Q9GQW3|SC12_MESMA:P01487|SCX3_LEIQU:Q9GQV6|SC16_MESMA:Q1EG63|Q1EG63_MESMA:Q1EG65|Q1EG65_MESMA:P58488|SCM2_MESMA,DB Search
LPLQDVYK,98.60,974.5436,8,1.0,488.27957,2,38.7826,23886,Vasilevskiy_L_different_L076_RZ_20240206_AV-1.raw,,0,0,"",,A0A1W7RAM5|A0A1W7RAM5_9SCOR:A0MVV8|A0MVV8_9NEOP:Q9BNV5|Q9BNV5_CENSC:Q8MWI2|Q8MWI2_9NEOP:Q9BNU8|Q9BNU8_HETSP:Q9BNV0|Q9BNV0_HADAR:A0A2I9LNY0|A0A2I9LNY0_9SCOR:A0A1W7RAN3|A0A1W7RAN3_9SCOR,DB Search
LPSVPLYPS,109.37,971.5328,9,-0.1,486.77359,2,57.9269,39288,Vasilevskiy_L_different_L076_RZ_20240206_AV-1.raw,4.53E5,1,1,"",,A0A0K0LC33|A0A0K0LC33_9SCOR,DB Search
LQGNC(+57.02)NSGK,65.16,976.4396,9,0.5,489.22736,2,14.3893,4650,Vasilevskiy_L_different_L076_RZ_20240206_AV-1.raw,3.21E4,1,1,"Carbamidomethylation",,A0A088DB12|A0A088DB12_MESEU,DB Search
LQSFLSEEQK,96.52,1207.6084,10,0.1,604.81158,2,36.8940,22462,Vasilevskiy_L_different_L076_RZ_20240206_AV-1.raw,2.84E5,1,1,"",,A0A146CIZ3|A0A146CIZ3_MESEU,DB Search
LQTAVHK,100.75,795.4603,7,-1.0,398.73703,2,22.5659,11251,Vasilevskiy_L_different_L076_RZ_20240206_AV-1.raw,,0,0,"",,A0A5P8U361|A0A5P8U361_MESEU:B8XH40|KBX1_BUTOS:A0A143MI92|A0A143MI92_MESEU:A0A088D9S1|A0A088D9S1_MESEU:A0A088DB53|A0A088DB53_MESEU,DB Search
LQTVVHK,71.53,823.4916,7,-0.1,412.75302,2,24.0174,12217,Vasilevskiy_L_different_L076_RZ_20240206_AV-1.raw,1.84E6,1,1,"",,P69939|KBX1_ANDAU:A9XE59|KBX12_MESEU:A0A0K0LCI9|A0A0K0LCI9_9SCOR:A9XE60|KBX11_MESEU:A0A0K0LC06|A0A0K0LC06_9SCOR:A0A0K0LBZ4|A0A0K0LBZ4_9SCOR:A0A0K0LC02|A0A0K0LC02_9SCOR:E4VP14|E4VP14_MESEU:E4VP56|E4VP56_MESEU:A0A0U4H7F5|A0A0U4H7F5_ODODO:A0A2I9LP46|A0A2I9LP46_9SCOR,DB Search
LQVAESR,46.59,801.4344,7,-0.2,401.72443,2,18.4964,8000,Vasilevskiy_L_different_L076_RZ_20240206_AV-1.raw,,0,0,"",,E4VNZ8|E4VNZ8_MESEU:E4VNZ7|E4VNZ7_MESEU:R4H5K8|R4H5K8_MESEU:R4H5D2|R4H5D2_MESEU,DB Search
LRDMDTMK,94.41,1008.4732,8,0.2,337.16507,3,19.5257,8869,Vasilevskiy_L_different_L076_RZ_20240206_AV-1.raw,,0,0,"",,E4VP07|NDB46_MESEU:A0A146CJ26|A0A146CJ26_MESEU,DB Search
LSAADLK,64.09,716.4068,7,0.9,359.21100,2,24.3890,12564,Vasilevskiy_L_different_L076_RZ_20240206_AV-1.raw,5.54E5,1,1,"",,A0A0K0LBS0|A0A0K0LBS0_9SCOR:A0A1V1WC73|A0A1V1WC73_9SCOR:B8XH50|NDB4_BUTOS:A0A1V1WBL7|A0A1V1WBL7_9SCOR:Q6JQN2|NDB44_MESMA:A0A0U1S7U5|A0A0U1S7U5_LYCMC:E4VP07|NDB46_MESEU:A0A146CJ26|A0A146CJ26_MESEU:A0A0K0LCH4|A0A0K0LCH4_9SCOR:Q9GQW4|NDB4U_MESMA:A0A1V1WBK2|A0A1V1WBK2_9SCOR,DB Search
LSAGEGYFC(+57.02)K,96.26,1130.5066,10,0.2,566.26068,2,32.7422,19126,Vasilevskiy_L_different_L076_RZ_20240206_AV-1.raw,3.09E5,1,1,"Carbamidomethylation",,A0A088D9S6|A0A088D9S6_MESEU,DB Search
LSAIYGGTYMLDKPIDEIVLEDGK,114.00,2639.3403,24,-1.7,880.78589,3,67.1545,46951,Vasilevskiy_L_different_L076_RZ_20240206_AV-1.raw,,0,0,"",,A0A2I9LPI1|A0A2I9LPI1_9SCOR,DB Search
LSDAMC(+57.02)MPC(+57.02)FTTDHNMAK,105.02,2128.8508,18,0.9,710.62488,3,49.0173,31999,Vasilevskiy_L_different_L076_RZ_20240206_AV-1.raw,3.36E6,1,1,"Carbamidomethylation;Carbamidomethylation",,A0A0D4CZV2|A0A0D4CZV2_MESEU,DB Search
LSDLKDVDVQEMER,97.57,1675.8087,14,1.3,838.91272,2,39.3954,24494,Vasilevskiy_L_different_L076_RZ_20240206_AV-1.raw,8.34E5,2,2,"",,A0A1E1WVS7|A0A1E1WVS7_TITOB,DB Search
LSFDKQ(+0.98)GSIEK,43.20,1251.6346,11,0.0,418.21881,3,27.3293,14841,Vasilevskiy_L_different_L076_RZ_20240206_AV-1.raw,9.28E4,1,1,"Deamidation (NQ)","Q6:Deamidation (NQ):1000.00",A0A1W7R9D6|A0A1W7R9D6_9SCOR,DB Search
LSHPDTLIYPY,94.82,1317.6605,11,0.0,659.83752,2,53.2133,35692,Vasilevskiy_L_different_L076_RZ_20240206_AV-1.raw,3.5E7,1,1,"",,A0A7T9L322|A0A7T9L322_ANDCR,DB Search
LSHPDTLIYPYINY,88.48,1707.8508,14,0.9,854.93347,2,64.3090,44507,Vasilevskiy_L_different_L076_RZ_20240206_AV-1.raw,9.11E5,1,1,"",,A0A7T9L322|A0A7T9L322_ANDCR,DB Search
LSHPN(+0.98)TLIYPYIN(+0.98)YILPGTK,100.18,2318.2197,20,1.3,773.74823,3,65.2017,45330,Vasilevskiy_L_different_L076_RZ_20240206_AV-1.raw,,0,0,"Deamidation (NQ);Deamidation (NQ)","N5:Deamidation (NQ):1000.00;N13:Deamidation (NQ):1000.00",P86100|HYAL1_MESMA,DB Search
LSHPN(+0.98)TLIYPYINYILPGTK,102.58,2317.2358,20,0.0,580.31622,4,67.5734,47357,Vasilevskiy_L_different_L076_RZ_20240206_AV-1.raw,2.39E7,3,3,"Deamidation (NQ)","N5:Deamidation (NQ):47.82",P86100|HYAL1_MESMA,DB Search
LSN(+0.98)GLNR,80.95,773.4031,7,0.3,387.70895,2,18.5080,8007,Vasilevskiy_L_different_L076_RZ_20240206_AV-1.raw,5.26E5,1,1,"Deamidation (NQ)","N3:Deamidation (NQ):32.97",A0A1E1WVS7|A0A1E1WVS7_TITOB:A0A1W7RAD3|A0A1W7RAD3_9SCOR:A0A1W7RAE9|A0A1W7RAE9_9SCOR:A0A1E1WVN1|A0A1E1WVN1_TITOB:C6H101|C6H101_PANIM:A0A1E1WWC5|A0A1E1WWC5_TITOB,DB Search
LSNDLPK,91.40,785.4283,7,0.5,393.72162,2,21.0532,10040,Vasilevskiy_L_different_L076_RZ_20240206_AV-1.raw,4.21E5,1,1,"",,A0A1E1WVL6|A0A1E1WVL6_TITOB,DB Search
LSNGLNR,67.71,772.4191,7,1.2,387.21732,2,18.0261,7605,Vasilevskiy_L_different_L076_RZ_20240206_AV-1.raw,7.55E5,1,1,"",,A0A1E1WVS7|A0A1E1WVS7_TITOB:A0A1W7RAD3|A0A1W7RAD3_9SCOR:A0A1W7RAE9|A0A1W7RAE9_9SCOR:A0A1E1WVN1|A0A1E1WVN1_TITOB:C6H101|C6H101_PANIM:A0A1E1WWC5|A0A1E1WWC5_TITOB,DB Search
LSNGLPR,80.40,755.4290,7,0.0,378.72177,2,21.0807,10064,Vasilevskiy_L_different_L076_RZ_20240206_AV-1.raw,,0,0,"",,A0A1W7RAE8|A0A1W7RAE8_9SCOR,DB Search
LSNPVTF,100.41,776.4069,7,-0.1,777.41400,1,49.9165,32858,Vasilevskiy_L_different_L076_RZ_20240206_AV-1.raw,7.16E5,1,1,"",,E4VP21|E4VP21_MESEU:F1CIY2|F1CIY2_HOTJU,DB Search
LSNPVTFTPDVNR,105.02,1458.7467,13,0.6,487.25647,3,44.4787,28472,Vasilevskiy_L_different_L076_RZ_20240206_AV-1.raw,6.19E7,2,2,"",,E4VP21|E4VP21_MESEU,DB Search
LSPESILLR,67.51,1026.6073,9,0.9,514.31140,2,56.0019,37739,Vasilevskiy_L_different_L076_RZ_20240206_AV-1.raw,,0,0,"",,A0A1W7R9Y3|A0A1W7R9Y3_9SCOR:A0A2I9LPF2|A0A2I9LPF2_9SCOR,DB Search
LSQQQLIDC(+57.02)SWK,72.62,1504.7344,12,-1.1,753.37366,2,48.0968,31392,Vasilevskiy_L_different_L076_RZ_20240206_AV-1.raw,2.87E4,1,1,"Carbamidomethylation",,A0A1W7RAQ0|A0A1W7RAQ0_9SCOR,DB Search
LSTPVTFTSDVNR,103.80,1435.7307,13,-0.4,718.87231,2,45.3605,29085,Vasilevskiy_L_different_L076_RZ_20240206_AV-1.raw,7.18E5,2,2,"",,A0A0K0LBR9|A0A0K0LBR9_9SCOR,DB Search
LSVGLR,51.63,643.4017,6,0.5,322.70828,2,27.5574,14890,Vasilevskiy_L_different_L076_RZ_20240206_AV-1.raw,5.48E5,1,1,"",,A0A1E1WW95|A0A1E1WW95_TITOB,DB Search
LSWLWK,74.75,831.4643,6,1.2,416.73993,2,62.6399,43095,Vasilevskiy_L_different_L076_RZ_20240206_AV-1.raw,6.64E7,1,1,"",,P86100|HYAL1_MESMA:A0A1V1WBX2|A0A1V1WBX2_9SCOR:A0A1V1WBI1|A0A1V1WBI1_9SCOR:A0A1V1WBG3|A0A1V1WBG3_9SCOR:A0A1E1WWG5|A0A1E1WWG5_TITOB:A0A7T9L322|A0A7T9L322_ANDCR,DB Search
LTGMAFR,83.60,794.4109,7,0.8,398.21304,2,32.7168,19072,Vasilevskiy_L_different_L076_RZ_20240206_AV-1.raw,,0,0,"",,A0A8K1K274|A0A8K1K274_HEMLE:A0A1W7RAH3|A0A1W7RAH3_9SCOR:F1CJ51|F1CJ51_HOTJU,DB Search
LTSIINGLPYASR,93.04,1403.7772,13,0.6,702.89630,2,56.0562,37724,Vasilevskiy_L_different_L076_RZ_20240206_AV-1.raw,4.87E5,1,1,"",,A0A1E1WVL6|A0A1E1WVL6_TITOB,DB Search
LTSM(+15.99)SEYAC(+57.02)PVIEK,105.02,1642.7582,14,-4.3,822.38287,2,42.9479,27181,Vasilevskiy_L_different_L076_RZ_20240206_AV-1.raw,5.05E8,7,7,"Oxidation (M);Carbamidomethylation","M4:Oxidation (M):1000.00",A0A088DB26|A0A088DB26_MESEU:A0A0K0LC08|A0A0K0LC08_9SCOR:E4VP34|E4VP34_MESEU:P0CH57|NDB51_MESEU:A0A0K0LCJ0|A0A0K0LCJ0_9SCOR:Q9NJC6|KBX2_MESMA:A0A0K0LC09|A0A0K0LC09_9SCOR:A0A0K0LC11|A0A0K0LC11_9SCOR:A0A0U4GZ05|A0A0U4GZ05_ODODO:A0A088D9U2|A0A088D9U2_MESEU:B8XH36|B8XH36_BUTOS:A0A143MGJ8|A0A143MGJ8_MESEU:A0A0K0LC05|A0A0K0LC05_9SCOR:A0A088DAE8|A0A088DAE8_MESEU,DB Search
LTSMSEYAC(+57.02)PVIE,88.40,1498.6683,13,0.2,750.34161,2,55.1448,36974,Vasilevskiy_L_different_L076_RZ_20240206_AV-1.raw,6.57E5,1,1,"Carbamidomethylation",,A0A088DB26|A0A088DB26_MESEU:A0A0K0LC08|A0A0K0LC08_9SCOR:E4VP34|E4VP34_MESEU:P0CH57|NDB51_MESEU:A0A0K0LCJ0|A0A0K0LCJ0_9SCOR:Q9NJC6|KBX2_MESMA:A0A0K0LC09|A0A0K0LC09_9SCOR:A0A0K0LC11|A0A0K0LC11_9SCOR:A0A0U4GZ05|A0A0U4GZ05_ODODO:A0A088D9U2|A0A088D9U2_MESEU:B8XH36|B8XH36_BUTOS:A0A143MGJ8|A0A143MGJ8_MESEU:A0A0K0LC05|A0A0K0LC05_9SCOR:A0A088DAE8|A0A088DAE8_MESEU,DB Search
LTSMSEYAC(+57.02)PVIEK,105.02,1626.7633,14,0.9,814.38965,2,42.7018,27062,Vasilevskiy_L_different_L076_RZ_20240206_AV-1.raw,5.38E9,3,3,"Carbamidomethylation",,A0A088DB26|A0A088DB26_MESEU:A0A0K0LC08|A0A0K0LC08_9SCOR:E4VP34|E4VP34_MESEU:P0CH57|NDB51_MESEU:A0A0K0LCJ0|A0A0K0LCJ0_9SCOR:Q9NJC6|KBX2_MESMA:A0A0K0LC09|A0A0K0LC09_9SCOR:A0A0K0LC11|A0A0K0LC11_9SCOR:A0A0U4GZ05|A0A0U4GZ05_ODODO:A0A088D9U2|A0A088D9U2_MESEU:B8XH36|B8XH36_BUTOS:A0A143MGJ8|A0A143MGJ8_MESEU:A0A0K0LC05|A0A0K0LC05_9SCOR:A0A088DAE8|A0A088DAE8_MESEU,DB Search
LTSMSEYAC(+57.02)PVIEKWC(+57.02)EDHC(+57.02)EAK,96.11,2842.2070,23,-0.4,711.55878,4,56.8307,38422,Vasilevskiy_L_different_L076_RZ_20240206_AV-1.raw,,0,0,"Carbamidomethylation;Carbamidomethylation;Carbamidomethylation",,A0A088D9U2|A0A088D9U2_MESEU:A0A0K0LC08|A0A0K0LC08_9SCOR:A0A0K0LCJ0|A0A0K0LCJ0_9SCOR:B8XH36|B8XH36_BUTOS:A0A0K0LC09|A0A0K0LC09_9SCOR:A0A143MGJ8|A0A143MGJ8_MESEU:A0A0K0LC11|A0A0K0LC11_9SCOR,DB Search
LVDAVDC(+57.02)NVAQC(+57.02)DKDC(+57.02)K,105.02,2008.8652,17,0.9,670.62964,3,24.3852,12637,Vasilevskiy_L_different_L076_RZ_20240206_AV-1.raw,4.81E5,1,1,"Carbamidomethylation;Carbamidomethylation;Carbamidomethylation",,A0A088DB18|A0A088DB18_MESEU,DB Search
LVDC(+57.02)YLYGDSYIIGK,97.21,1777.8596,15,-4.1,889.93341,2,60.6416,41605,Vasilevskiy_L_different_L076_RZ_20240206_AV-1.raw,9.18E4,1,1,"Carbamidomethylation",,A0AA49XAB9|A0AA49XAB9_ANDCR,DB Search
LVEVFR,32.12,761.4435,6,0.6,381.72928,2,49.1498,32118,Vasilevskiy_L_different_L076_RZ_20240206_AV-1.raw,1.13E9,4,4,"",,A0AA49K9S1|A0AA49K9S1_9SCOR:A0A2I9LPF0|A0A2I9LPF0_9SCOR,DB Search
LVEVFRK,31.44,889.5385,7,-0.2,297.52005,3,35.7008,21536,Vasilevskiy_L_different_L076_RZ_20240206_AV-1.raw,6.43E6,1,1,"",,A0AA49K9S1|A0AA49K9S1_9SCOR:A0A2I9LPF0|A0A2I9LPF0_9SCOR,DB Search
LVLMTWC(+57.02)PEGSK,96.63,1419.6890,12,1.0,710.85248,2,59.1780,40224,Vasilevskiy_L_different_L076_RZ_20240206_AV-1.raw,4.29E5,1,1,"Carbamidomethylation",,A0A1W7RAR2|A0A1W7RAR2_9SCOR:A0A2I9LNV5|A0A2I9LNV5_9SCOR,DB Search
LVLVN(+0.98)C(+57.02)LQSFLSEEQK,97.98,1906.9709,16,1.1,636.66498,3,67.2469,47004,Vasilevskiy_L_different_L076_RZ_20240206_AV-1.raw,9.73E5,3,3,"Deamidation (NQ);Carbamidomethylation","N5:Deamidation (NQ):32.97",A0A146CIZ3|A0A146CIZ3_MESEU,DB Search
LVLVNC(+57.02)LQ,101.44,957.5317,8,0.7,479.77347,2,55.3396,37121,Vasilevskiy_L_different_L076_RZ_20240206_AV-1.raw,7.7E5,1,1,"Carbamidomethylation",,A0A146CIZ3|A0A146CIZ3_MESEU,DB Search
LVLVNC(+57.02)LQ(+0.98)SFLSEEQK,104.99,1906.9709,16,0.5,636.66461,3,69.0536,48568,Vasilevskiy_L_different_L076_RZ_20240206_AV-1.raw,2.8E5,1,1,"Carbamidomethylation;Deamidation (NQ)","C6:Deamidation (NQ):55.63",A0A146CIZ3|A0A146CIZ3_MESEU,DB Search
LVLVNC(+57.02)LQSFLSEEQK,105.02,1905.9869,16,1.6,954.00226,2,68.3929,48021,Vasilevskiy_L_different_L076_RZ_20240206_AV-1.raw,2.46E6,2,2,"Carbamidomethylation",,A0A146CIZ3|A0A146CIZ3_MESEU,DB Search
LVPSHGC(+57.02)C(+57.02)YVPWGGEEHR,103.70,2138.9414,18,0.7,535.74298,4,35.6743,21516,Vasilevskiy_L_different_L076_RZ_20240206_AV-1.raw,1.59E6,1,1,"Carbamidomethylation;Carbamidomethylation",,Q686V7|Q686V7_MESGB:Q686S9|Q686S9_MESGB:Q686U1|Q686U1_MESGB:Q686W0|Q686W0_MESGB:Q686T0|Q686T0_MESGB:Q686U6|Q686U6_MESGB:Q686R4|Q686R4_MESGB:Q686U5|Q686U5_MESGB:Q686W4|Q686W4_MESGB:Q686U9|Q686U9_MESGB:Q686V2|Q686V2_MESGB:Q686X3|Q686X3_MESEU,DB Search
LVQAFQYTDK,95.60,1211.6187,10,1.2,606.81732,2,36.1935,21886,Vasilevskiy_L_different_L076_RZ_20240206_AV-1.raw,8.12E5,1,1,"",,A0A1W7R9D4|A0A1W7R9D4_9SCOR,DB Search
LVSLSEQNLIDC(+57.02)STK,98.46,1705.8556,15,0.2,853.93530,2,50.0832,32850,Vasilevskiy_L_different_L076_RZ_20240206_AV-1.raw,7.39E5,1,1,"Carbamidomethylation",,U6JPA9|U6JPA9_TITSE,DB Search
LWHYETNK,100.93,1089.5243,8,1.4,545.77020,2,30.8700,17566,Vasilevskiy_L_different_L076_RZ_20240206_AV-1.raw,1.09E7,2,2,"",,R4H564|R4H564_MESEU:E4VP32|E4VP32_MESEU:P86406|SCXNF_MESEU:R4H5E1|R4H5E1_MESEU,DB Search
LYDPSLSAADLK,96.00,1291.6659,12,0.3,646.84045,2,46.0501,29558,Vasilevskiy_L_different_L076_RZ_20240206_AV-1.raw,1.52E6,1,1,"",,A0A0K0LBS0|A0A0K0LBS0_9SCOR:B8XH50|NDB4_BUTOS:Q6JQN2|NDB44_MESMA:A0A0U1S7U5|A0A0U1S7U5_LYCMC:E4VP07|NDB46_MESEU:A0A146CJ26|A0A146CJ26_MESEU:A0A0K0LCH4|A0A0K0LCH4_9SCOR:Q9GQW4|NDB4U_MESMA,DB Search
LYEQLSGN,83.28,922.4396,8,0.6,462.22736,2,29.3584,16304,Vasilevskiy_L_different_L076_RZ_20240206_AV-1.raw,1.56E5,1,1,"",,A0A2I9LNW8|A0A2I9LNW8_9SCOR,DB Search
LYSDFELQGIEEEKLNSK,88.94,2141.0527,18,0.8,714.69208,3,53.8840,36034,Vasilevskiy_L_different_L076_RZ_20240206_AV-1.raw,4.78E5,1,1,"",,C5J8B1|C5J8B1_OPICY,DB Search
LYSDSLAR,99.77,923.4713,8,0.9,462.74329,2,24.8548,12992,Vasilevskiy_L_different_L076_RZ_20240206_AV-1.raw,4.1E5,1,1,"",,A0A2I9LPI1|A0A2I9LPI1_9SCOR,DB Search
M(+15.99)AC(+57.02)WC(+57.02)DNIHD,91.93,1336.4635,10,0.1,669.23907,2,31.7494,18209,Vasilevskiy_L_different_L076_RZ_20240206_AV-1.raw,1.38E6,1,1,"Oxidation (M);Carbamidomethylation;Carbamidomethylation","M1:Oxidation (M):1000.00",A0A146CJ61|A0A146CJ61_MESEU,DB Search
M(+15.99)C(+57.02)M(+15.99)PC(+57.02)FTTDHNM(+15.99)AK,100.20,1790.6555,14,0.2,597.89258,3,20.0520,9309,Vasilevskiy_L_different_L076_RZ_20240206_AV-1.raw,,0,0,"Oxidation (M);Carbamidomethylation;Oxidation (M);Carbamidomethylation;Oxidation (M)","M1:Oxidation (M):1000.00;C2:Oxidation (M):1000.00;M3:Oxidation (M):1000.00",A0A0D4CZV2|A0A0D4CZV2_MESEU:F1DI80|CTXL2_MESEU:P60269|CTXI4_MESEU:A0A5P8U2Q5|A0A5P8U2Q5_MESEU:P86401|CTXL_MESEU,DB Search
M(+15.99)C(+57.02)M(+15.99)PC(+57.02)FTTDHNMAK,104.10,1774.6605,14,0.3,592.56097,3,23.3930,11889,Vasilevskiy_L_different_L076_RZ_20240206_AV-1.raw,,0,0,"Oxidation (M);Carbamidomethylation;Oxidation (M);Carbamidomethylation","M1:Oxidation (M):103.78;C2:Oxidation (M):106.84",A0A0D4CZV2|A0A0D4CZV2_MESEU:F1DI80|CTXL2_MESEU:P60269|CTXI4_MESEU:A0A5P8U2Q5|A0A5P8U2Q5_MESEU:P86401|CTXL_MESEU,DB Search
M(+15.99)C(+57.02)M(+15.99)PC(+57.02)FTTDPNM(+15.99)ARKC(+57.02)R,38.44,2222.8821,17,-7.7,741.96228,3,28.4061,15694,Vasilevskiy_L_different_L076_RZ_20240206_AV-1.raw,,0,0,"Oxidation (M);Carbamidomethylation;Oxidation (M);Carbamidomethylation;Oxidation (M); more","M1:Oxidation (M):1000.00;C2:Oxidation (M):1000.00;M3:Oxidation (M):1000.00",A0A146CJF8|A0A146CJF8_MESEU:A0A146CJD6|A0A146CJD6_MESEU,DB Search
M(+15.99)C(+57.02)M(+15.99)PC(+57.02)FTTRPDMAEQC(+57.02)R,28.46,2221.8506,17,7.9,741.63000,3,28.2862,15694,Vasilevskiy_L_different_L076_RZ_20240206_AV-1.raw,1.05E6,1,1,"Oxidation (M);Carbamidomethylation;Oxidation (M);Carbamidomethylation;Carbamidomethylation","M1:Oxidation (M):54.41;C2:Oxidation (M):34.08",A0A5P8U2N8|A0A5P8U2N8_MESEU,DB Search
M(+15.99)C(+57.02)M(+15.99)PC(+57.02)FTTRPDMAQQC(+57.02)R,112.33,2220.8665,17,-0.5,741.29578,3,28.2223,15548,Vasilevskiy_L_different_L076_RZ_20240206_AV-1.raw,,0,0,"Oxidation (M);Carbamidomethylation;Oxidation (M);Carbamidomethylation;Carbamidomethylation","M1:Oxidation (M):28.74;C2:Oxidation (M):12.96",E4VP45|E4VP45_MESEU:P15220|CTXI1_MESEU:A0A143MGK4|A0A143MGK4_MESEU:E4VP46|E4VP46_MESEU:R4H559|R4H559_MESEU:A0A146CIP8|A0A146CIP8_MESEU:R4H5A4|R4H5A4_MESEU:P86402|CTXL1_MESEU:A0A146CIP9|A0A146CIP9_MESEU,DB Search
M(+15.99)C(+57.02)MPC(+57.02)F,77.00,860.2689,6,0.5,431.14194,2,47.8624,31083,Vasilevskiy_L_different_L076_RZ_20240206_AV-1.raw,7.65E5,1,1,"Oxidation (M);Carbamidomethylation;Carbamidomethylation","M1:Oxidation (M):11.10",P15220|CTXI1_MESEU:P15222|CTX5A_MESEU:P60268|CTXI3_MESEU:F1DI80|CTXL2_MESEU:P45639|CTXL_LEIQU:A0A5P8U2N8|A0A5P8U2N8_MESEU:P60269|CTXI4_MESEU:P86402|CTXL1_MESEU:P60270|CTXI5_MESEU:A0A5P8U2Q5|A0A5P8U2Q5_MESEU,DB Search
M(+15.99)C(+57.02)MPC(+57.02)FTTDHN,94.81,1428.4930,11,0.8,715.25439,2,33.6750,19865,Vasilevskiy_L_different_L076_RZ_20240206_AV-1.raw,,0,0,"Oxidation (M);Carbamidomethylation;Carbamidomethylation","M1:Oxidation (M):32.28",F1DI80|CTXL2_MESEU:P60269|CTXI4_MESEU:A0A5P8U2Q5|A0A5P8U2Q5_MESEU,DB Search
M(+15.99)C(+57.02)MPC(+57.02)FTTDHN(+0.98)M(+15.99)AK,69.81,1775.6445,14,9.1,888.83765,2,26.9322,14495,Vasilevskiy_L_different_L076_RZ_20240206_AV-1.raw,,0,0,"Oxidation (M);Carbamidomethylation;Carbamidomethylation;Deamidation (NQ);Oxidation (M)","M1:Oxidation (M):20.41;C2:Oxidation (M):17.44",A0A0D4CZV2|A0A0D4CZV2_MESEU:F1DI80|CTXL2_MESEU:P60269|CTXI4_MESEU:A0A5P8U2Q5|A0A5P8U2Q5_MESEU:P86401|CTXL_MESEU,DB Search
M(+15.99)C(+57.02)MPC(+57.02)FTTDHN(+0.98)MAK,105.04,1759.6497,14,1.9,587.55829,3,35.5229,21394,Vasilevskiy_L_different_L076_RZ_20240206_AV-1.raw,1.74E6,3,3,"Oxidation (M);Carbamidomethylation;Carbamidomethylation;Deamidation (NQ)","M1:Oxidation (M):9.40",A0A0D4CZV2|A0A0D4CZV2_MESEU:F1DI80|CTXL2_MESEU:P60269|CTXI4_MESEU:A0A5P8U2Q5|A0A5P8U2Q5_MESEU:P86401|CTXL_MESEU,DB Search
M(+15.99)C(+57.02)MPC(+57.02)FTTDHNM(+15.99)AK,105.03,1774.6605,14,-2.6,888.33521,2,26.8633,14445,Vasilevskiy_L_different_L076_RZ_20240206_AV-1.raw,5.98E6,2,2,"Oxidation (M);Carbamidomethylation;Carbamidomethylation;Oxidation (M)","M1:Oxidation (M):14.63;C2:Oxidation (M):106.84",A0A0D4CZV2|A0A0D4CZV2_MESEU:F1DI80|CTXL2_MESEU:P60269|CTXI4_MESEU:A0A5P8U2Q5|A0A5P8U2Q5_MESEU:P86401|CTXL_MESEU,DB Search
M(+15.99)C(+57.02)MPC(+57.02)FTTDHNMA,100.17,1630.5707,13,4.4,816.29620,2,43.1857,27423,Vasilevskiy_L_different_L076_RZ_20240206_AV-1.raw,,0,0,"Oxidation (M);Carbamidomethylation;Carbamidomethylation","M1:Oxidation (M):32.28",F1DI80|CTXL2_MESEU:P60269|CTXI4_MESEU:A0A5P8U2Q5|A0A5P8U2Q5_MESEU,DB Search
M(+15.99)C(+57.02)MPC(+57.02)FTTDHNMAK,105.65,1758.6656,14,0.8,587.22961,3,31.6807,18811,Vasilevskiy_L_different_L076_RZ_20240206_AV-1.raw,4.84E8,5,5,"Oxidation (M);Carbamidomethylation;Carbamidomethylation","M1:Oxidation (M):7.32",A0A0D4CZV2|A0A0D4CZV2_MESEU:F1DI80|CTXL2_MESEU:P60269|CTXI4_MESEU:A0A5P8U2Q5|A0A5P8U2Q5_MESEU:P86401|CTXL_MESEU,DB Search
M(+15.99)C(+57.02)MPC(+57.02)FTTR,96.26,1218.4655,9,-2.0,610.23877,2,34.0699,20146,Vasilevskiy_L_different_L076_RZ_20240206_AV-1.raw,2.67E5,1,1,"Oxidation (M);Carbamidomethylation;Carbamidomethylation","M1:Oxidation (M):45.01",P15220|CTXI1_MESEU:A0A5P8U2N8|A0A5P8U2N8_MESEU:P86402|CTXL1_MESEU,DB Search
M(+15.99)C(+57.02)MPC(+57.02)FTTRPDM(+15.99)AEQC(+57.02)R,99.62,2221.8506,17,9.3,741.63098,3,30.8569,17584,Vasilevskiy_L_different_L076_RZ_20240206_AV-1.raw,,0,0,"Oxidation (M);Carbamidomethylation;Carbamidomethylation;Oxidation (M);Carbamidomethylation","M1:Oxidation (M):32.28;C2:Oxidation (M):45.63",A0A5P8U2N8|A0A5P8U2N8_MESEU,DB Search
M(+15.99)C(+57.02)MPC(+57.02)FTTRPDM(+15.99)AQQC(+57.02)R,101.80,2220.8665,17,0.9,741.29681,3,30.7052,17455,Vasilevskiy_L_different_L076_RZ_20240206_AV-1.raw,5.76E4,1,1,"Oxidation (M);Carbamidomethylation;Carbamidomethylation;Oxidation (M);Carbamidomethylation","M1:Oxidation (M):54.01;C2:Oxidation (M):77.76",E4VP45|E4VP45_MESEU:P15220|CTXI1_MESEU:A0A143MGK4|A0A143MGK4_MESEU:E4VP46|E4VP46_MESEU:R4H559|R4H559_MESEU:A0A146CIP8|A0A146CIP8_MESEU:R4H5A4|R4H5A4_MESEU:P86402|CTXL1_MESEU:A0A146CIP9|A0A146CIP9_MESEU,DB Search
M(+15.99)C(+57.02)MPC(+57.02)FTTRPDMAEQC(+57.02)R,91.08,2205.8557,17,1.6,736.29364,3,38.6290,23695,Vasilevskiy_L_different_L076_RZ_20240206_AV-1.raw,5.83E5,1,1,"Oxidation (M);Carbamidomethylation;Carbamidomethylation;Carbamidomethylation","M1:Oxidation (M):14.04",A0A5P8U2N8|A0A5P8U2N8_MESEU,DB Search
M(+15.99)C(+57.02)MPC(+57.02)FTTRPDMAQQC(+57.02)R,105.01,2204.8716,17,0.2,735.96466,3,37.3162,22874,Vasilevskiy_L_different_L076_RZ_20240206_AV-1.raw,2.13E8,4,4,"Oxidation (M);Carbamidomethylation;Carbamidomethylation;Carbamidomethylation","M1:Oxidation (M):54.01",E4VP45|E4VP45_MESEU:P15220|CTXI1_MESEU:A0A143MGK4|A0A143MGK4_MESEU:E4VP46|E4VP46_MESEU:R4H559|R4H559_MESEU:A0A146CIP8|A0A146CIP8_MESEU:R4H5A4|R4H5A4_MESEU:P86402|CTXL1_MESEU:A0A146CIP9|A0A146CIP9_MESEU,DB Search
M(+15.99)C(+57.02)RC(+57.02)FGIDNDNISFFAAMEK,86.46,2441.0273,20,-5.9,611.26050,4,68.4233,48035,Vasilevskiy_L_different_L076_RZ_20240206_AV-1.raw,,0,0,"Oxidation (M);Carbamidomethylation;Carbamidomethylation","M1:Oxidation (M):15.20",E4VP64|E4VP64_MESEU,DB Search
M(+15.99)FGRPN(+0.98)GK,64.03,922.4330,8,0.5,462.22403,2,17.4208,6895,Vasilevskiy_L_different_L076_RZ_20240206_AV-1.raw,2.41E7,4,4,"Oxidation (M);Deamidation (NQ)","M1:Oxidation (M):1000.00;N6:Deamidation (NQ):1000.00",C0HJQ8|KAX1G_MESEU:C0HJQ7|KAX1H_MESEU,DB Search
M(+15.99)ISPLQDMIAR,97.65,1289.6472,11,0.5,645.83118,2,54.9765,36837,Vasilevskiy_L_different_L076_RZ_20240206_AV-1.raw,3.54E5,1,1,"Oxidation (M)","M1:Oxidation (M):104.80",E4VP21|E4VP21_MESEU,DB Search
M(+15.99)LC(+57.02)GIDGK,101.45,908.4095,8,-2.0,455.21115,2,21.6458,10522,Vasilevskiy_L_different_L076_RZ_20240206_AV-1.raw,9.22E4,1,1,"Oxidation (M);Carbamidomethylation","M1:Oxidation (M):1000.00",A0A088DB34|A0A088DB34_MESEU:Q5F1N4|KS4_MESMA:A0A088D9T4|A0A088D9T4_MESEU,DB Search
M(+15.99)LDIILK,53.41,860.5041,7,-0.7,431.25903,2,46.8325,30376,Vasilevskiy_L_different_L076_RZ_20240206_AV-1.raw,7.57E4,1,1,"Oxidation (M)","M1:Oxidation (M):1000.00",A0A0K0LC52|A0A0K0LC52_9SCOR,DB Search
M(+15.99)PC(+57.02)FTTDHNMAK,43.45,1467.5945,12,0.0,490.20544,3,21.8518,10692,Vasilevskiy_L_different_L076_RZ_20240206_AV-1.raw,,0,0,"Oxidation (M);Carbamidomethylation","M1:Oxidation (M):41.26",A0A0D4CZV2|A0A0D4CZV2_MESEU:F1DI80|CTXL2_MESEU:P60269|CTXI4_MESEU:A0A5P8U2Q5|A0A5P8U2Q5_MESEU:P86401|CTXL_MESEU,DB Search
M(+15.99)SEYAC(+57.02)PVIEK,96.45,1341.5945,11,-0.5,671.80420,2,28.3302,15701,Vasilevskiy_L_different_L076_RZ_20240206_AV-1.raw,2.8E6,1,1,"Oxidation (M);Carbamidomethylation","M1:Oxidation (M):1000.00",A0A088DB26|A0A088DB26_MESEU:A0A0K0LC08|A0A0K0LC08_9SCOR:E4VP34|E4VP34_MESEU:P0CH57|NDB51_MESEU:A0A0K0LCJ0|A0A0K0LCJ0_9SCOR:Q9NJC6|KBX2_MESMA:A0A0K0LC09|A0A0K0LC09_9SCOR:A0A0K0LC11|A0A0K0LC11_9SCOR:A0A0U4GZ05|A0A0U4GZ05_ODODO:A0A088D9U2|A0A088D9U2_MESEU:B8XH36|B8XH36_BUTOS:A0A143MGJ8|A0A143MGJ8_MESEU:A0A0K0LC05|A0A0K0LC05_9SCOR:A0A088DAE8|A0A088DAE8_MESEU,DB Search
M(+15.99)TPVQIAK,31.98,902.4895,8,-1.4,452.25140,2,24.7287,12864,Vasilevskiy_L_different_L076_RZ_20240206_AV-1.raw,5.38E5,1,1,"Oxidation (M)","M1:Oxidation (M):1000.00",A0A1E1WWB8|A0A1E1WWB8_TITOB,DB Search
M(+42.01)(+15.99)C(+57.02)MPC(+57.02)FTTDHNMAK,85.11,1800.6761,14,0.8,601.23315,3,47.9946,31274,Vasilevskiy_L_different_L076_RZ_20240206_AV-1.raw,1.28E5,1,1,"Acetylation (Protein N-term);Oxidation (M);Carbamidomethylation;Carbamidomethylation","M1:Acetylation (Protein N-term):11.10",F1DI80|CTXL2_MESEU:P60269|CTXI4_MESEU:A0A5P8U2Q5|A0A5P8U2Q5_MESEU:P86401|CTXL_MESEU,DB Search
M(+42.01)(+15.99)C(+57.02)MPC(+57.02)FTTRPDMAQQC(+57.02)R,92.91,2246.8821,17,0.3,749.96826,3,51.1672,33760,Vasilevskiy_L_different_L076_RZ_20240206_AV-1.raw,4.25E4,1,1,"Acetylation (Protein N-term);Oxidation (M);Carbamidomethylation;Carbamidomethylation;Carbamidomethylation","M1:Acetylation (Protein N-term):54.01",P15220|CTXI1_MESEU:A0A143MGK4|A0A143MGK4_MESEU:R4H559|R4H559_MESEU:P86402|CTXL1_MESEU:A0A146CIP9|A0A146CIP9_MESEU,DB Search
M(+42.01)C(+57.02)MPC(+57.02)FTTRPDMAQQC(+57.02)R,24.82,2230.8872,17,-2.3,744.63464,3,39.2802,24300,Vasilevskiy_L_different_L076_RZ_20240206_AV-1.raw,,0,0,"Acetylation (Protein N-term);Carbamidomethylation;Carbamidomethylation;Carbamidomethylation","M1:Acetylation (Protein N-term):1000.00",P15220|CTXI1_MESEU:A0A143MGK4|A0A143MGK4_MESEU:R4H559|R4H559_MESEU:P86402|CTXL1_MESEU:A0A146CIP9|A0A146CIP9_MESEU,DB Search
MAC(+57.02)WC(+57.02)DNIHD,96.44,1320.4685,10,0.3,661.24176,2,36.8040,22364,Vasilevskiy_L_different_L076_RZ_20240206_AV-1.raw,2.53E7,1,1,"Carbamidomethylation;Carbamidomethylation",,A0A146CJ61|A0A146CJ61_MESEU,DB Search
MAVSFSK,74.75,768.3840,7,0.8,385.19958,2,27.4640,14747,Vasilevskiy_L_different_L076_RZ_20240206_AV-1.raw,1.52E6,1,1,"",,A0A1W7RAV1|A0A1W7RAV1_9SCOR,DB Search
MC(+57.02)M(+15.99)PC(+57.02)F,101.72,860.2689,6,0.0,431.14172,2,40.7693,25510,Vasilevskiy_L_different_L076_RZ_20240206_AV-1.raw,4.85E5,1,1,"Carbamidomethylation;Oxidation (M);Carbamidomethylation","C2:Oxidation (M):11.10",P15220|CTXI1_MESEU:P15222|CTX5A_MESEU:P60268|CTXI3_MESEU:F1DI80|CTXL2_MESEU:P45639|CTXL_LEIQU:A0A5P8U2N8|A0A5P8U2N8_MESEU:P60269|CTXI4_MESEU:P86402|CTXL1_MESEU:P60270|CTXI5_MESEU:A0A5P8U2Q5|A0A5P8U2Q5_MESEU,DB Search
MC(+57.02)M(+15.99)PC(+57.02)FTTDHN(+0.98)MAK,102.08,1759.6497,14,7.9,587.56177,3,31.2684,17887,Vasilevskiy_L_different_L076_RZ_20240206_AV-1.raw,,0,0,"Carbamidomethylation;Oxidation (M);Carbamidomethylation;Deamidation (NQ)","C2:Oxidation (M):0.00",A0A0D4CZV2|A0A0D4CZV2_MESEU:F1DI80|CTXL2_MESEU:P60269|CTXI4_MESEU:A0A5P8U2Q5|A0A5P8U2Q5_MESEU:P86401|CTXL_MESEU,DB Search
MC(+57.02)M(+15.99)PC(+57.02)FTTDHNM(+15.99)AK,104.18,1774.6605,14,-1.3,888.33643,2,23.9484,12245,Vasilevskiy_L_different_L076_RZ_20240206_AV-1.raw,4.94E6,1,1,"Carbamidomethylation;Oxidation (M);Carbamidomethylation;Oxidation (M)","C2:Oxidation (M):25.86;M3:Oxidation (M):97.39",A0A0D4CZV2|A0A0D4CZV2_MESEU:F1DI80|CTXL2_MESEU:P60269|CTXI4_MESEU:A0A5P8U2Q5|A0A5P8U2Q5_MESEU:P86401|CTXL_MESEU,DB Search
MC(+57.02)M(+15.99)PC(+57.02)FTTDHNMAK,105.04,1758.6656,14,0.2,587.22925,3,28.9747,15941,Vasilevskiy_L_different_L076_RZ_20240206_AV-1.raw,3.19E8,8,8,"Carbamidomethylation;Oxidation (M);Carbamidomethylation","C2:Oxidation (M):0.00",A0A0D4CZV2|A0A0D4CZV2_MESEU:F1DI80|CTXL2_MESEU:P60269|CTXI4_MESEU:A0A5P8U2Q5|A0A5P8U2Q5_MESEU:P86401|CTXL_MESEU,DB Search
MC(+57.02)M(+15.99)PC(+57.02)FTTDHQ(+0.98)TAR,23.87,1771.6786,14,0.1,886.84668,2,42.8540,27148,Vasilevskiy_L_different_L076_RZ_20240206_AV-1.raw,,0,0,"Carbamidomethylation;Oxidation (M);Carbamidomethylation;Deamidation (NQ)","C2:Oxidation (M):54.01",P60268|CTXI3_MESEU,DB Search
MC(+57.02)M(+15.99)PC(+57.02)FTTDHQTAR,28.94,1770.6946,14,-9.1,591.23346,3,44.0866,28105,Vasilevskiy_L_different_L076_RZ_20240206_AV-1.raw,3.84E5,1,1,"Carbamidomethylation;Oxidation (M);Carbamidomethylation","C2:Oxidation (M):32.28",P60268|CTXI3_MESEU,DB Search
MC(+57.02)M(+15.99)PC(+57.02)FTTRPDM(+15.99)AQQC(+57.02)R,84.70,2220.8665,17,2.3,741.29779,3,27.8324,15067,Vasilevskiy_L_different_L076_RZ_20240206_AV-1.raw,6.53E5,1,1,"Carbamidomethylation;Oxidation (M);Carbamidomethylation;Oxidation (M);Carbamidomethylation","C2:Oxidation (M):14.04;M3:Oxidation (M):16.94",E4VP45|E4VP45_MESEU:P15220|CTXI1_MESEU:A0A143MGK4|A0A143MGK4_MESEU:E4VP46|E4VP46_MESEU:R4H559|R4H559_MESEU:A0A146CIP8|A0A146CIP8_MESEU:R4H5A4|R4H5A4_MESEU:P86402|CTXL1_MESEU:A0A146CIP9|A0A146CIP9_MESEU,DB Search
MC(+57.02)M(+15.99)PC(+57.02)FTTRPDMAEQC(+57.02)R,100.66,2205.8557,17,5.5,736.29651,3,34.4831,20500,Vasilevskiy_L_different_L076_RZ_20240206_AV-1.raw,4.68E5,1,1,"Carbamidomethylation;Oxidation (M);Carbamidomethylation;Carbamidomethylation","C2:Oxidation (M):18.23",A0A5P8U2N8|A0A5P8U2N8_MESEU,DB Search
MC(+57.02)M(+15.99)PC(+57.02)FTTRPDMAQ,37.15,1760.6813,14,-4.7,587.89825,3,28.6033,15821,Vasilevskiy_L_different_L076_RZ_20240206_AV-1.raw,,0,0,"Carbamidomethylation;Oxidation (M);Carbamidomethylation","C2:Oxidation (M):0.00",P15220|CTXI1_MESEU:P86402|CTXL1_MESEU,DB Search
MC(+57.02)M(+15.99)PC(+57.02)FTTRPDMAQQC(+57.02)R,110.80,2204.8716,17,-2.3,735.96283,3,34.0198,20068,Vasilevskiy_L_different_L076_RZ_20240206_AV-1.raw,1.08E8,3,3,"Carbamidomethylation;Oxidation (M);Carbamidomethylation;Carbamidomethylation","C2:Oxidation (M):14.04",E4VP45|E4VP45_MESEU:P15220|CTXI1_MESEU:A0A143MGK4|A0A143MGK4_MESEU:E4VP46|E4VP46_MESEU:R4H559|R4H559_MESEU:A0A146CIP8|A0A146CIP8_MESEU:R4H5A4|R4H5A4_MESEU:P86402|CTXL1_MESEU:A0A146CIP9|A0A146CIP9_MESEU,DB Search
MC(+57.02)MPC(+57.02)F,105.32,844.2740,6,0.7,423.14459,2,60.1069,40980,Vasilevskiy_L_different_L076_RZ_20240206_AV-1.raw,2.49E7,2,2,"Carbamidomethylation;Carbamidomethylation",,P15220|CTXI1_MESEU:P15222|CTX5A_MESEU:P60268|CTXI3_MESEU:F1DI80|CTXL2_MESEU:P45639|CTXL_LEIQU:A0A5P8U2N8|A0A5P8U2N8_MESEU:P60269|CTXI4_MESEU:P86402|CTXL1_MESEU:P60270|CTXI5_MESEU:A0A5P8U2Q5|A0A5P8U2Q5_MESEU,DB Search
MC(+57.02)MPC(+57.02)FT,107.75,945.3217,7,0.2,473.66824,2,56.8117,38390,Vasilevskiy_L_different_L076_RZ_20240206_AV-1.raw,5.55E5,1,1,"Carbamidomethylation;Carbamidomethylation",,P15220|CTXI1_MESEU:P15222|CTX5A_MESEU:P60268|CTXI3_MESEU:F1DI80|CTXL2_MESEU:P45639|CTXL_LEIQU:A0A5P8U2N8|A0A5P8U2N8_MESEU:P60269|CTXI4_MESEU:P86402|CTXL1_MESEU:P60270|CTXI5_MESEU:A0A5P8U2Q5|A0A5P8U2Q5_MESEU,DB Search
MC(+57.02)MPC(+57.02)FTT,109.58,1046.3694,8,0.3,524.19214,2,56.6202,38160,Vasilevskiy_L_different_L076_RZ_20240206_AV-1.raw,1.85E6,1,1,"Carbamidomethylation;Carbamidomethylation",,P15220|CTXI1_MESEU:P15222|CTX5A_MESEU:P60268|CTXI3_MESEU:F1DI80|CTXL2_MESEU:P45639|CTXL_LEIQU:A0A5P8U2N8|A0A5P8U2N8_MESEU:P60269|CTXI4_MESEU:P86402|CTXL1_MESEU:P60270|CTXI5_MESEU:A0A5P8U2Q5|A0A5P8U2Q5_MESEU,DB Search
MC(+57.02)MPC(+57.02)FTTD,100.12,1161.3964,9,1.0,581.70599,2,55.8698,37621,Vasilevskiy_L_different_L076_RZ_20240206_AV-1.raw,3.18E5,1,1,"Carbamidomethylation;Carbamidomethylation",,P15222|CTX5A_MESEU:P60268|CTXI3_MESEU:F1DI80|CTXL2_MESEU:A0A146CJF8|A0A146CJF8_MESEU:P45639|CTXL_LEIQU:A0A146CJD6|A0A146CJD6_MESEU:P60269|CTXI4_MESEU:P60270|CTXI5_MESEU:A0A5P8U2Q5|A0A5P8U2Q5_MESEU,DB Search
MC(+57.02)MPC(+57.02)FTTDH,103.70,1298.4552,10,-0.5,650.23456,2,47.0619,30525,Vasilevskiy_L_different_L076_RZ_20240206_AV-1.raw,,0,0,"Carbamidomethylation;Carbamidomethylation",,P60268|CTXI3_MESEU:F1DI80|CTXL2_MESEU:P45639|CTXL_LEIQU:P60269|CTXI4_MESEU:A0A5P8U2Q5|A0A5P8U2Q5_MESEU,DB Search
MC(+57.02)MPC(+57.02)FTTDHN,94.17,1412.4982,11,1.2,707.25720,2,46.5542,30107,Vasilevskiy_L_different_L076_RZ_20240206_AV-1.raw,1.53E7,2,2,"Carbamidomethylation;Carbamidomethylation",,F1DI80|CTXL2_MESEU:P60269|CTXI4_MESEU:A0A5P8U2Q5|A0A5P8U2Q5_MESEU,DB Search
MC(+57.02)MPC(+57.02)FTTDHN(+0.98)M(+15.99)AK,102.32,1759.6497,14,2.4,587.55859,3,40.1549,24973,Vasilevskiy_L_different_L076_RZ_20240206_AV-1.raw,1.41E6,1,1,"Carbamidomethylation;Carbamidomethylation;Deamidation (NQ);Oxidation (M)","C2:Oxidation (M):32.47",A0A0D4CZV2|A0A0D4CZV2_MESEU:F1DI80|CTXL2_MESEU:P60269|CTXI4_MESEU:A0A5P8U2Q5|A0A5P8U2Q5_MESEU:P86401|CTXL_MESEU,DB Search
MC(+57.02)MPC(+57.02)FTTDHN(+0.98)MAK,112.48,1743.6548,14,2.8,582.22717,3,44.2910,28339,Vasilevskiy_L_different_L076_RZ_20240206_AV-1.raw,1.03E8,7,7,"Carbamidomethylation;Carbamidomethylation;Deamidation (NQ)","C2:Deamidation (NQ):1000.00",A0A0D4CZV2|A0A0D4CZV2_MESEU:F1DI80|CTXL2_MESEU:P60269|CTXI4_MESEU:A0A5P8U2Q5|A0A5P8U2Q5_MESEU:P86401|CTXL_MESEU,DB Search
MC(+57.02)MPC(+57.02)FTTDHN(+0.98)MAKK,91.70,1871.7498,15,-0.1,468.94467,4,39.1630,24131,Vasilevskiy_L_different_L076_RZ_20240206_AV-1.raw,3.26E5,1,1,"Carbamidomethylation;Carbamidomethylation;Deamidation (NQ)","C2:Deamidation (NQ):1000.00",A0A0D4CZV2|A0A0D4CZV2_MESEU:F1DI80|CTXL2_MESEU:P60269|CTXI4_MESEU:A0A5P8U2Q5|A0A5P8U2Q5_MESEU:P86401|CTXL_MESEU,DB Search
MC(+57.02)MPC(+57.02)FTTDHNM,107.08,1543.5387,12,1.8,772.77795,2,53.1000,35328,Vasilevskiy_L_different_L076_RZ_20240206_AV-1.raw,5.45E5,2,2,"Carbamidomethylation;Carbamidomethylation",,F1DI80|CTXL2_MESEU:P60269|CTXI4_MESEU:A0A5P8U2Q5|A0A5P8U2Q5_MESEU,DB Search
MC(+57.02)MPC(+57.02)FTTDHNM(+15.99)A,103.97,1630.5707,13,1.6,816.29388,2,45.4092,29139,Vasilevskiy_L_different_L076_RZ_20240206_AV-1.raw,2.91E5,1,1,"Carbamidomethylation;Carbamidomethylation;Oxidation (M)","C2:Oxidation (M):48.12",F1DI80|CTXL2_MESEU:P60269|CTXI4_MESEU:A0A5P8U2Q5|A0A5P8U2Q5_MESEU,DB Search
MC(+57.02)MPC(+57.02)FTTDHNM(+15.99)AK,110.91,1758.6656,14,0.7,587.22955,3,36.7437,22366,Vasilevskiy_L_different_L076_RZ_20240206_AV-1.raw,1.78E8,7,7,"Carbamidomethylation;Carbamidomethylation;Oxidation (M)","C2:Oxidation (M):22.83",A0A0D4CZV2|A0A0D4CZV2_MESEU:F1DI80|CTXL2_MESEU:P60269|CTXI4_MESEU:A0A5P8U2Q5|A0A5P8U2Q5_MESEU:P86401|CTXL_MESEU,DB Search
MC(+57.02)MPC(+57.02)FTTDHNMA,110.35,1614.5758,13,-0.2,539.19910,3,52.8684,35195,Vasilevskiy_L_different_L076_RZ_20240206_AV-1.raw,1.06E7,3,3,"Carbamidomethylation;Carbamidomethylation",,F1DI80|CTXL2_MESEU:P60269|CTXI4_MESEU:A0A5P8U2Q5|A0A5P8U2Q5_MESEU,DB Search
MC(+57.02)MPC(+57.02)FTTDHNMAK,111.07,1742.6708,14,0.0,581.89752,3,40.4420,25248,Vasilevskiy_L_different_L076_RZ_20240206_AV-1.raw,6.01E9,8,8,"Carbamidomethylation;Carbamidomethylation",,A0A0D4CZV2|A0A0D4CZV2_MESEU:F1DI80|CTXL2_MESEU:P60269|CTXI4_MESEU:A0A5P8U2Q5|A0A5P8U2Q5_MESEU:P86401|CTXL_MESEU,DB Search
MC(+57.02)MPC(+57.02)FTTDHNMAKK,69.01,1870.7656,15,0.3,468.69885,4,34.4722,20527,Vasilevskiy_L_different_L076_RZ_20240206_AV-1.raw,2.11E7,1,1,"Carbamidomethylation;Carbamidomethylation",,A0A0D4CZV2|A0A0D4CZV2_MESEU:F1DI80|CTXL2_MESEU:P60269|CTXI4_MESEU:A0A5P8U2Q5|A0A5P8U2Q5_MESEU:P86401|CTXL_MESEU,DB Search
MC(+57.02)MPC(+57.02)FTTDHQM(+15.99)AR,89.47,1800.6874,14,1.9,901.35272,2,40.9802,25704,Vasilevskiy_L_different_L076_RZ_20240206_AV-1.raw,,0,0,"Carbamidomethylation;Carbamidomethylation;Oxidation (M)","C2:Oxidation (M):12.36",P45639|CTXL_LEIQU,DB Search
MC(+57.02)MPC(+57.02)FTTDHQM(+15.99)ARK,67.56,1928.7823,15,-0.1,643.93469,3,34.1136,20225,Vasilevskiy_L_different_L076_RZ_20240206_AV-1.raw,,0,0,"Carbamidomethylation;Carbamidomethylation;Oxidation (M)","C2:Oxidation (M):18.61",P45639|CTXL_LEIQU,DB Search
MC(+57.02)MPC(+57.02)FTTDHQMA,88.77,1628.5914,13,-0.3,815.30273,2,51.7040,34232,Vasilevskiy_L_different_L076_RZ_20240206_AV-1.raw,,0,0,"Carbamidomethylation;Carbamidomethylation",,P45639|CTXL_LEIQU,DB Search
MC(+57.02)MPC(+57.02)FTTDHQMARKC(+57.02),34.37,2072.8181,16,-1.4,691.94568,3,49.6030,32423,Vasilevskiy_L_different_L076_RZ_20240206_AV-1.raw,9.82E5,1,1,"Carbamidomethylation;Carbamidomethylation;Carbamidomethylation",,P45639|CTXL_LEIQU,DB Search
MC(+57.02)MPC(+57.02)FTTR,104.77,1202.4705,9,0.7,602.24292,2,45.8751,29432,Vasilevskiy_L_different_L076_RZ_20240206_AV-1.raw,8.64E6,1,1,"Carbamidomethylation;Carbamidomethylation",,P15220|CTXI1_MESEU:A0A5P8U2N8|A0A5P8U2N8_MESEU:P86402|CTXL1_MESEU,DB Search
MC(+57.02)MPC(+57.02)FTTRP,96.53,1299.5232,10,-0.4,650.76862,2,49.9501,32654,Vasilevskiy_L_different_L076_RZ_20240206_AV-1.raw,1.03E6,1,1,"Carbamidomethylation;Carbamidomethylation",,P15220|CTXI1_MESEU:A0A5P8U2N8|A0A5P8U2N8_MESEU:P86402|CTXL1_MESEU,DB Search
MC(+57.02)MPC(+57.02)FTTRPDM(+15.99)AQQC(+57.02)R,109.87,2204.8716,17,-0.8,1103.44226,2,40.6381,25641,Vasilevskiy_L_different_L076_RZ_20240206_AV-1.raw,1.67E8,2,2,"Carbamidomethylation;Carbamidomethylation;Oxidation (M);Carbamidomethylation","C2:Oxidation (M):46.57",E4VP45|E4VP45_MESEU:P15220|CTXI1_MESEU:A0A143MGK4|A0A143MGK4_MESEU:E4VP46|E4VP46_MESEU:R4H559|R4H559_MESEU:A0A146CIP8|A0A146CIP8_MESEU:R4H5A4|R4H5A4_MESEU:P86402|CTXL1_MESEU:A0A146CIP9|A0A146CIP9_MESEU,DB Search
MC(+57.02)MPC(+57.02)FTTRPDMA,35.28,1616.6278,13,2.9,809.32349,2,54.9084,36978,Vasilevskiy_L_different_L076_RZ_20240206_AV-1.raw,1.52E5,1,1,"Carbamidomethylation;Carbamidomethylation",,P15220|CTXI1_MESEU:A0A5P8U2N8|A0A5P8U2N8_MESEU:P86402|CTXL1_MESEU,DB Search
MC(+57.02)MPC(+57.02)FTTRPDMAEQC(+57.02)R,99.46,2189.8608,17,2.7,730.96283,3,48.5279,31684,Vasilevskiy_L_different_L076_RZ_20240206_AV-1.raw,9.06E6,3,3,"Carbamidomethylation;Carbamidomethylation;Carbamidomethylation",,A0A5P8U2N8|A0A5P8U2N8_MESEU,DB Search
MC(+57.02)MPC(+57.02)FTTRPDMAQ,94.48,1744.6864,14,0.4,873.35077,2,52.7926,35055,Vasilevskiy_L_different_L076_RZ_20240206_AV-1.raw,3.42E5,1,1,"Carbamidomethylation;Carbamidomethylation",,P15220|CTXI1_MESEU:P86402|CTXL1_MESEU,DB Search
MC(+57.02)MPC(+57.02)FTTRPDMAQ(+0.98)QC(+57.02)R,102.40,2189.8608,17,0.2,1095.93787,2,47.2787,30677,Vasilevskiy_L_different_L076_RZ_20240206_AV-1.raw,7.5E5,1,1,"Carbamidomethylation;Carbamidomethylation;Deamidation (NQ);Carbamidomethylation","C2:Deamidation (NQ):12.28",E4VP45|E4VP45_MESEU:P15220|CTXI1_MESEU:A0A143MGK4|A0A143MGK4_MESEU:E4VP46|E4VP46_MESEU:R4H559|R4H559_MESEU:A0A146CIP8|A0A146CIP8_MESEU:R4H5A4|R4H5A4_MESEU:P86402|CTXL1_MESEU:A0A146CIP9|A0A146CIP9_MESEU,DB Search
MC(+57.02)MPC(+57.02)FTTRPDMAQ(+0.98)QC(+57.02)RDC(+57.02)C(+57.02)GGNGK,91.53,3038.1514,25,6.5,760.54999,4,40.9397,25689,Vasilevskiy_L_different_L076_RZ_20240206_AV-1.raw,8.5E4,1,1,"Carbamidomethylation;Carbamidomethylation;Deamidation (NQ);Carbamidomethylation;Carbamidomethylation; more","C2:Deamidation (NQ):0.00",E4VP45|E4VP45_MESEU:E4VP46|E4VP46_MESEU:R4H559|R4H559_MESEU:R4H5A4|R4H5A4_MESEU:P86402|CTXL1_MESEU,DB Search
MC(+57.02)MPC(+57.02)FTTRPDMAQQ,94.51,1872.7450,15,0.0,937.37976,2,51.8537,34226,Vasilevskiy_L_different_L076_RZ_20240206_AV-1.raw,2.65E6,1,1,"Carbamidomethylation;Carbamidomethylation",,P15220|CTXI1_MESEU:P86402|CTXL1_MESEU,DB Search
MC(+57.02)MPC(+57.02)FTTRPDMAQQC(+57.02)R,105.08,2188.8767,17,0.0,730.63281,3,43.1504,27395,Vasilevskiy_L_different_L076_RZ_20240206_AV-1.raw,3.5E9,3,3,"Carbamidomethylation;Carbamidomethylation;Carbamidomethylation",,E4VP45|E4VP45_MESEU:P15220|CTXI1_MESEU:A0A143MGK4|A0A143MGK4_MESEU:E4VP46|E4VP46_MESEU:R4H559|R4H559_MESEU:A0A146CIP8|A0A146CIP8_MESEU:R4H5A4|R4H5A4_MESEU:P86402|CTXL1_MESEU:A0A146CIP9|A0A146CIP9_MESEU,DB Search
MC(+57.02)MPC(+57.02)FTTRPN(+0.98)MAQ(+0.98)QC(+57.02)R,96.27,2189.8608,17,1.5,730.96191,3,47.2714,30964,Vasilevskiy_L_different_L076_RZ_20240206_AV-1.raw,9.99E6,1,1,"Carbamidomethylation;Carbamidomethylation;Deamidation (NQ);Deamidation (NQ);Carbamidomethylation","C2:Deamidation (NQ):19.86;C5:Deamidation (NQ):11.06",A0A023UH07|A0A023UH07_MESGB:A0A023UGK1|A0A023UGK1_MESGB,DB Search
MC(+57.02)MPC(+57.02)FTTRPN(+0.98)MAQQC(+57.02)R,97.03,2188.8767,17,0.4,1095.44604,2,43.2840,27503,Vasilevskiy_L_different_L076_RZ_20240206_AV-1.raw,1.46E8,4,4,"Carbamidomethylation;Carbamidomethylation;Deamidation (NQ);Carbamidomethylation","C2:Deamidation (NQ):22.45",A0A023UH07|A0A023UH07_MESGB:A0A023UGK1|A0A023UGK1_MESGB,DB Search
MC(+57.02)MPC(+57.02)FTTRPNMAQQC(+57.02)R,49.25,2187.8928,17,-9.8,730.29773,3,43.8887,28003,Vasilevskiy_L_different_L076_RZ_20240206_AV-1.raw,,0,0,"Carbamidomethylation;Carbamidomethylation;Carbamidomethylation",,A0A023UH07|A0A023UH07_MESGB:A0A023UGK1|A0A023UGK1_MESGB,DB Search
MC(+57.02)RC(+57.02)FGIDN(+0.98)DN(+0.98)ISFFAAMEK,40.02,2427.0002,20,-9.2,809.99994,3,67.0144,46818,Vasilevskiy_L_different_L076_RZ_20240206_AV-1.raw,2.75E6,1,1,"Carbamidomethylation;Carbamidomethylation;Deamidation (NQ);Deamidation (NQ)","C2:Deamidation (NQ):1000.00;C4:Deamidation (NQ):1000.00",E4VP64|E4VP64_MESEU,DB Search
MDAGPILK,81.80,843.4524,8,0.8,422.73380,2,34.2552,20188,Vasilevskiy_L_different_L076_RZ_20240206_AV-1.raw,5.4E6,1,1,"",,A0A1W7RA02|A0A1W7RA02_9SCOR,DB Search
MDATANELEHTK,96.55,1358.6136,12,3.5,680.31647,2,21.7360,10598,Vasilevskiy_L_different_L076_RZ_20240206_AV-1.raw,,0,0,"",,A0A1W7R9Z2|A0A1W7R9Z2_9SCOR:A0AA49K9S2|A0AA49K9S2_9SCOR:A0A2I9LPF6|A0A2I9LPF6_9SCOR:F1CJ13|F1CJ13_HOTJU:A0A2I9LPF0|A0A2I9LPF0_9SCOR,DB Search
MEIWEPK,99.88,931.4473,7,0.9,466.73135,2,43.5642,27737,Vasilevskiy_L_different_L076_RZ_20240206_AV-1.raw,,0,0,"",,E4VP06|E4VP06_MESEU:E4VP31|E4VP31_MESEU:A0A146CIV8|A0A146CIV8_MESEU,DB Search
MFGRPN,26.46,720.3377,6,0.6,361.17636,2,22.4124,11040,Vasilevskiy_L_different_L076_RZ_20240206_AV-1.raw,1.91E7,1,1,"",,C0HJQ8|KAX1G_MESEU:C0HJQ7|KAX1H_MESEU,DB Search
MFGRPN(+0.98)GK,93.86,906.4382,8,0.6,303.15350,3,19.5911,8925,Vasilevskiy_L_different_L076_RZ_20240206_AV-1.raw,5.54E8,5,5,"Deamidation (NQ)","N6:Deamidation (NQ):1000.00",C0HJQ8|KAX1G_MESEU:C0HJQ7|KAX1H_MESEU,DB Search
MFGRPNGK,98.76,905.4542,8,1.1,302.82565,3,18.5737,8040,Vasilevskiy_L_different_L076_RZ_20240206_AV-1.raw,1.21E7,2,2,"",,C0HJQ8|KAX1G_MESEU:C0HJQ7|KAX1H_MESEU,DB Search
MGLTDIK,55.47,776.4102,7,0.6,389.21262,2,32.5782,19023,Vasilevskiy_L_different_L076_RZ_20240206_AV-1.raw,1.74E5,1,1,"",,P80476|HCY6_ANDAU,DB Search
MHNLLFISK,96.67,1101.6005,9,0.7,368.20767,3,45.6735,29395,Vasilevskiy_L_different_L076_RZ_20240206_AV-1.raw,,0,0,"",,F1CJ13|F1CJ13_HOTJU,DB Search
MIPFHN(+0.98)FHEALDGYSPR,100.91,2030.9308,17,9.5,508.74481,4,51.6602,34051,Vasilevskiy_L_different_L076_RZ_20240206_AV-1.raw,8.81E5,1,1,"Deamidation (NQ)","N6:Deamidation (NQ):1000.00",A0A1E1WVL6|A0A1E1WVL6_TITOB,DB Search
MIPFHNFDEK,103.97,1276.5911,10,-0.3,426.53748,3,40.5742,25280,Vasilevskiy_L_different_L076_RZ_20240206_AV-1.raw,6.77E5,1,1,"",,A0A1E1WWC5|A0A1E1WWC5_TITOB,DB Search
MIPFHNFHEALDGYSPR,105.01,2029.9468,17,-2.7,677.65442,3,51.5872,34094,Vasilevskiy_L_different_L076_RZ_20240206_AV-1.raw,1.01E6,2,2,"",,A0A1E1WVL6|A0A1E1WVL6_TITOB,DB Search
MISPLQDMIAR,104.77,1273.6522,11,0.2,637.83350,2,61.2304,41884,Vasilevskiy_L_different_L076_RZ_20240206_AV-1.raw,1.3E7,1,1,"",,E4VP21|E4VP21_MESEU,DB Search
MKNLLYTC(+57.02)N(+0.98)YGPAGN(+0.98)WQ(+0.98)DGEAYK,31.50,2695.1570,23,-7.8,1348.57532,2,60.7083,41643,Vasilevskiy_L_different_L076_RZ_20240206_AV-1.raw,1.03E5,1,1,"Carbamidomethylation;Deamidation (NQ);Deamidation (NQ);Deamidation (NQ)","C8:Deamidation (NQ):22.09;N9:Deamidation (NQ):16.22;N15:Deamidation (NQ):14.97",T1E6Y3|T1E6Y3_9SCOR,DB Search
MLC(+57.02)GIDGK,102.85,892.4147,8,-0.6,447.21432,2,27.4509,14920,Vasilevskiy_L_different_L076_RZ_20240206_AV-1.raw,1.04E8,1,1,"Carbamidomethylation",,A0A088DB34|A0A088DB34_MESEU:Q5F1N4|KS4_MESMA:A0A088D9T4|A0A088D9T4_MESEU,DB Search
MLDIILK,59.73,844.5092,7,0.7,423.26215,2,55.5005,37213,Vasilevskiy_L_different_L076_RZ_20240206_AV-1.raw,3.34E6,1,1,"",,A0A0K0LC52|A0A0K0LC52_9SCOR,DB Search
MLFNTLDLR,74.53,1121.5903,9,0.4,561.80267,2,62.2142,42747,Vasilevskiy_L_different_L076_RZ_20240206_AV-1.raw,4.99E6,1,1,"",,E4VNZ8|E4VNZ8_MESEU:E4VNZ7|E4VNZ7_MESEU,DB Search
MLYSSSYDALKK,104.98,1404.6959,12,-2.4,469.23810,3,32.6443,18976,Vasilevskiy_L_different_L076_RZ_20240206_AV-1.raw,3.75E5,1,1,"",,A0A2I9LNV3|A0A2I9LNV3_9SCOR:A0A1W7RAR2|A0A1W7RAR2_9SCOR:A0A2I9LNV5|A0A2I9LNV5_9SCOR:A0A1W7RAQ3|A0A1W7RAQ3_9SCOR,DB Search
MMQLEWDNELAAIAQAHANQC(+57.02)K,104.61,2571.1667,22,-6.5,858.05731,3,65.3813,45482,Vasilevskiy_L_different_L076_RZ_20240206_AV-1.raw,,0,0,"Carbamidomethylation",,A0A1E1WVY9|A0A1E1WVY9_TITOB,DB Search
MN(+0.98)LAIFILSAAI,53.22,1276.7101,12,-0.3,639.36212,2,68.8280,48429,Vasilevskiy_L_different_L076_RZ_20240206_AV-1.raw,5.9E4,1,1,"Deamidation (NQ)","N2:Deamidation (NQ):1000.00",A0A1E1WVY9|A0A1E1WVY9_TITOB,DB Search
MPC(+57.02)FTTDHN(+0.98)MAK,104.67,1452.5836,12,-0.4,485.20160,3,32.4835,18887,Vasilevskiy_L_different_L076_RZ_20240206_AV-1.raw,5.67E4,1,1,"Carbamidomethylation;Deamidation (NQ)","C3:Deamidation (NQ):1000.00",A0A0D4CZV2|A0A0D4CZV2_MESEU:F1DI80|CTXL2_MESEU:P60269|CTXI4_MESEU:A0A5P8U2Q5|A0A5P8U2Q5_MESEU:P86401|CTXL_MESEU,DB Search
MPC(+57.02)FTTDHNM(+15.99)AK,104.19,1467.5945,12,3.2,490.20700,3,24.1017,12324,Vasilevskiy_L_different_L076_RZ_20240206_AV-1.raw,2.82E6,2,2,"Carbamidomethylation;Oxidation (M)","C3:Oxidation (M):75.99",A0A0D4CZV2|A0A0D4CZV2_MESEU:F1DI80|CTXL2_MESEU:P60269|CTXI4_MESEU:A0A5P8U2Q5|A0A5P8U2Q5_MESEU:P86401|CTXL_MESEU,DB Search
MPC(+57.02)FTTDHNMAK,103.91,1451.5996,12,-0.3,484.87366,3,28.5965,15826,Vasilevskiy_L_different_L076_RZ_20240206_AV-1.raw,4.72E7,4,4,"Carbamidomethylation",,A0A0D4CZV2|A0A0D4CZV2_MESEU:F1DI80|CTXL2_MESEU:P60269|CTXI4_MESEU:A0A5P8U2Q5|A0A5P8U2Q5_MESEU:P86401|CTXL_MESEU,DB Search
MPC(+57.02)FTTRPDMAEQC(+57.02)R,33.55,1898.7896,15,8.3,633.94238,3,34.4269,20480,Vasilevskiy_L_different_L076_RZ_20240206_AV-1.raw,,0,0,"Carbamidomethylation;Carbamidomethylation",,A0A5P8U2N8|A0A5P8U2N8_MESEU,DB Search
MPC(+57.02)FTTRPN(+0.98)MAQQC(+57.02)R,75.05,1897.8055,15,0.0,949.91010,2,34.6762,20553,Vasilevskiy_L_different_L076_RZ_20240206_AV-1.raw,3.21E7,2,2,"Carbamidomethylation;Deamidation (NQ);Carbamidomethylation","C3:Deamidation (NQ):91.37",A0A023UH07|A0A023UH07_MESGB:A0A023UGK1|A0A023UGK1_MESGB,DB Search
MQESHITK,100.93,972.4698,8,0.8,487.24258,2,15.7495,5770,Vasilevskiy_L_different_L076_RZ_20240206_AV-1.raw,2.07E5,1,1,"",,P86100|HYAL1_MESMA:A0A1E1WWG5|A0A1E1WWG5_TITOB:A0A7T9L322|A0A7T9L322_ANDCR,DB Search
MQIFVK,51.80,764.4255,6,0.1,383.22006,2,36.6540,22252,Vasilevskiy_L_different_L076_RZ_20240206_AV-1.raw,1.5E6,1,1,"",,H2CYP6|H2CYP6_PANCV:A0A1W7R9R2|A0A1W7R9R2_9SCOR:A0A2I9LPN2|A0A2I9LPN2_9SCOR:A0A2I9LPH5|A0A2I9LPH5_9SCOR:A0A5J6YGB0|A0A5J6YGB0_9SCOR:A0A2I9LPM5|A0A2I9LPM5_9SCOR:A0A3S8V4Q4|A0A3S8V4Q4_9SCOR:A0A1W7R9R4|A0A1W7R9R4_9SCOR,DB Search
MQLEWDN(+0.98)ELAAIAQAHANQC(+57.02)K,97.70,2441.1104,21,1.4,814.71185,3,64.3090,44618,Vasilevskiy_L_different_L076_RZ_20240206_AV-1.raw,1.1E5,1,1,"Deamidation (NQ);Carbamidomethylation","N7:Deamidation (NQ):67.12",A0A1E1WVY9|A0A1E1WVY9_TITOB,DB Search
MQVEAGC(+57.02)DR,93.23,1064.4379,9,0.5,533.22650,2,18.7450,8207,Vasilevskiy_L_different_L076_RZ_20240206_AV-1.raw,9.68E5,1,1,"Carbamidomethylation",,A0A088DB12|A0A088DB12_MESEU,DB Search
MQVEAGC(+57.02)DRK,88.29,1192.5328,10,0.0,398.51822,3,16.8911,6650,Vasilevskiy_L_different_L076_RZ_20240206_AV-1.raw,7.52E5,2,2,"Carbamidomethylation",,A0A088DB12|A0A088DB12_MESEU,DB Search
MSEYAC(+57.02)PVIEK,104.83,1325.5995,11,-0.9,442.87341,3,32.5101,18982,Vasilevskiy_L_different_L076_RZ_20240206_AV-1.raw,5.16E7,2,2,"Carbamidomethylation",,A0A088DB26|A0A088DB26_MESEU:A0A0K0LC08|A0A0K0LC08_9SCOR:E4VP34|E4VP34_MESEU:P0CH57|NDB51_MESEU:A0A0K0LCJ0|A0A0K0LCJ0_9SCOR:Q9NJC6|KBX2_MESMA:A0A0K0LC09|A0A0K0LC09_9SCOR:A0A0K0LC11|A0A0K0LC11_9SCOR:A0A0U4GZ05|A0A0U4GZ05_ODODO:A0A088D9U2|A0A088D9U2_MESEU:B8XH36|B8XH36_BUTOS:A0A143MGJ8|A0A143MGJ8_MESEU:A0A0K0LC05|A0A0K0LC05_9SCOR:A0A088DAE8|A0A088DAE8_MESEU,DB Search
MSFTDVR,92.13,854.3956,7,-0.7,428.20480,2,33.2454,19484,Vasilevskiy_L_different_L076_RZ_20240206_AV-1.raw,2.67E5,1,1,"",,C6H100|C6H100_PANIM,DB Search
MTLNDQR,94.07,876.4124,7,0.7,439.21378,2,19.6494,8975,Vasilevskiy_L_different_L076_RZ_20240206_AV-1.raw,,0,0,"",,C6H100|C6H100_PANIM,DB Search
MTPVQIAK,63.16,886.4946,8,-0.5,887.50140,1,31.4806,18089,Vasilevskiy_L_different_L076_RZ_20240206_AV-1.raw,8.27E5,1,1,"",,A0A1E1WWB8|A0A1E1WWB8_TITOB,DB Search
MVNHFVQEFK,104.81,1277.6227,10,0.8,426.88184,3,35.9432,21730,Vasilevskiy_L_different_L076_RZ_20240206_AV-1.raw,7.83E5,2,2,"",,A0A1W7RAC4|A0A1W7RAC4_9SCOR:A0A2I9LP41|A0A2I9LP41_9SCOR,DB Search
MVPFHNFK,104.31,1018.5059,8,1.7,510.26105,2,31.4960,18072,Vasilevskiy_L_different_L076_RZ_20240206_AV-1.raw,5.66E5,1,1,"",,A0A1W7RAE9|A0A1W7RAE9_9SCOR:A0A1E1WVN1|A0A1E1WVN1_TITOB,DB Search
N(+0.98)AC(+57.02)WC(+57.02)IDLPDNVPIR,66.47,1842.8392,15,8.1,922.43439,2,62.8978,43425,Vasilevskiy_L_different_L076_RZ_20240206_AV-1.raw,3.5E6,1,1,"Deamidation (NQ);Carbamidomethylation;Carbamidomethylation","N1:Deamidation (NQ):40.10",A0A5P8U2M3|A0A5P8U2M3_MESEU:A0A5P8U2P7|A0A5P8U2P7_MESEU:A0A5P8U2Q8|A0A5P8U2Q8_MESEU,DB Search
N(+0.98)AC(+57.02)WC(+57.02)IQ(+0.98)LPDNVPIRIPGK,63.51,2252.1082,19,-3.1,751.70770,3,65.6790,45724,Vasilevskiy_L_different_L076_RZ_20240206_AV-1.raw,,0,0,"Deamidation (NQ);Carbamidomethylation;Carbamidomethylation;Deamidation (NQ)","N1:Deamidation (NQ):13.37;C3:Deamidation (NQ):8.26",P09981|SCX9_MESEU,DB Search
N(+0.98)AYC(+57.02)DEEC(+57.02)K,94.37,1188.4064,9,0.3,595.21063,2,17.7590,7345,Vasilevskiy_L_different_L076_RZ_20240206_AV-1.raw,2.35E6,1,1,"Deamidation (NQ);Carbamidomethylation;Carbamidomethylation","N1:Deamidation (NQ):1000.00",A0F0C1|A0F0C1_MESMA:P01490|SCXA_MESEU:P86408|SCXN1_MESEU:A0A0B5GD34|A0A0B5GD34_MESEU:D8UWD3|SCXN7_MESEU:A0A143FHE4|A0A143FHE4_MESEU,DB Search
N(+0.98)C(+57.02)AYFC(+57.02)GR,96.48,1047.3903,8,0.7,524.70276,2,30.6327,17256,Vasilevskiy_L_different_L076_RZ_20240206_AV-1.raw,1.64E7,1,1,"Deamidation (NQ);Carbamidomethylation;Carbamidomethylation","N1:Deamidation (NQ):1000.00",G4V3T9|SCAA2_MESMA:Q9GNG8|SC15_MESMA:P86408|SCXN1_MESEU:Q9GUA7|SCA3_MESMA:Q95P69|SCAA_MESMA:A0A0B5GD34|A0A0B5GD34_MESEU:D8UWD3|SCXN7_MESEU:Q1EG63|Q1EG63_MESMA:P82815|SCBK_MESMA:Q4TUA4|SCA4_MESMA:A0A143FHE4|A0A143FHE4_MESEU:Q49S27|Q49S27_MESMA,DB Search
N(+0.98)C(+57.02)FWEC(+57.02)R,100.55,1071.3903,7,-0.7,536.70203,2,46.2588,29876,Vasilevskiy_L_different_L076_RZ_20240206_AV-1.raw,6.15E7,3,3,"Deamidation (NQ);Carbamidomethylation;Carbamidomethylation","N1:Deamidation (NQ):1000.00",A0A088DB12|A0A088DB12_MESEU,DB Search
N(+0.98)C(+57.02)PASDGYIM(+15.99)GDR,103.88,1471.5708,13,0.3,736.79285,2,25.1104,13337,Vasilevskiy_L_different_L076_RZ_20240206_AV-1.raw,4.37E7,1,1,"Deamidation (NQ);Carbamidomethylation;Oxidation (M)","N1:Deamidation (NQ):1000.00;C2:Oxidation (M):1000.00",A0A1E1WW02|A0A1E1WW02_TITOB,DB Search
N(+0.98)C(+57.02)PASDGYIMGDR,99.90,1455.5758,13,-0.4,1456.58252,1,34.2355,20292,Vasilevskiy_L_different_L076_RZ_20240206_AV-1.raw,4.1E6,1,1,"Deamidation (NQ);Carbamidomethylation","N1:Deamidation (NQ):1000.00",A0A1E1WW02|A0A1E1WW02_TITOB,DB Search
N(+0.98)C(+57.02)SSSDGYIM(+15.99)GDR,20.73,1477.5449,13,3.1,739.78204,2,34.2844,20331,Vasilevskiy_L_different_L076_RZ_20240206_AV-1.raw,7.28E5,1,1,"Deamidation (NQ);Carbamidomethylation;Oxidation (M)","N1:Deamidation (NQ):1000.00;C2:Oxidation (M):1000.00",A0A2I9LP83|A0A2I9LP83_9SCOR,DB Search
N(+0.98)C(+57.02)VYEC(+57.02)YNPK,96.47,1346.5271,10,-1.0,674.27014,2,30.3636,17171,Vasilevskiy_L_different_L076_RZ_20240206_AV-1.raw,,0,0,"Deamidation (NQ);Carbamidomethylation;Carbamidomethylation","N1:Deamidation (NQ):53.63",A0A5P8U2M3|A0A5P8U2M3_MESEU:P09981|SCX9_MESEU:A0A7D5FUD4|A0A7D5FUD4_MESEU:A0A5P8U2P7|A0A5P8U2P7_MESEU:A0A5P8U2Q8|A0A5P8U2Q8_MESEU,DB Search
N(+0.98)C(+57.02)VYTC(+57.02)ALN(+0.98)PYC(+57.02)DSEC(+57.02)K,105.02,2154.8003,17,9.3,719.28070,3,49.1834,32144,Vasilevskiy_L_different_L076_RZ_20240206_AV-1.raw,,0,0,"Deamidation (NQ);Carbamidomethylation;Carbamidomethylation;Deamidation (NQ);Carbamidomethylation; more","N1:Deamidation (NQ):1000.00;C2:Deamidation (NQ):1000.00",D8UWD8|SCXN9_MESEU:P09982|SCXE_MESEU:P86403|SCXN2_MESEU,DB Search
N(+0.98)C(+57.02)VYTC(+57.02)ALN(+0.98)PYC(+57.02)DSEC(+57.02)KK,94.88,2282.8953,18,5.9,1142.46167,2,40.0673,24957,Vasilevskiy_L_different_L076_RZ_20240206_AV-1.raw,,0,0,"Deamidation (NQ);Carbamidomethylation;Carbamidomethylation;Deamidation (NQ);Carbamidomethylation; more","N1:Deamidation (NQ):1000.00;C2:Deamidation (NQ):1000.00",D8UWD8|SCXN9_MESEU:P09982|SCXE_MESEU:P86403|SCXN2_MESEU,DB Search
N(+0.98)C(+57.02)VYTC(+57.02)ALN(+0.98)PYC(+57.02)N(+0.98)SEC(+57.02)K,99.39,2154.8003,17,9.6,1078.41772,2,49.5819,32471,Vasilevskiy_L_different_L076_RZ_20240206_AV-1.raw,5.41E4,1,1,"Deamidation (NQ);Carbamidomethylation;Carbamidomethylation;Deamidation (NQ);Carbamidomethylation; more","N1:Deamidation (NQ):1000.00;C2:Deamidation (NQ):1000.00;C6:Deamidation (NQ):1000.00",A0A146CJ08|A0A146CJ08_MESEU,DB Search
N(+0.98)C(+57.02)VYTC(+57.02)ALNPY,95.59,1374.5585,11,0.5,688.28680,2,56.6236,38214,Vasilevskiy_L_different_L076_RZ_20240206_AV-1.raw,1.13E6,2,2,"Deamidation (NQ);Carbamidomethylation;Carbamidomethylation","N1:Deamidation (NQ):78.75",D8UWD8|SCXN9_MESEU:P09982|SCXE_MESEU:A0A146CJ08|A0A146CJ08_MESEU:P86403|SCXN2_MESEU,DB Search
N(+0.98)C(+57.02)VYTC(+57.02)ALNPYC(+57.02)DSEC(+57.02)K,105.02,2153.8162,17,0.0,718.94604,3,49.2794,32168,Vasilevskiy_L_different_L076_RZ_20240206_AV-1.raw,2.83E7,6,6,"Deamidation (NQ);Carbamidomethylation;Carbamidomethylation;Carbamidomethylation;Carbamidomethylation","N1:Deamidation (NQ):32.01",D8UWD8|SCXN9_MESEU:P09982|SCXE_MESEU:P86403|SCXN2_MESEU,DB Search
N(+0.98)C(+57.02)VYTC(+57.02)ALNPYC(+57.02)DSEC(+57.02)KK,105.02,2281.9111,18,1.5,761.64551,3,38.8307,24729,Vasilevskiy_L_different_L076_RZ_20240206_AV-1.raw,3.95E8,6,6,"Deamidation (NQ);Carbamidomethylation;Carbamidomethylation;Carbamidomethylation;Carbamidomethylation","N1:Deamidation (NQ):113.22",D8UWD8|SCXN9_MESEU:P09982|SCXE_MESEU:P86403|SCXN2_MESEU,DB Search
N(+0.98)C(+57.02)VYTC(+57.02)ALNPYC(+57.02)N(+0.98)SEC(+57.02)K,96.47,2153.8162,17,-0.1,1077.91528,2,49.2794,32137,Vasilevskiy_L_different_L076_RZ_20240206_AV-1.raw,1.45E7,1,1,"Deamidation (NQ);Carbamidomethylation;Carbamidomethylation;Carbamidomethylation;Deamidation (NQ); more","N1:Deamidation (NQ):116.92;C2:Deamidation (NQ):87.62",A0A146CJ08|A0A146CJ08_MESEU,DB Search
N(+0.98)C(+57.02)VYTC(+57.02)ALNPYC(+57.02)N(+0.98)SEC(+57.02)KK,104.84,2281.9111,18,-0.5,1141.96228,2,42.8064,26970,Vasilevskiy_L_different_L076_RZ_20240206_AV-1.raw,1.1E8,6,6,"Deamidation (NQ);Carbamidomethylation;Carbamidomethylation;Carbamidomethylation;Deamidation (NQ); more","N1:Deamidation (NQ):142.27;C2:Deamidation (NQ):69.71",A0A146CJ08|A0A146CJ08_MESEU,DB Search
N(+0.98)C(+57.02)VYTC(+57.02)AR,90.16,1043.4165,8,-0.7,522.71515,2,21.6000,10485,Vasilevskiy_L_different_L076_RZ_20240206_AV-1.raw,,0,0,"Deamidation (NQ);Carbamidomethylation;Carbamidomethylation","N1:Deamidation (NQ):1000.00",A0A0K0LBX2|A0A0K0LBX2_9SCOR,DB Search
N(+0.98)DIMLIK,37.32,846.4521,7,-3.5,424.23181,2,52.4998,34505,Vasilevskiy_L_different_L076_RZ_20240206_AV-1.raw,1.48E8,1,1,"Deamidation (NQ)","N1:Deamidation (NQ):1000.00",P00760|TRY1_BOVIN,DB Search
N(+0.98)DIQEANDKLSWLWK,105.00,1859.9054,15,0.9,930.96075,2,66.7484,46620,Vasilevskiy_L_different_L076_RZ_20240206_AV-1.raw,4.71E5,2,2,"Deamidation (NQ)","N1:Deamidation (NQ):49.37",P86100|HYAL1_MESMA,DB Search
N(+0.98)ESC(+57.02)N(+0.98)GEC(+57.02)KRRGGYYGYC(+57.02)YFWK,85.46,2855.1526,22,-5.3,714.79163,4,63.1674,43638,Vasilevskiy_L_different_L076_RZ_20240206_AV-1.raw,,0,0,"Deamidation (NQ);Carbamidomethylation;Deamidation (NQ);Carbamidomethylation;Carbamidomethylation","N1:Deamidation (NQ):1000.00;C4:Deamidation (NQ):1000.00",A0A0K0LBV3|A0A0K0LBV3_9SCOR:E4VP32|E4VP32_MESEU:A0A146CIX0|A0A146CIX0_MESEU:R4H5E1|R4H5E1_MESEU,DB Search
N(+0.98)FDEIDNVGF,96.75,1169.4877,10,0.6,585.75146,2,66.4857,46409,Vasilevskiy_L_different_L076_RZ_20240206_AV-1.raw,3.42E5,2,2,"Deamidation (NQ)","N1:Deamidation (NQ):9.27",E4VP42|E4VP42_MESEU:E4VP55|E4VP55_MESEU:A0A146CJA5|A0A146CJA5_MESEU:F8THJ9|F8THJ9_HOTJU:A0A0U1TZ84|A0A0U1TZ84_ISOMC:A0A2I9LPZ6|A0A2I9LPZ6_9SCOR,DB Search
N(+0.98)FDEIDNVGFNDFGPASR,107.90,2013.8704,18,9.1,1007.95160,2,62.4013,43003,Vasilevskiy_L_different_L076_RZ_20240206_AV-1.raw,6E5,4,4,"Deamidation (NQ)","N1:Deamidation (NQ):0.00",E4VP42|E4VP42_MESEU:E4VP55|E4VP55_MESEU:A0A146CJA5|A0A146CJA5_MESEU:F8THJ9|F8THJ9_HOTJU,DB Search
N(+0.98)FDEIDNVGFNDFGPASRPGS,112.63,2254.9766,21,6.8,752.67126,3,64.4754,44731,Vasilevskiy_L_different_L076_RZ_20240206_AV-1.raw,1.23E6,2,2,"Deamidation (NQ)","N1:Deamidation (NQ):17.21",E4VP42|E4VP42_MESEU:E4VP55|E4VP55_MESEU:A0A146CJA5|A0A146CJA5_MESEU:F8THJ9|F8THJ9_HOTJU,DB Search
N(+0.98)GADGSYC(+57.02)Q(+0.98)WLGR,95.97,1484.5990,13,0.7,743.30731,2,54.1195,36118,Vasilevskiy_L_different_L076_RZ_20240206_AV-1.raw,1.52E6,2,2,"Deamidation (NQ);Carbamidomethylation;Deamidation (NQ)","N1:Deamidation (NQ):1000.00;C8:Deamidation (NQ):1000.00",P09982|SCXE_MESEU,DB Search
N(+0.98)GADGSYC(+57.02)QW,108.27,1157.4083,10,-0.1,579.71143,2,43.7563,27895,Vasilevskiy_L_different_L076_RZ_20240206_AV-1.raw,,0,0,"Deamidation (NQ);Carbamidomethylation","N1:Deamidation (NQ):30.66",P09982|SCXE_MESEU,DB Search
N(+0.98)GADGSYC(+57.02)QWL,96.32,1270.4924,11,0.5,636.25378,2,65.9803,45939,Vasilevskiy_L_different_L076_RZ_20240206_AV-1.raw,6.41E5,2,2,"Deamidation (NQ);Carbamidomethylation","N1:Deamidation (NQ):29.57",P09982|SCXE_MESEU,DB Search
N(+0.98)GADGSYC(+57.02)QWLG,93.69,1327.5139,12,0.7,664.76471,2,58.5201,39800,Vasilevskiy_L_different_L076_RZ_20240206_AV-1.raw,5.93E5,2,2,"Deamidation (NQ);Carbamidomethylation","N1:Deamidation (NQ):19.48",P09982|SCXE_MESEU,DB Search
N(+0.98)GADGSYC(+57.02)QWLGR,96.52,1483.6150,13,0.6,495.54593,3,52.5878,34899,Vasilevskiy_L_different_L076_RZ_20240206_AV-1.raw,5.8E8,5,5,"Deamidation (NQ);Carbamidomethylation","N1:Deamidation (NQ):70.68",P09982|SCXE_MESEU,DB Search
N(+0.98)GADSGYC(+57.02)Q(+0.98)WFGR,96.81,1518.5834,13,0.1,760.29901,2,58.2678,39524,Vasilevskiy_L_different_L076_RZ_20240206_AV-1.raw,4.12E5,2,2,"Deamidation (NQ);Carbamidomethylation;Deamidation (NQ)","N1:Deamidation (NQ):1000.00;C8:Deamidation (NQ):1000.00",D8UWD8|SCXN9_MESEU:A0A146CJ08|A0A146CJ08_MESEU:P86403|SCXN2_MESEU,DB Search
N(+0.98)GADSGYC(+57.02)QW,97.44,1157.4083,10,-0.2,579.71136,2,46.9737,30452,Vasilevskiy_L_different_L076_RZ_20240206_AV-1.raw,,0,0,"Deamidation (NQ);Carbamidomethylation","N1:Deamidation (NQ):40.94",D8UWD8|SCXN9_MESEU:A0A146CJ08|A0A146CJ08_MESEU:P86403|SCXN2_MESEU,DB Search
N(+0.98)GADSGYC(+57.02)QWF,94.40,1304.4768,11,1.5,653.24664,2,67.9965,47657,Vasilevskiy_L_different_L076_RZ_20240206_AV-1.raw,1.11E6,1,1,"Deamidation (NQ);Carbamidomethylation","N1:Deamidation (NQ):40.94",D8UWD8|SCXN9_MESEU:A0A146CJ08|A0A146CJ08_MESEU:P86403|SCXN2_MESEU,DB Search
N(+0.98)GADSGYC(+57.02)QWFGR,102.99,1517.5994,13,-1.7,759.80566,2,59.2350,40400,Vasilevskiy_L_different_L076_RZ_20240206_AV-1.raw,6.78E8,6,6,"Deamidation (NQ);Carbamidomethylation","N1:Deamidation (NQ):46.25",D8UWD8|SCXN9_MESEU:A0A146CJ08|A0A146CJ08_MESEU:P86403|SCXN2_MESEU,DB Search
N(+0.98)GAESGYC(+57.02)QILGK,96.33,1396.6293,13,0.0,699.32190,2,40.4742,25274,Vasilevskiy_L_different_L076_RZ_20240206_AV-1.raw,2.46E6,2,2,"Deamidation (NQ);Carbamidomethylation","N1:Deamidation (NQ):131.34",P09981|SCX9_MESEU,DB Search
N(+0.98)GEPIDYTGGR,104.40,1178.5204,11,0.1,590.26752,2,27.5786,15001,Vasilevskiy_L_different_L076_RZ_20240206_AV-1.raw,5.65E5,1,1,"Deamidation (NQ)","N1:Deamidation (NQ):1000.00",A0AA49K9S2|A0AA49K9S2_9SCOR,DB Search
N(+0.98)GEYPWM(+15.99)VVIDLPDTAC(+57.02)GGVLISK,62.29,2650.2659,24,-8.9,884.42139,3,68.7881,48356,Vasilevskiy_L_different_L076_RZ_20240206_AV-1.raw,,0,0,"Deamidation (NQ);Oxidation (M);Carbamidomethylation","N1:Deamidation (NQ):1000.00;M7:Oxidation (M):1000.00",E4VP22|E4VP22_MESEU:E4VP49|E4VP49_MESEU,DB Search
N(+0.98)GEYPWMVF,107.22,1142.4742,9,0.7,572.24481,2,70.4816,49787,Vasilevskiy_L_different_L076_RZ_20240206_AV-1.raw,2.52E5,1,1,"Deamidation (NQ)","N1:Deamidation (NQ):1000.00",E4VP53|E4VP53_MESEU,DB Search
N(+0.98)GEYPWMVFIDLGDFSC(+57.02)GGALISK,105.02,2676.2239,24,-0.6,893.08136,3,69.9824,49399,Vasilevskiy_L_different_L076_RZ_20240206_AV-1.raw,6.47E5,2,2,"Deamidation (NQ);Carbamidomethylation","N1:Deamidation (NQ):1000.00",E4VP53|E4VP53_MESEU,DB Search
N(+0.98)GGMLQVSDLANHLK,100.89,1596.7930,15,4.3,799.40723,2,61.1759,42033,Vasilevskiy_L_different_L076_RZ_20240206_AV-1.raw,1.5E5,1,1,"Deamidation (NQ)","N1:Deamidation (NQ):27.25",F1CIW6|F1CIW6_HOTJU:P86100|HYAL1_MESMA,DB Search
N(+0.98)GIC(+57.02)AYLIGR,100.62,1136.5648,10,0.3,569.28986,2,59.2772,40350,Vasilevskiy_L_different_L076_RZ_20240206_AV-1.raw,7.51E5,1,1,"Deamidation (NQ);Carbamidomethylation","N1:Deamidation (NQ):1000.00",F8THJ4|F8THJ4_HOTJU,DB Search
N(+0.98)GYN(+0.98)GNWVNDIAILK,100.21,1691.8154,15,1.3,846.91608,2,68.4604,48107,Vasilevskiy_L_different_L076_RZ_20240206_AV-1.raw,2.24E5,1,1,"Deamidation (NQ);Deamidation (NQ)","N1:Deamidation (NQ):76.42;N4:Deamidation (NQ):46.20",E4VP22|E4VP22_MESEU:E4VP49|E4VP49_MESEU,DB Search
N(+0.98)GYNGNWVNDIAILK,94.51,1690.8314,15,0.6,846.42352,2,68.0949,47762,Vasilevskiy_L_different_L076_RZ_20240206_AV-1.raw,1.56E6,1,1,"Deamidation (NQ)","N1:Deamidation (NQ):14.67",E4VP22|E4VP22_MESEU:E4VP49|E4VP49_MESEU,DB Search
N(+0.98)IHVEGIIC(+57.02)NLR,66.16,1437.7399,12,0.0,480.25388,3,54.9411,36932,Vasilevskiy_L_different_L076_RZ_20240206_AV-1.raw,3.46E4,1,1,"Deamidation (NQ);Carbamidomethylation","N1:Deamidation (NQ):61.14",A0A088D9S3|A0A088D9S3_MESEU,DB Search
N(+0.98)LPDKVPIR,99.75,1051.6025,9,0.5,351.54163,3,32.7706,19260,Vasilevskiy_L_different_L076_RZ_20240206_AV-1.raw,1.78E7,6,6,"Deamidation (NQ)","N1:Deamidation (NQ):1000.00",B8XGY1|B8XGY1_BUTOS:F1CJ53|F1CJ53_HOTJU:P0DQN9|DEL2A_HOTJU:D8UWD8|SCXN9_MESEU:Q56TT9|SCIT_HOTJU:P86403|SCXN2_MESEU:D5HR55|D5HR55_HOTJU:B8XGY7|B8XGY7_BUTOS:F0V3W0|F0V3W0_HOTJU,DB Search
N(+0.98)LPDKVPIRIPGEC(+57.02)R,86.84,1763.9352,15,2.5,441.99219,4,46.3648,29964,Vasilevskiy_L_different_L076_RZ_20240206_AV-1.raw,,0,0,"Deamidation (NQ);Carbamidomethylation","N1:Deamidation (NQ):1000.00",D8UWD8|SCXN9_MESEU:P86403|SCXN2_MESEU,DB Search
N(+0.98)LPDRVPIR,44.14,1079.6088,9,7.4,540.81561,2,40.0707,24960,Vasilevskiy_L_different_L076_RZ_20240206_AV-1.raw,,0,0,"Deamidation (NQ)","N1:Deamidation (NQ):1000.00",A0A146CJ08|A0A146CJ08_MESEU,DB Search
N(+0.98)MSYTDVIIQFK,50.79,1458.7064,12,8.1,730.36639,2,63.5525,43957,Vasilevskiy_L_different_L076_RZ_20240206_AV-1.raw,,0,0,"Deamidation (NQ)","N1:Deamidation (NQ):40.05",A0A0K0LC76|A0A0K0LC76_9SCOR:A0A2I9LP14|A0A2I9LP14_9SCOR,DB Search
N(+0.98)NAPIDNK,51.64,885.4192,8,0.4,443.71704,2,16.6354,6414,Vasilevskiy_L_different_L076_RZ_20240206_AV-1.raw,,0,0,"Deamidation (NQ)","N1:Deamidation (NQ):10.11",E4VP22|E4VP22_MESEU:E4VP23|E4VP23_MESEU,DB Search
N(+0.98)NFRPPQPIN(+0.98)GR,90.45,1410.7004,12,-3.1,471.23929,3,33.6188,19819,Vasilevskiy_L_different_L076_RZ_20240206_AV-1.raw,,0,0,"Deamidation (NQ);Deamidation (NQ)","N1:Deamidation (NQ):0.00;N10:Deamidation (NQ):56.34",A0A0K0LCJ8|A0A0K0LCJ8_9SCOR,DB Search
N(+0.98)NFRPPQPINGR,96.53,1409.7164,12,0.4,470.91290,3,32.3140,18742,Vasilevskiy_L_different_L076_RZ_20240206_AV-1.raw,,0,0,"Deamidation (NQ)","N1:Deamidation (NQ):8.69",A0A0K0LCJ8|A0A0K0LCJ8_9SCOR,DB Search
N(+0.98)NIALGK,55.04,729.4021,7,-0.2,365.70825,2,21.5781,10447,Vasilevskiy_L_different_L076_RZ_20240206_AV-1.raw,8.23E5,1,1,"Deamidation (NQ)","N1:Deamidation (NQ):10.11",A0A1E1WVV1|A0A1E1WVV1_TITOB,DB Search
N(+0.98)Q(+0.98)IGVC(+57.02)HGANGK,102.55,1255.5615,12,-1.3,419.52725,3,17.9137,7504,Vasilevskiy_L_different_L076_RZ_20240206_AV-1.raw,,0,0,"Deamidation (NQ);Deamidation (NQ);Carbamidomethylation","N1:Deamidation (NQ):42.53;Q2:Deamidation (NQ):44.38",A0A088D9S2|A0A088D9S2_MESEU:E4VP20|E4VP20_MESEU,DB Search
N(+0.98)QIGVC(+57.02)HGAN(+0.98)GK,93.07,1255.5615,12,-0.9,628.78748,2,18.4414,7988,Vasilevskiy_L_different_L076_RZ_20240206_AV-1.raw,7.08E5,1,1,"Deamidation (NQ);Carbamidomethylation;Deamidation (NQ)","N1:Deamidation (NQ):14.02;C6:Deamidation (NQ):152.83",A0A088D9S2|A0A088D9S2_MESEU:E4VP20|E4VP20_MESEU,DB Search
N(+0.98)QIGVC(+57.02)HGANGK,93.76,1254.5775,12,0.3,628.29620,2,17.9594,7555,Vasilevskiy_L_different_L076_RZ_20240206_AV-1.raw,6.72E5,1,1,"Deamidation (NQ);Carbamidomethylation","N1:Deamidation (NQ):9.34",A0A088D9S2|A0A088D9S2_MESEU:E4VP20|E4VP20_MESEU,DB Search
N(+0.98)SYC(+57.02)NDLC(+57.02)TKN(+0.98)GAK,94.17,1645.6713,14,0.1,549.56439,3,20.9887,10011,Vasilevskiy_L_different_L076_RZ_20240206_AV-1.raw,2.36E5,1,1,"Deamidation (NQ);Carbamidomethylation;Carbamidomethylation;Deamidation (NQ)","N1:Deamidation (NQ):19.86;C4:Deamidation (NQ):28.13",P01483|SCX2_BUTOC:P59354|SCX4_BUTOM,DB Search
N(+0.98)TILYPK,50.52,848.4644,7,0.3,425.23959,2,33.8166,19886,Vasilevskiy_L_different_L076_RZ_20240206_AV-1.raw,7.05E5,1,1,"Deamidation (NQ)","N1:Deamidation (NQ):1000.00",B8XH01|LV1A_BUTOS,DB Search
N(+0.98)TLLYPK,50.52,848.4644,7,0.3,425.23959,2,33.8166,19886,Vasilevskiy_L_different_L076_RZ_20240206_AV-1.raw,7.05E5,1,1,"Deamidation (NQ)","N1:Deamidation (NQ):1000.00",A0A0U4GT75|A0A0U4GT75_ODODO,DB Search
N(+0.98)VVDKYC(+57.02)SEDPLDC(+57.02)NEHC(+57.02)K,109.48,2381.9563,19,7.4,794.99860,3,31.0378,17719,Vasilevskiy_L_different_L076_RZ_20240206_AV-1.raw,,0,0,"Deamidation (NQ);Carbamidomethylation;Carbamidomethylation;Carbamidomethylation","N1:Deamidation (NQ):51.72",A0A088D9S2|A0A088D9S2_MESEU,DB Search
N(+0.98)VVDKYC(+57.02)SEDPLEC(+57.02)NEHC(+57.02)K,112.10,2395.9719,19,7.4,600.00470,4,30.4365,17230,Vasilevskiy_L_different_L076_RZ_20240206_AV-1.raw,,0,0,"Deamidation (NQ);Carbamidomethylation;Carbamidomethylation;Carbamidomethylation","N1:Deamidation (NQ):44.11",E4VP20|E4VP20_MESEU,DB Search
N(+0.98)WC(+57.02)VFNHFC(+57.02)ENIC(+57.02)ETYGGSGYC(+57.02)YFWK,80.52,3398.3354,26,0.0,1133.78577,3,67.5003,47252,Vasilevskiy_L_different_L076_RZ_20240206_AV-1.raw,,0,0,"Deamidation (NQ);Carbamidomethylation;Carbamidomethylation;Carbamidomethylation;Carbamidomethylation","N1:Deamidation (NQ):0.00",M4GX67|SCBTY_MESMA,DB Search
N(+0.98)WC(+57.02)VLNHSC(+57.02)GILC(+57.02)EGYGGSGYC(+57.02)YFWK,91.24,3187.3086,26,5.9,1063.44971,3,57.9409,39319,Vasilevskiy_L_different_L076_RZ_20240206_AV-1.raw,1.26E6,1,1,"Deamidation (NQ);Carbamidomethylation;Carbamidomethylation;Carbamidomethylation;Carbamidomethylation","N1:Deamidation (NQ):7.38",Q9NBW2|SCBT_MESMA,DB Search
N(+0.98)YN(+0.98)C(+57.02)VYHC(+57.02)ARDVYC(+57.02)NELC(+57.02)TK,90.00,2640.0503,20,4.4,661.02271,4,32.1012,18490,Vasilevskiy_L_different_L076_RZ_20240206_AV-1.raw,4.75E6,1,1,"Deamidation (NQ);Deamidation (NQ);Carbamidomethylation;Carbamidomethylation;Carbamidomethylation; more","N1:Deamidation (NQ):12.96;N3:Deamidation (NQ):14.67",A0A0K0LBU4|A0A0K0LBU4_9SCOR,DB Search
N(+42.01)(+0.98)C(+57.02)VYTC(+57.02)ALN(+0.98)PYC(+57.02)DSEC(+57.02)K,58.30,2196.8108,17,-6.9,733.27252,3,43.4518,27546,Vasilevskiy_L_different_L076_RZ_20240206_AV-1.raw,1.55E6,2,2,"Acetylation (Protein N-term);Deamidation (NQ);Carbamidomethylation;Carbamidomethylation;Deamidation (NQ); more","N1:Acetylation (Protein N-term):1000.00;)1:Carbamidomethylation:1000.00",D8UWD8|SCXN9_MESEU:P09982|SCXE_MESEU,DB Search
NAC(+57.02)WC(+57.02)IQ(+0.98)LPDNVPIR,105.00,1855.8708,15,-0.7,928.94208,2,65.2288,45353,Vasilevskiy_L_different_L076_RZ_20240206_AV-1.raw,,0,0,"Carbamidomethylation;Carbamidomethylation;Deamidation (NQ)","C3:Deamidation (NQ):52.86",P09981|SCX9_MESEU:P59854|SCX7_MESMA,DB Search
NAC(+57.02)WC(+57.02)IQLPDNVPIR,96.50,1854.8868,15,2.2,928.45276,2,64.5089,44768,Vasilevskiy_L_different_L076_RZ_20240206_AV-1.raw,6.82E4,1,1,"Carbamidomethylation;Carbamidomethylation",,P09981|SCX9_MESEU:P59854|SCX7_MESMA,DB Search
NAC(+57.02)WC(+57.02)IQLPDNVPIRIPGK,90.47,2250.1401,19,0.4,751.05432,3,65.1405,45293,Vasilevskiy_L_different_L076_RZ_20240206_AV-1.raw,5.08E4,1,1,"Carbamidomethylation;Carbamidomethylation",,P09981|SCX9_MESEU,DB Search
NAC(+57.02)WC(+57.02)K,96.22,837.3262,6,0.5,419.67056,2,19.7065,9047,Vasilevskiy_L_different_L076_RZ_20240206_AV-1.raw,5.07E5,1,1,"Carbamidomethylation;Carbamidomethylation",,A0A0U4RZC4|A0A0U4RZC4_ODODO:D8UWD8|SCXN9_MESEU:P09982|SCXE_MESEU:P01488|SCX1_BUTOC:A0A146CJ08|A0A146CJ08_MESEU:A0A0K0LBU4|A0A0K0LBU4_9SCOR:Q9BLM0|SCXC_ANDAU:P86403|SCXN2_MESEU:E6ZB76|E6ZB76_ANDAU,DB Search
NAFLEALEK,92.85,1033.5444,9,0.5,517.77972,2,56.3937,37975,Vasilevskiy_L_different_L076_RZ_20240206_AV-1.raw,1.17E6,1,1,"",,A0A0U1TZ48|A0A0U1TZ48_ISOMC,DB Search
NAIPTC(+57.02)DDGVC(+57.02)NC(+57.02)NV,84.72,1707.6650,15,1.7,854.84125,2,35.6069,21440,Vasilevskiy_L_different_L076_RZ_20240206_AV-1.raw,1.36E5,1,1,"Carbamidomethylation;Carbamidomethylation;Carbamidomethylation",,F1CIV1|F1CIV1_HOTJU:P83406|KAX97_HOTJU,DB Search
NATFVSC(+57.02)DGGYC(+57.02)VC(+57.02)K,105.01,1736.6957,15,-1.8,869.35358,2,35.2886,21114,Vasilevskiy_L_different_L076_RZ_20240206_AV-1.raw,1.89E7,2,2,"Carbamidomethylation;Carbamidomethylation;Carbamidomethylation",,A0A088DB32|A0A088DB32_MESEU:A0A088DAF1|A0A088DAF1_MESEU:A0A088D9S4|A0A088D9S4_MESEU,DB Search
NAVNNVNNVIAPALIAK,104.93,1733.9788,17,1.9,867.99829,2,55.0077,36918,Vasilevskiy_L_different_L076_RZ_20240206_AV-1.raw,2.12E5,1,1,"",,A0A7U1GK49|A0A7U1GK49_ANDCR,DB Search
NAYC(+57.02)DEEC(+57.02)K,101.35,1187.4224,9,-1.6,594.71747,2,16.8373,6642,Vasilevskiy_L_different_L076_RZ_20240206_AV-1.raw,8.64E7,2,2,"Carbamidomethylation;Carbamidomethylation",,A0F0C1|A0F0C1_MESMA:P01490|SCXA_MESEU:P86408|SCXN1_MESEU:A0A0B5GD34|A0A0B5GD34_MESEU:D8UWD3|SCXN7_MESEU:A0A143FHE4|A0A143FHE4_MESEU,DB Search
NAYC(+57.02)DEEC(+57.02)KK,105.43,1315.5173,10,-1.2,1316.52295,1,15.8503,5869,Vasilevskiy_L_different_L076_RZ_20240206_AV-1.raw,4.09E8,3,3,"Carbamidomethylation;Carbamidomethylation",,A0F0C1|A0F0C1_MESMA:P01490|SCXA_MESEU:P86408|SCXN1_MESEU:A0A0B5GD34|A0A0B5GD34_MESEU:D8UWD3|SCXN7_MESEU:A0A143FHE4|A0A143FHE4_MESEU,DB Search
NAYC(+57.02)DEEC(+57.02)KKK,104.89,1443.6122,11,0.3,361.91043,4,15.1344,5242,Vasilevskiy_L_different_L076_RZ_20240206_AV-1.raw,4.58E6,3,3,"Carbamidomethylation;Carbamidomethylation",,P86408|SCXN1_MESEU:D8UWD3|SCXN7_MESEU,DB Search
NAYC(+57.02)DEEC(+57.02)KKKG,102.08,1500.6337,12,-0.9,501.21808,3,15.1354,5236,Vasilevskiy_L_different_L076_RZ_20240206_AV-1.raw,9.97E5,2,2,"Carbamidomethylation;Carbamidomethylation",,P86408|SCXN1_MESEU:D8UWD3|SCXN7_MESEU,DB Search
NC(+57.02)AYFC(+57.02)GR,104.68,1046.4062,8,1.3,524.21106,2,27.0384,14551,Vasilevskiy_L_different_L076_RZ_20240206_AV-1.raw,1.94E9,2,2,"Carbamidomethylation;Carbamidomethylation",,G4V3T9|SCAA2_MESMA:Q9GNG8|SC15_MESMA:P86408|SCXN1_MESEU:Q9GUA7|SCA3_MESMA:Q95P69|SCAA_MESMA:A0A0B5GD34|A0A0B5GD34_MESEU:D8UWD3|SCXN7_MESEU:Q1EG63|Q1EG63_MESMA:P82815|SCBK_MESMA:Q4TUA4|SCA4_MESMA:A0A143FHE4|A0A143FHE4_MESEU:Q49S27|Q49S27_MESMA,DB Search
NC(+57.02)AYFC(+57.02)GRN(+0.98)AYC(+57.02)DEEC(+57.02)K,105.02,2216.8020,17,3.2,739.94360,3,28.8888,15981,Vasilevskiy_L_different_L076_RZ_20240206_AV-1.raw,1.1E6,1,1,"Carbamidomethylation;Carbamidomethylation;Deamidation (NQ);Carbamidomethylation;Carbamidomethylation","C2:Deamidation (NQ):99.62",P86408|SCXN1_MESEU:A0A0B5GD34|A0A0B5GD34_MESEU:D8UWD3|SCXN7_MESEU:A0A143FHE4|A0A143FHE4_MESEU,DB Search
NC(+57.02)FWEC(+57.02),37.00,914.3051,6,0.5,458.16006,2,51.3618,33873,Vasilevskiy_L_different_L076_RZ_20240206_AV-1.raw,1.09E6,1,1,"Carbamidomethylation;Carbamidomethylation",,A0A088DB12|A0A088DB12_MESEU,DB Search
NC(+57.02)FWEC(+57.02)R,102.73,1070.4062,7,2.4,536.21167,2,40.0650,24955,Vasilevskiy_L_different_L076_RZ_20240206_AV-1.raw,3.79E9,2,2,"Carbamidomethylation;Carbamidomethylation",,A0A088DB12|A0A088DB12_MESEU,DB Search
NC(+57.02)PYFC(+57.02)GR,97.76,1072.4219,8,0.2,537.21832,2,30.9907,17646,Vasilevskiy_L_different_L076_RZ_20240206_AV-1.raw,7.76E6,1,1,"Carbamidomethylation;Carbamidomethylation",,A0F0C1|A0F0C1_MESMA:Q9NJC7|SC11_MESMA:Q9GYX2|SCA1_MESMA,DB Search
NC(+57.02)VYEC(+57.02)YNPK,96.73,1345.5431,10,0.3,673.77905,2,25.6606,13483,Vasilevskiy_L_different_L076_RZ_20240206_AV-1.raw,2.77E7,1,1,"Carbamidomethylation;Carbamidomethylation",,A0A5P8U2M3|A0A5P8U2M3_MESEU:P09981|SCX9_MESEU:A0A7D5FUD4|A0A7D5FUD4_MESEU:A0A5P8U2P7|A0A5P8U2P7_MESEU:A0A5P8U2Q8|A0A5P8U2Q8_MESEU,DB Search
NC(+57.02)VYTC(+57.02),74.07,815.2942,6,0.4,408.65454,2,21.6475,10531,Vasilevskiy_L_different_L076_RZ_20240206_AV-1.raw,1.91E5,1,1,"Carbamidomethylation;Carbamidomethylation",,P09982|SCXE_MESEU:P84614|SCX28_HOTTS:A0A146CJ08|A0A146CJ08_MESEU:B8XGX9|B8XGX9_BUTOS:P84646|SCX1_ODODO:A0A0K0LBX2|A0A0K0LBX2_9SCOR:P86403|SCXN2_MESEU:P0DJH8|SCX1_BUTMA:P01489|SCX4_LEIQU:P0DQN9|DEL2A_HOTJU:D8UWD8|SCXN9_MESEU:P83644|SCX4_LEIHE:P0DX58|TX3_BUTLE,DB Search
NC(+57.02)VYTC(+57.02)ALN,108.86,1113.4584,9,-2.4,557.73511,2,34.4034,20477,Vasilevskiy_L_different_L076_RZ_20240206_AV-1.raw,2.87E4,1,1,"Carbamidomethylation;Carbamidomethylation",,D8UWD8|SCXN9_MESEU:P09982|SCXE_MESEU:A0A146CJ08|A0A146CJ08_MESEU:B8XGX9|B8XGX9_BUTOS:P86403|SCXN2_MESEU,DB Search
NC(+57.02)VYTC(+57.02)ALN(+0.98)PYC(+57.02)DSEC(+57.02)K,87.88,2153.8162,17,1.2,1077.91675,2,45.5096,29201,Vasilevskiy_L_different_L076_RZ_20240206_AV-1.raw,5.75E5,1,1,"Carbamidomethylation;Carbamidomethylation;Deamidation (NQ);Carbamidomethylation;Carbamidomethylation","C2:Deamidation (NQ):175.52",D8UWD8|SCXN9_MESEU:P09982|SCXE_MESEU:P86403|SCXN2_MESEU,DB Search
NC(+57.02)VYTC(+57.02)ALN(+0.98)PYC(+57.02)DSEC(+57.02)KK,98.54,2281.9111,18,7.5,761.65009,3,38.4511,23628,Vasilevskiy_L_different_L076_RZ_20240206_AV-1.raw,2.77E7,4,4,"Carbamidomethylation;Carbamidomethylation;Deamidation (NQ);Carbamidomethylation;Carbamidomethylation","C2:Deamidation (NQ):49.65",D8UWD8|SCXN9_MESEU:P09982|SCXE_MESEU:P86403|SCXN2_MESEU,DB Search
NC(+57.02)VYTC(+57.02)ALN(+0.98)PYC(+57.02)DSEC(+57.02)KKN(+0.98)GADSGYC(+57.02)QWFGR,49.44,3781.5000,31,4.3,1261.51270,3,56.7739,38375,Vasilevskiy_L_different_L076_RZ_20240206_AV-1.raw,,0,0,"Carbamidomethylation;Carbamidomethylation;Deamidation (NQ);Carbamidomethylation;Carbamidomethylation; more","C2:Deamidation (NQ):11.33;C6:Deamidation (NQ):19.61",D8UWD8|SCXN9_MESEU:P86403|SCXN2_MESEU,DB Search
NC(+57.02)VYTC(+57.02)ALN(+0.98)PYC(+57.02)N(+0.98)SEC(+57.02)K,102.49,2153.8162,17,-0.7,1077.91467,2,47.3687,30789,Vasilevskiy_L_different_L076_RZ_20240206_AV-1.raw,1.64E7,4,4,"Carbamidomethylation;Carbamidomethylation;Deamidation (NQ);Carbamidomethylation;Deamidation (NQ); more","C2:Deamidation (NQ):73.05;C6:Deamidation (NQ):104.95",A0A146CJ08|A0A146CJ08_MESEU,DB Search
NC(+57.02)VYTC(+57.02)ALN(+0.98)PYC(+57.02)N(+0.98)SEC(+57.02)KK,103.95,2281.9111,18,0.0,761.64435,3,39.8595,24262,Vasilevskiy_L_different_L076_RZ_20240206_AV-1.raw,3.71E7,3,3,"Carbamidomethylation;Carbamidomethylation;Deamidation (NQ);Carbamidomethylation;Deamidation (NQ); more","C2:Deamidation (NQ):99.62;C6:Deamidation (NQ):129.85",A0A146CJ08|A0A146CJ08_MESEU,DB Search
NC(+57.02)VYTC(+57.02)ALN(+0.98)PYC(+57.02)NSEC(+57.02)KKN(+0.98)GADSGYC(+57.02)QWFGR,28.69,3780.5161,31,-2.2,1261.17651,3,56.9085,38487,Vasilevskiy_L_different_L076_RZ_20240206_AV-1.raw,,0,0,"Carbamidomethylation;Carbamidomethylation;Deamidation (NQ);Carbamidomethylation;Carbamidomethylation; more","C2:Deamidation (NQ):5.59;C6:Deamidation (NQ):9.45",A0A146CJ08|A0A146CJ08_MESEU,DB Search
NC(+57.02)VYTC(+57.02)ALNPY,90.89,1373.5745,11,-0.1,687.79443,2,50.9881,33498,Vasilevskiy_L_different_L076_RZ_20240206_AV-1.raw,2.34E7,1,1,"Carbamidomethylation;Carbamidomethylation",,D8UWD8|SCXN9_MESEU:P09982|SCXE_MESEU:A0A146CJ08|A0A146CJ08_MESEU:P86403|SCXN2_MESEU,DB Search
NC(+57.02)VYTC(+57.02)ALNPYC(+57.02)DSEC(+57.02)K,105.02,2152.8323,17,0.1,718.61810,3,42.2935,26696,Vasilevskiy_L_different_L076_RZ_20240206_AV-1.raw,,0,0,"Carbamidomethylation;Carbamidomethylation;Carbamidomethylation;Carbamidomethylation",,D8UWD8|SCXN9_MESEU:P09982|SCXE_MESEU:P86403|SCXN2_MESEU,DB Search
NC(+57.02)VYTC(+57.02)ALNPYC(+57.02)DSEC(+57.02)KK,105.02,2280.9272,18,1.8,761.31769,3,35.8893,22416,Vasilevskiy_L_different_L076_RZ_20240206_AV-1.raw,1.28E9,2,2,"Carbamidomethylation;Carbamidomethylation;Carbamidomethylation;Carbamidomethylation",,D8UWD8|SCXN9_MESEU:P09982|SCXE_MESEU:P86403|SCXN2_MESEU,DB Search
NC(+57.02)VYTC(+57.02)ALNPYC(+57.02)DSEC(+57.02)KKN(+0.98)GADGSYC(+57.02)QWLGR,102.96,3746.5317,31,0.3,937.64050,4,54.5152,36419,Vasilevskiy_L_different_L076_RZ_20240206_AV-1.raw,7.54E6,2,2,"Carbamidomethylation;Carbamidomethylation;Carbamidomethylation;Carbamidomethylation;Deamidation (NQ); more","C2:Deamidation (NQ):18.75",P09982|SCXE_MESEU,DB Search
NC(+57.02)VYTC(+57.02)ALNPYC(+57.02)N(+0.98)SEC(+57.02)K,105.02,2152.8323,17,1.5,718.61908,3,43.3895,27753,Vasilevskiy_L_different_L076_RZ_20240206_AV-1.raw,5.2E8,4,4,"Carbamidomethylation;Carbamidomethylation;Carbamidomethylation;Deamidation (NQ);Carbamidomethylation","C2:Deamidation (NQ):97.69",A0A146CJ08|A0A146CJ08_MESEU,DB Search
NC(+57.02)VYTC(+57.02)ALNPYC(+57.02)N(+0.98)SEC(+57.02)KK,106.36,2280.9272,18,0.6,571.23944,4,35.8893,21674,Vasilevskiy_L_different_L076_RZ_20240206_AV-1.raw,2.56E9,4,4,"Carbamidomethylation;Carbamidomethylation;Carbamidomethylation;Deamidation (NQ);Carbamidomethylation","C2:Deamidation (NQ):61.69",A0A146CJ08|A0A146CJ08_MESEU,DB Search
NC(+57.02)VYTC(+57.02)ALNPYC(+57.02)N(+0.98)SEC(+57.02)KKN(+0.98)GADSGYC(+57.02)QWFGR,103.79,3780.5161,31,-0.4,946.13586,4,56.8117,38354,Vasilevskiy_L_different_L076_RZ_20240206_AV-1.raw,2.76E6,1,1,"Carbamidomethylation;Carbamidomethylation;Carbamidomethylation;Deamidation (NQ);Carbamidomethylation; more","C2:Deamidation (NQ):38.03;C6:Deamidation (NQ):78.75",A0A146CJ08|A0A146CJ08_MESEU,DB Search
NC(+57.02)VYTC(+57.02)ALNPYC(+57.02)NSEC(+57.02)KK,94.65,2279.9431,18,-8.7,760.98175,3,35.2438,21158,Vasilevskiy_L_different_L076_RZ_20240206_AV-1.raw,,0,0,"Carbamidomethylation;Carbamidomethylation;Carbamidomethylation;Carbamidomethylation",,A0A146CJ08|A0A146CJ08_MESEU,DB Search
NC(+57.02)VYTC(+57.02)ALNSYC(+57.02)NTEC(+57.02)TK,72.04,2256.8909,18,-5.1,753.30035,3,43.1976,27363,Vasilevskiy_L_different_L076_RZ_20240206_AV-1.raw,5.65E5,1,1,"Carbamidomethylation;Carbamidomethylation;Carbamidomethylation;Carbamidomethylation",,B8XGX9|B8XGX9_BUTOS,DB Search
NC(+57.02)VYTC(+57.02)AR,93.32,1042.4325,8,0.5,522.22375,2,19.3315,8678,Vasilevskiy_L_different_L076_RZ_20240206_AV-1.raw,3.04E6,1,1,"Carbamidomethylation;Carbamidomethylation",,A0A0K0LBX2|A0A0K0LBX2_9SCOR,DB Search
NC(+57.02)VYTC(+57.02)ARN(+0.98)SYC(+57.02)N(+0.98)TEC(+57.02)T,70.66,2173.7810,17,8.6,544.45721,4,43.3666,27572,Vasilevskiy_L_different_L076_RZ_20240206_AV-1.raw,,0,0,"Carbamidomethylation;Carbamidomethylation;Deamidation (NQ);Carbamidomethylation;Deamidation (NQ); more","C2:Deamidation (NQ):24.34;C6:Deamidation (NQ):19.27",A0A0K0LBX2|A0A0K0LBX2_9SCOR,DB Search
NC(+57.02)VYTC(+57.02)ARN(+0.98)SYC(+57.02)NTEC(+57.02)T,46.45,2172.7969,17,2.7,1087.40869,2,43.5896,27758,Vasilevskiy_L_different_L076_RZ_20240206_AV-1.raw,,0,0,"Carbamidomethylation;Carbamidomethylation;Deamidation (NQ);Carbamidomethylation;Carbamidomethylation","C2:Deamidation (NQ):0.00",A0A0K0LBX2|A0A0K0LBX2_9SCOR,DB Search
NC(+57.02)VYTC(+57.02)ASN,37.80,1087.4062,9,-1.0,544.70990,2,30.8743,17597,Vasilevskiy_L_different_L076_RZ_20240206_AV-1.raw,,0,0,"Carbamidomethylation;Carbamidomethylation",,P0DX58|TX3_BUTLE:P84646|SCX1_ODODO,DB Search
NDIQEAN(+0.98)DKLSWLWK,105.02,1859.9054,15,0.5,930.96039,2,65.0839,45246,Vasilevskiy_L_different_L076_RZ_20240206_AV-1.raw,4.43E5,2,2,"Deamidation (NQ)","N7:Deamidation (NQ):38.07",P86100|HYAL1_MESMA,DB Search
NDIQEANDK,94.47,1045.4677,9,0.7,523.74146,2,16.1758,6114,Vasilevskiy_L_different_L076_RZ_20240206_AV-1.raw,9.09E5,1,1,"",,P86100|HYAL1_MESMA,DB Search
NDIQEANDKLSWL,99.07,1544.7471,13,-0.2,773.38068,2,60.5331,41471,Vasilevskiy_L_different_L076_RZ_20240206_AV-1.raw,,0,0,"",,P86100|HYAL1_MESMA,DB Search
NDIQEANDKLSWLWK,96.99,1858.9214,15,0.1,620.64777,3,63.0969,43456,Vasilevskiy_L_different_L076_RZ_20240206_AV-1.raw,2.2E7,3,3,"",,P86100|HYAL1_MESMA,DB Search
NDLESYVYSLK,94.16,1329.6453,11,1.2,665.83069,2,59.2293,40395,Vasilevskiy_L_different_L076_RZ_20240206_AV-1.raw,,0,0,"",,A0A2I9LP25|A0A2I9LP25_9SCOR:A0A1W7RAC2|A0A1W7RAC2_9SCOR,DB Search
NDRN(+0.98)C(+57.02)VYTC(+57.02)ALNPYC(+57.02)DSEC(+57.02)KK,94.35,2667.0823,21,-0.8,667.77728,4,34.0699,20260,Vasilevskiy_L_different_L076_RZ_20240206_AV-1.raw,2.17E5,1,1,"Deamidation (NQ);Carbamidomethylation;Carbamidomethylation;Carbamidomethylation;Carbamidomethylation","N4:Deamidation (NQ):5.08",D8UWD8|SCXN9_MESEU:P86403|SCXN2_MESEU,DB Search
NDRN(+0.98)C(+57.02)VYTC(+57.02)ALNPYC(+57.02)NSEC(+57.02)K,99.95,2538.0032,20,-8.8,847.00092,3,40.1454,25022,Vasilevskiy_L_different_L076_RZ_20240206_AV-1.raw,,0,0,"Deamidation (NQ);Carbamidomethylation;Carbamidomethylation;Carbamidomethylation;Carbamidomethylation","N4:Deamidation (NQ):7.77",A0A146CJ08|A0A146CJ08_MESEU,DB Search
NEDSTTM(+15.99)SHC(+57.02)DC(+57.02)DEEFFAC(+57.02)LK,91.78,2610.9607,21,-0.3,871.32727,3,44.0614,27945,Vasilevskiy_L_different_L076_RZ_20240206_AV-1.raw,1.13E7,1,1,"Oxidation (M);Carbamidomethylation;Carbamidomethylation;Carbamidomethylation","M7:Oxidation (M):1000.00",A0AA50AAI4|A0AA50AAI4_ANDCR,DB Search
NFAENISR,52.25,949.4617,8,0.6,475.73840,2,25.9885,13882,Vasilevskiy_L_different_L076_RZ_20240206_AV-1.raw,,0,0,"",,A0A2I9LP26|A0A2I9LP26_9SCOR:A0A1W7RAF7|A0A1W7RAF7_9SCOR,DB Search
NFDEIDN(+0.98)VGFNDFGPA,109.30,1770.7373,16,9.2,886.38409,2,67.7046,47427,Vasilevskiy_L_different_L076_RZ_20240206_AV-1.raw,,0,0,"Deamidation (NQ)","N7:Deamidation (NQ):0.00",E4VP42|E4VP42_MESEU:E4VP55|E4VP55_MESEU:A0A146CJA5|A0A146CJA5_MESEU:F8THJ9|F8THJ9_HOTJU,DB Search
NFDEIDN(+0.98)VGFNDFGPASR,91.50,2013.8704,18,6.9,1007.94940,2,61.2559,42070,Vasilevskiy_L_different_L076_RZ_20240206_AV-1.raw,,0,0,"Deamidation (NQ)","N7:Deamidation (NQ):31.56",E4VP42|E4VP42_MESEU:E4VP55|E4VP55_MESEU:A0A146CJA5|A0A146CJA5_MESEU:F8THJ9|F8THJ9_HOTJU,DB Search
NFDEIDNVG,87.84,1021.4352,9,1.7,511.72577,2,43.5721,27744,Vasilevskiy_L_different_L076_RZ_20240206_AV-1.raw,5.92E4,1,1,"",,E4VP42|E4VP42_MESEU:E4VP55|E4VP55_MESEU:A0A146CJA5|A0A146CJA5_MESEU:F8THJ9|F8THJ9_HOTJU:A0A0U1TZ84|A0A0U1TZ84_ISOMC:A0A2I9LPZ6|A0A2I9LPZ6_9SCOR,DB Search
NFDEIDNVGF,91.75,1168.5037,10,1.0,585.25970,2,64.2435,44452,Vasilevskiy_L_different_L076_RZ_20240206_AV-1.raw,5E6,2,2,"",,E4VP42|E4VP42_MESEU:E4VP55|E4VP55_MESEU:A0A146CJA5|A0A146CJA5_MESEU:F8THJ9|F8THJ9_HOTJU:A0A0U1TZ84|A0A0U1TZ84_ISOMC:A0A2I9LPZ6|A0A2I9LPZ6_9SCOR,DB Search
NFDEIDNVGFN(+0.98)DFGPASRPGS,28.09,2254.9766,21,7.2,752.67157,3,61.1013,41942,Vasilevskiy_L_different_L076_RZ_20240206_AV-1.raw,,0,0,"Deamidation (NQ)","N11:Deamidation (NQ):0.00",E4VP42|E4VP42_MESEU:E4VP55|E4VP55_MESEU:A0A146CJA5|A0A146CJA5_MESEU:F8THJ9|F8THJ9_HOTJU,DB Search
NFDEIDNVGFNDF,96.43,1544.6420,13,0.4,773.32855,2,68.1923,47846,Vasilevskiy_L_different_L076_RZ_20240206_AV-1.raw,4.59E5,1,1,"",,E4VP42|E4VP42_MESEU:E4VP55|E4VP55_MESEU:A0A146CJA5|A0A146CJA5_MESEU:F8THJ9|F8THJ9_HOTJU:A0A0U1TZ84|A0A0U1TZ84_ISOMC:A0A2I9LPZ6|A0A2I9LPZ6_9SCOR,DB Search
NFDEIDNVGFNDFGP,96.47,1698.7162,15,0.9,850.36609,2,67.9650,47669,Vasilevskiy_L_different_L076_RZ_20240206_AV-1.raw,1.78E5,1,1,"",,E4VP42|E4VP42_MESEU:E4VP55|E4VP55_MESEU:A0A146CJA5|A0A146CJA5_MESEU:F8THJ9|F8THJ9_HOTJU:A0A0U1TZ84|A0A0U1TZ84_ISOMC:A0A2I9LPZ6|A0A2I9LPZ6_9SCOR,DB Search
NFDEIDNVGFNDFGPA,110.19,1769.7533,16,-1.9,885.88226,2,67.6905,47427,Vasilevskiy_L_different_L076_RZ_20240206_AV-1.raw,1.11E5,1,1,"",,E4VP42|E4VP42_MESEU:E4VP55|E4VP55_MESEU:A0A146CJA5|A0A146CJA5_MESEU:F8THJ9|F8THJ9_HOTJU,DB Search
NFDEIDNVGFNDFGPASR,105.00,2012.8864,18,0.5,671.96973,3,62.4735,43012,Vasilevskiy_L_different_L076_RZ_20240206_AV-1.raw,4.07E6,3,3,"",,E4VP42|E4VP42_MESEU:E4VP55|E4VP55_MESEU:A0A146CJA5|A0A146CJA5_MESEU:F8THJ9|F8THJ9_HOTJU,DB Search
NFDEIDNVGFNDFGPASRP,102.85,2109.9392,19,0.8,704.32092,3,63.3836,43847,Vasilevskiy_L_different_L076_RZ_20240206_AV-1.raw,6.41E5,2,2,"",,E4VP42|E4VP42_MESEU:E4VP55|E4VP55_MESEU:A0A146CJA5|A0A146CJA5_MESEU:F8THJ9|F8THJ9_HOTJU,DB Search
NFDEIDNVGFNDFGPASRPGS,103.95,2253.9927,21,-0.3,752.33795,3,62.4393,43034,Vasilevskiy_L_different_L076_RZ_20240206_AV-1.raw,6.16E5,2,2,"",,E4VP42|E4VP42_MESEU:E4VP55|E4VP55_MESEU:A0A146CJA5|A0A146CJA5_MESEU:F8THJ9|F8THJ9_HOTJU,DB Search
NFDEVAFDK,96.90,1083.4873,9,1.0,542.75146,2,40.8791,25582,Vasilevskiy_L_different_L076_RZ_20240206_AV-1.raw,4.33E5,1,1,"",,A0A2I9LPF6|A0A2I9LPF6_9SCOR:F1CJ13|F1CJ13_HOTJU,DB Search
NFIFSAEGR,94.23,1039.5087,9,0.8,520.76202,2,47.0648,30455,Vasilevskiy_L_different_L076_RZ_20240206_AV-1.raw,2.36E6,1,1,"",,F8THJ5|F8THJ5_HOTJU:A0A146CJ24|A0A146CJ24_MESEU:E4VP08|E4VP08_MESEU:E4VP38|E4VP38_MESEU:A0A0U1TZA8|A0A0U1TZA8_ISOMC:A0A0C4G490|A0A0C4G490_MESMA:Q8MTW7|Q8MTW7_MESMA:A0A0B4KJR4|A0A0B4KJR4_MESMA,DB Search
NFLFSVEGR,94.14,1067.5399,9,0.0,534.77728,2,55.3941,37255,Vasilevskiy_L_different_L076_RZ_20240206_AV-1.raw,,0,0,"",,A0A0U4QVR7|A0A0U4QVR7_ODODO:B8XH52|B8XH52_BUTOS:B8XH51|B8XH51_BUTOS:A0A0U3QS50|A0A0U3QS50_ODODO,DB Search
NGADGSYC(+57.02)Q(+0.98)WLGR,105.00,1483.6150,13,1.7,742.81604,2,48.1273,31322,Vasilevskiy_L_different_L076_RZ_20240206_AV-1.raw,3.39E6,2,2,"Carbamidomethylation;Deamidation (NQ)","C8:Deamidation (NQ):77.83",P09982|SCXE_MESEU,DB Search
NGADGSYC(+57.02)QWL,88.32,1269.5084,11,0.6,635.76184,2,60.7083,41576,Vasilevskiy_L_different_L076_RZ_20240206_AV-1.raw,7.94E5,1,1,"Carbamidomethylation",,P09982|SCXE_MESEU,DB Search
NGADGSYC(+57.02)QWLG,95.30,1326.5299,12,0.6,664.27258,2,56.0562,37701,Vasilevskiy_L_different_L076_RZ_20240206_AV-1.raw,7.51E5,1,1,"Carbamidomethylation",,P09982|SCXE_MESEU,DB Search
NGADGSYC(+57.02)QWLGR,104.31,1482.6310,13,0.0,1483.63831,1,46.3267,29945,Vasilevskiy_L_different_L076_RZ_20240206_AV-1.raw,1.06E9,4,4,"Carbamidomethylation",,P09982|SCXE_MESEU,DB Search
NGADSGYC(+57.02)Q(+0.98)WFGR,105.02,1517.5994,13,-1.5,759.80579,2,54.8425,37088,Vasilevskiy_L_different_L076_RZ_20240206_AV-1.raw,1.97E6,3,3,"Carbamidomethylation;Deamidation (NQ)","C8:Deamidation (NQ):75.49",D8UWD8|SCXN9_MESEU:A0A146CJ08|A0A146CJ08_MESEU:P86403|SCXN2_MESEU,DB Search
NGADSGYC(+57.02)QW,90.01,1156.4243,10,0.4,579.21967,2,40.4733,25123,Vasilevskiy_L_different_L076_RZ_20240206_AV-1.raw,1.32E6,1,1,"Carbamidomethylation",,D8UWD8|SCXN9_MESEU:A0A146CJ08|A0A146CJ08_MESEU:P86403|SCXN2_MESEU,DB Search
NGADSGYC(+57.02)QWF,37.14,1303.4928,11,0.9,652.75427,2,64.1769,44380,Vasilevskiy_L_different_L076_RZ_20240206_AV-1.raw,2.35E6,1,1,"Carbamidomethylation",,D8UWD8|SCXN9_MESEU:A0A146CJ08|A0A146CJ08_MESEU:P86403|SCXN2_MESEU,DB Search
NGADSGYC(+57.02)QWFGR,105.02,1516.6154,13,0.6,1517.62354,1,50.9084,33567,Vasilevskiy_L_different_L076_RZ_20240206_AV-1.raw,5.95E8,4,4,"Carbamidomethylation",,D8UWD8|SCXN9_MESEU:A0A146CJ08|A0A146CJ08_MESEU:P86403|SCXN2_MESEU,DB Search
NGAESGYC(+57.02)QILGK,101.63,1395.6453,13,0.5,698.83026,2,36.6246,22178,Vasilevskiy_L_different_L076_RZ_20240206_AV-1.raw,2.48E6,1,1,"Carbamidomethylation",,P09981|SCX9_MESEU,DB Search
NGC(+57.02)WC(+57.02)YALPDNVPIRVPGK,110.66,2215.0667,19,-1.4,739.36176,3,62.2631,42886,Vasilevskiy_L_different_L076_RZ_20240206_AV-1.raw,,0,0,"Carbamidomethylation;Carbamidomethylation",,B8XGY6|B8XGY6_BUTOS,DB Search
NGEYPWMVFIDLGDFSC(+57.02)GGALISK,95.90,2675.2400,24,1.0,892.75482,3,69.6949,49147,Vasilevskiy_L_different_L076_RZ_20240206_AV-1.raw,,0,0,"Carbamidomethylation",,E4VP53|E4VP53_MESEU,DB Search
NGEYPWMVFIDLGDFSC(+57.02)GGALISKK,99.76,2803.3350,25,1.2,935.45337,3,69.3858,48894,Vasilevskiy_L_different_L076_RZ_20240206_AV-1.raw,2.65E5,1,1,"Carbamidomethylation",,E4VP53|E4VP53_MESEU,DB Search
NGEYPWMVVIDLPDTAC(+57.02)GGVLISK,105.02,2633.2869,24,1.3,878.77069,3,69.2529,48759,Vasilevskiy_L_different_L076_RZ_20240206_AV-1.raw,4.83E5,1,1,"Carbamidomethylation",,E4VP22|E4VP22_MESEU:E4VP49|E4VP49_MESEU,DB Search
NGFLLDR,34.12,833.4395,7,0.4,417.72720,2,41.2832,26028,Vasilevskiy_L_different_L076_RZ_20240206_AV-1.raw,5.85E7,1,1,"",,A0AA49K9N2|A0AA49K9N2_9SCOR,DB Search
NGGMLQVSDLANHLK,96.47,1595.8090,15,-0.5,798.91132,2,61.0659,41896,Vasilevskiy_L_different_L076_RZ_20240206_AV-1.raw,2.48E5,1,1,"",,F1CIW6|F1CIW6_HOTJU:P86100|HYAL1_MESMA,DB Search
NGIC(+57.02)AYLIGR,96.82,1135.5808,10,0.4,568.79791,2,51.1623,33705,Vasilevskiy_L_different_L076_RZ_20240206_AV-1.raw,2.44E6,1,1,"Carbamidomethylation",,F8THJ4|F8THJ4_HOTJU,DB Search
NGNWVNDIAILK,96.06,1355.7197,12,0.2,678.86725,2,64.0468,44369,Vasilevskiy_L_different_L076_RZ_20240206_AV-1.raw,5.15E5,1,1,"",,E4VP22|E4VP22_MESEU:E4VP49|E4VP49_MESEU,DB Search
NGYAVDSSGKVSEC(+57.02)LLNNYC(+57.02)NNIC(+57.02)T,27.86,2851.2212,25,-7.6,713.80713,4,36.6902,22323,Vasilevskiy_L_different_L076_RZ_20240206_AV-1.raw,,0,0,"Carbamidomethylation;Carbamidomethylation;Carbamidomethylation",,O61668|SIX1_MESMA,DB Search
NGYLLDK,75.28,821.4283,7,-0.3,411.72128,2,31.1426,17794,Vasilevskiy_L_different_L076_RZ_20240206_AV-1.raw,,0,0,"",,F6K6F3|F6K6F3_MESEU:Q9UAC9|SCAS_MESMA:R4H564|R4H564_MESEU:P86406|SCXNF_MESEU:E4VP18|E4VP18_MESEU,DB Search
NGYLLDKYTGC(+57.02)KVWC(+57.02)VINNESC(+57.02)N(+0.98)SEC(+57.02)K,104.07,3311.4355,27,-8.6,828.85901,4,62.3362,42971,Vasilevskiy_L_different_L076_RZ_20240206_AV-1.raw,1.17E5,1,1,"Carbamidomethylation;Carbamidomethylation;Carbamidomethylation;Deamidation (NQ);Carbamidomethylation","C11:Deamidation (NQ):42.68",Q9UAC9|SCAS_MESMA:P86406|SCXNF_MESEU:E4VP18|E4VP18_MESEU,DB Search
NGYLLDKYTGC(+57.02)KVWC(+57.02)VINNESC(+57.02)NSEC(+57.02)KIR,107.75,3579.6367,29,-9.6,895.90790,4,59.4780,40628,Vasilevskiy_L_different_L076_RZ_20240206_AV-1.raw,5.34E4,1,1,"Carbamidomethylation;Carbamidomethylation;Carbamidomethylation;Carbamidomethylation",,Q9UAC9|SCAS_MESMA:P86406|SCXNF_MESEU:E4VP18|E4VP18_MESEU,DB Search
NGYN(+0.98)GNWVNDIAILK,105.00,1690.8314,15,1.6,846.42432,2,67.1142,46921,Vasilevskiy_L_different_L076_RZ_20240206_AV-1.raw,1.57E6,1,1,"Deamidation (NQ)","N4:Deamidation (NQ):14.04",E4VP22|E4VP22_MESEU:E4VP49|E4VP49_MESEU,DB Search
NGYNGNWVNDIAILK,96.51,1689.8474,15,0.0,845.93103,2,66.0470,45947,Vasilevskiy_L_different_L076_RZ_20240206_AV-1.raw,6.3E6,2,2,"",,E4VP22|E4VP22_MESEU:E4VP49|E4VP49_MESEU,DB Search
NHFC(+57.02)ENIC(+57.02)ETYGGSGYC(+57.02)YFWK,105.02,2691.0618,21,-1.2,898.02679,3,59.5932,40632,Vasilevskiy_L_different_L076_RZ_20240206_AV-1.raw,4.9E6,1,1,"Carbamidomethylation;Carbamidomethylation;Carbamidomethylation",,M4GX67|SCBTY_MESMA,DB Search
NIFGENDDLIAEK,104.98,1476.7096,13,-6.1,739.35754,2,53.6887,35882,Vasilevskiy_L_different_L076_RZ_20240206_AV-1.raw,8.06E4,1,1,"",,A0A8K1NDZ5|A0A8K1NDZ5_ANDCR:A0A8K1NCY9|A0A8K1NCY9_ANDCR,DB Search
NIHVEGIIC(+57.02)NLR,100.63,1436.7557,12,0.7,719.38568,2,49.4126,32301,Vasilevskiy_L_different_L076_RZ_20240206_AV-1.raw,1.24E6,2,2,"Carbamidomethylation",,A0A088D9S3|A0A088D9S3_MESEU,DB Search
NIM(+15.99)AFC(+57.02)DRDDC(+57.02)QK,105.60,1687.6753,13,0.4,563.56592,3,22.9522,11594,Vasilevskiy_L_different_L076_RZ_20240206_AV-1.raw,1.86E6,2,2,"Oxidation (M);Carbamidomethylation;Carbamidomethylation","M3:Oxidation (M):1000.00",A0A088D9Q2|A0A088D9Q2_MESEU,DB Search
NIMAFC(+57.02)DR,96.05,1025.4423,8,0.6,513.72870,2,38.6201,23658,Vasilevskiy_L_different_L076_RZ_20240206_AV-1.raw,6.12E6,1,1,"Carbamidomethylation",,A0A088D9Q2|A0A088D9Q2_MESEU,DB Search
NIMAFC(+57.02)DRDDC(+57.02)QK,110.75,1671.6803,13,0.1,558.23413,3,32.0038,18497,Vasilevskiy_L_different_L076_RZ_20240206_AV-1.raw,1.4E8,3,3,"Carbamidomethylation;Carbamidomethylation",,A0A088D9Q2|A0A088D9Q2_MESEU,DB Search
NIQVEAAC(+57.02)R,31.65,1059.5131,9,1.0,530.76434,2,21.5156,10424,Vasilevskiy_L_different_L076_RZ_20240206_AV-1.raw,,0,0,"Carbamidomethylation",,A0A088DAY3|A0A088DAY3_MESEU,DB Search
NKLTSMSEYAC(+57.02)PVIEK,104.99,1868.9012,16,-7.0,935.45135,2,59.8738,40953,Vasilevskiy_L_different_L076_RZ_20240206_AV-1.raw,1.04E5,1,1,"Carbamidomethylation",,A0A088D9U2|A0A088D9U2_MESEU:A0A088DB26|A0A088DB26_MESEU:A0A0K0LC08|A0A0K0LC08_9SCOR:A0A0K0LCJ0|A0A0K0LCJ0_9SCOR:Q9NJC6|KBX2_MESMA:A0A0K0LC09|A0A0K0LC09_9SCOR:A0A0K0LC05|A0A0K0LC05_9SCOR:A0A143MGJ8|A0A143MGJ8_MESEU:A0A0K0LC11|A0A0K0LC11_9SCOR,DB Search
NLGMGSGTC(+57.02)LDSPAR,105.01,1534.6868,15,-0.2,768.35052,2,33.7258,19905,Vasilevskiy_L_different_L076_RZ_20240206_AV-1.raw,7.33E4,1,1,"Carbamidomethylation",,A0A2I9LPG6|A0A2I9LPG6_9SCOR,DB Search
NLLSVAYK,92.26,906.5175,8,0.1,454.26605,2,42.5556,26886,Vasilevskiy_L_different_L076_RZ_20240206_AV-1.raw,6.82E5,1,1,"",,A0A1W7RB75|A0A1W7RB75_9SCOR:A0A0U1TZ92|A0A0U1TZ92_ISOMC:A0A1W7RB80|A0A1W7RB80_9SCOR,DB Search
NLPDKVP,97.56,781.4333,7,0.4,391.72412,2,27.9122,15304,Vasilevskiy_L_different_L076_RZ_20240206_AV-1.raw,1.82E6,1,1,"",,P0DQN9|DEL2A_HOTJU:D8UWD8|SCXN9_MESEU:P86403|SCXN2_MESEU,DB Search
NLPDKVPI,93.93,894.5175,8,0.5,448.26624,2,42.0974,26452,Vasilevskiy_L_different_L076_RZ_20240206_AV-1.raw,1.75E6,1,1,"",,P0DQN9|DEL2A_HOTJU:D8UWD8|SCXN9_MESEU:P86403|SCXN2_MESEU,DB Search
NLPDKVPIR,104.90,1050.6185,9,0.6,351.21368,3,28.2959,15606,Vasilevskiy_L_different_L076_RZ_20240206_AV-1.raw,2.17E10,7,7,"",,B8XGY1|B8XGY1_BUTOS:F1CJ53|F1CJ53_HOTJU:P0DQN9|DEL2A_HOTJU:D8UWD8|SCXN9_MESEU:Q56TT9|SCIT_HOTJU:P86403|SCXN2_MESEU:D5HR55|D5HR55_HOTJU:B8XGY7|B8XGY7_BUTOS:F0V3W0|F0V3W0_HOTJU,DB Search
NLPDKVPIRIP,83.14,1260.7554,11,-0.6,421.25882,3,50.8358,33512,Vasilevskiy_L_different_L076_RZ_20240206_AV-1.raw,,0,0,"",,P0DQN9|DEL2A_HOTJU:D8UWD8|SCXN9_MESEU:P86403|SCXN2_MESEU,DB Search
NLPDKVPIRIPG,91.68,1317.7769,12,0.2,659.89581,2,47.3682,30768,Vasilevskiy_L_different_L076_RZ_20240206_AV-1.raw,1E6,1,1,"",,P0DQN9|DEL2A_HOTJU:D8UWD8|SCXN9_MESEU:P86403|SCXN2_MESEU,DB Search
NLPDKVPIRIPGE,94.58,1446.8195,13,0.7,483.28076,3,50.0154,32630,Vasilevskiy_L_different_L076_RZ_20240206_AV-1.raw,1.55E7,2,2,"",,D8UWD8|SCXN9_MESEU:P86403|SCXN2_MESEU,DB Search
NLPDKVPIRIPGEC(+57.02),107.09,1606.8501,14,-0.7,536.62360,3,49.1734,32110,Vasilevskiy_L_different_L076_RZ_20240206_AV-1.raw,3.66E7,3,3,"Carbamidomethylation",,D8UWD8|SCXN9_MESEU:P86403|SCXN2_MESEU,DB Search
NLPDKVPIRIPGEC(+57.02)R,104.26,1762.9512,15,1.6,441.74576,4,42.3434,26967,Vasilevskiy_L_different_L076_RZ_20240206_AV-1.raw,1.81E9,6,6,"Carbamidomethylation",,D8UWD8|SCXN9_MESEU:P86403|SCXN2_MESEU,DB Search
NLPDRVPIR,64.27,1078.6248,9,-9.7,540.31439,2,39.8259,25000,Vasilevskiy_L_different_L076_RZ_20240206_AV-1.raw,1.99E6,1,1,"",,A0A146CJ08|A0A146CJ08_MESEU,DB Search
NLSPSHPLFK,103.76,1138.6135,10,0.0,380.54510,3,30.5326,17362,Vasilevskiy_L_different_L076_RZ_20240206_AV-1.raw,9.11E4,1,1,"",,A0A1W7RAZ7|A0A1W7RAZ7_9SCOR,DB Search
NMSDC(+57.02)QER,40.93,1038.3859,8,1.8,520.20117,2,15.7641,5780,Vasilevskiy_L_different_L076_RZ_20240206_AV-1.raw,9.06E4,1,1,"Carbamidomethylation",,A0A088D9R6|A0A088D9R6_MESEU,DB Search
NMSYTDVIIQFK,100.88,1457.7224,12,3.4,486.91641,3,63.3383,43775,Vasilevskiy_L_different_L076_RZ_20240206_AV-1.raw,3.12E6,2,2,"",,A0A0K0LC76|A0A0K0LC76_9SCOR:A0A2I9LP14|A0A2I9LP14_9SCOR,DB Search
NMVLTDATFVPTILNC(+57.02)LFK,97.50,2196.1323,19,-0.8,1099.07251,2,69.7140,49165,Vasilevskiy_L_different_L076_RZ_20240206_AV-1.raw,,0,0,"Carbamidomethylation",,A0A059U8Z3|A0A059U8Z3_MESGB,DB Search
NN(+0.98)APIDNK,94.29,885.4192,8,0.4,443.71704,2,16.8233,6636,Vasilevskiy_L_different_L076_RZ_20240206_AV-1.raw,4.26E6,1,1,"Deamidation (NQ)","N2:Deamidation (NQ):9.34",E4VP22|E4VP22_MESEU:E4VP23|E4VP23_MESEU,DB Search
NN(+0.98)FIHSDTLFGEC(+57.02)ISYAEC(+57.02)R,104.37,2433.0366,20,7.9,812.02588,3,59.3504,40496,Vasilevskiy_L_different_L076_RZ_20240206_AV-1.raw,,0,0,"Deamidation (NQ);Carbamidomethylation;Carbamidomethylation","N2:Deamidation (NQ):0.00",E4VP10|E4VP10_MESEU,DB Search
NN(+0.98)IALGK,40.62,729.4021,7,0.2,365.70840,2,23.1479,11628,Vasilevskiy_L_different_L076_RZ_20240206_AV-1.raw,3.33E6,1,1,"Deamidation (NQ)","N2:Deamidation (NQ):0.00",A0A1E1WVV1|A0A1E1WVV1_TITOB,DB Search
NNEELTSYDSSR,96.25,1413.6008,12,0.9,707.80835,2,23.8137,12148,Vasilevskiy_L_different_L076_RZ_20240206_AV-1.raw,,0,0,"",,F8THK0|F8THK0_HOTJU,DB Search
NNEYC(+57.02)NHSC(+57.02)K,96.63,1324.4924,10,1.5,663.25452,2,16.0820,6023,Vasilevskiy_L_different_L076_RZ_20240206_AV-1.raw,,0,0,"Carbamidomethylation;Carbamidomethylation",,E4VP15|E4VP15_MESEU,DB Search
NNFIHSDTLFGEC(+57.02)ISYAEC(+57.02)R,117.44,2432.0525,20,0.3,811.69171,3,59.4108,40613,Vasilevskiy_L_different_L076_RZ_20240206_AV-1.raw,2.8E5,1,1,"Carbamidomethylation;Carbamidomethylation",,E4VP10|E4VP10_MESEU,DB Search
NNFRPPQPIN(+0.98)GR,104.67,1409.7164,12,-2.6,470.91150,3,28.6406,15847,Vasilevskiy_L_different_L076_RZ_20240206_AV-1.raw,2.09E5,1,1,"Deamidation (NQ)","N10:Deamidation (NQ):67.82",A0A0K0LCJ8|A0A0K0LCJ8_9SCOR,DB Search
NNIALGK,89.50,728.4181,7,0.2,365.21637,2,20.2377,9374,Vasilevskiy_L_different_L076_RZ_20240206_AV-1.raw,4.83E7,1,1,"",,A0A1E1WVV1|A0A1E1WVV1_TITOB,DB Search
NNNC(+57.02)VYVC(+57.02)F,101.03,1188.4692,9,0.6,595.24225,2,56.2944,37957,Vasilevskiy_L_different_L076_RZ_20240206_AV-1.raw,2.19E5,1,1,"Carbamidomethylation;Carbamidomethylation",,E7CZY8|SCXN3_MESEU:D8UWD2|D8UWD2_MESEU,DB Search
NNQC(+57.02)GIATQASYPLV,43.09,1634.7722,15,2.5,818.39545,2,54.5705,36567,Vasilevskiy_L_different_L076_RZ_20240206_AV-1.raw,7.14E4,1,1,"Carbamidomethylation",,U6JMH0|U6JMH0_TITSE:U6JRI6|U6JRI6_TITSE:U6JMC3|U6JMC3_TITSE,DB Search
NPEFYGSLHNWGHVLMAR,104.34,2127.0107,18,-0.5,710.01056,3,58.7868,40030,Vasilevskiy_L_different_L076_RZ_20240206_AV-1.raw,1.66E6,2,2,"",,C6H101|C6H101_PANIM:A0A1E1WWC5|A0A1E1WWC5_TITOB,DB Search
NPLVVAYYDVDYVK,95.48,1656.8398,14,0.8,829.42792,2,62.6399,43161,Vasilevskiy_L_different_L076_RZ_20240206_AV-1.raw,4.83E5,1,1,"",,A0A2I9LPE8|A0A2I9LPE8_9SCOR,DB Search
NPNSDPSTYISPDEL,36.86,1647.7264,15,-8.1,550.24493,3,57.9846,39361,Vasilevskiy_L_different_L076_RZ_20240206_AV-1.raw,,0,0,"",,A0A7U1GJT2|A0A7U1GJT2_HEMLE,DB Search
NPYC(+57.02)DSEC(+57.02)K,103.05,1171.4274,9,-3.5,586.71893,2,24.0443,12322,Vasilevskiy_L_different_L076_RZ_20240206_AV-1.raw,,0,0,"Carbamidomethylation;Carbamidomethylation",,D8UWD8|SCXN9_MESEU:P09982|SCXE_MESEU:P86403|SCXN2_MESEU,DB Search
NPYC(+57.02)DSEC(+57.02)KK,96.33,1299.5223,10,0.9,650.76904,2,20.1964,9418,Vasilevskiy_L_different_L076_RZ_20240206_AV-1.raw,,0,0,"Carbamidomethylation;Carbamidomethylation",,D8UWD8|SCXN9_MESEU:P09982|SCXE_MESEU:P86403|SCXN2_MESEU,DB Search
NQ(+0.98)IGVC(+57.02)HGAN(+0.98)GK,104.96,1255.5615,12,-0.4,419.52762,3,18.4414,7990,Vasilevskiy_L_different_L076_RZ_20240206_AV-1.raw,5.94E5,1,1,"Deamidation (NQ);Carbamidomethylation;Deamidation (NQ)","Q2:Deamidation (NQ):0.00;C6:Deamidation (NQ):85.33",A0A088D9S2|A0A088D9S2_MESEU:E4VP20|E4VP20_MESEU,DB Search
NQ(+0.98)IGVC(+57.02)HGANGK,104.97,1254.5775,12,0.6,419.20001,3,17.9590,7547,Vasilevskiy_L_different_L076_RZ_20240206_AV-1.raw,6.16E5,1,1,"Deamidation (NQ);Carbamidomethylation","Q2:Deamidation (NQ):0.00",A0A088D9S2|A0A088D9S2_MESEU:E4VP20|E4VP20_MESEU,DB Search
NQIGVC(+57.02)HGAN,107.86,1068.4771,10,0.0,535.24579,2,18.2763,7846,Vasilevskiy_L_different_L076_RZ_20240206_AV-1.raw,3.01E5,1,1,"Carbamidomethylation",,A0A088D9S2|A0A088D9S2_MESEU:E4VP20|E4VP20_MESEU,DB Search
NQIGVC(+57.02)HGAN(+0.98)GK,105.00,1254.5775,12,0.0,419.19977,3,17.0429,6757,Vasilevskiy_L_different_L076_RZ_20240206_AV-1.raw,3.38E7,2,2,"Carbamidomethylation;Deamidation (NQ)","C6:Deamidation (NQ):89.48",A0A088D9S2|A0A088D9S2_MESEU:E4VP20|E4VP20_MESEU,DB Search
NQIGVC(+57.02)HGAN(+0.98)GKEK,105.01,1511.7151,14,0.6,504.91260,3,16.0415,5972,Vasilevskiy_L_different_L076_RZ_20240206_AV-1.raw,9.1E6,3,3,"Carbamidomethylation;Deamidation (NQ)","C6:Deamidation (NQ):113.22",A0A088D9S2|A0A088D9S2_MESEU:E4VP20|E4VP20_MESEU,DB Search
NQIGVC(+57.02)HGANGK,98.12,1253.5935,12,-0.1,418.87173,3,16.7565,6525,Vasilevskiy_L_different_L076_RZ_20240206_AV-1.raw,1.24E7,2,2,"Carbamidomethylation",,A0A088D9S2|A0A088D9S2_MESEU:E4VP20|E4VP20_MESEU,DB Search
NQVAMNPSNTVFDAK,105.01,1634.7722,15,0.6,818.39386,2,40.4023,25191,Vasilevskiy_L_different_L076_RZ_20240206_AV-1.raw,7.15E5,1,1,"",,A0A1W7RAC4|A0A1W7RAC4_9SCOR:A0A2I9LP41|A0A2I9LP41_9SCOR,DB Search
NSPEGEAYR,95.74,1021.4465,9,-0.3,511.73038,2,17.8667,7461,Vasilevskiy_L_different_L076_RZ_20240206_AV-1.raw,,0,0,"",,A0A2I9LNS6|A0A2I9LNS6_9SCOR,DB Search
NSVDSSVALSR,93.02,1133.5676,11,-0.6,567.79077,2,23.8315,12161,Vasilevskiy_L_different_L076_RZ_20240206_AV-1.raw,,0,0,"",,A0A1E1WVS7|A0A1E1WVS7_TITOB:C6H0Z8|C6H0Z8_PANIM,DB Search
NSYGGFR,85.57,799.3613,7,0.2,400.68802,2,22.4338,11179,Vasilevskiy_L_different_L076_RZ_20240206_AV-1.raw,4.08E5,1,1,"",,F1CIX1|F1CIX1_HOTJU,DB Search
NTILYPK,77.60,847.4803,7,0.3,424.74759,2,26.7492,14267,Vasilevskiy_L_different_L076_RZ_20240206_AV-1.raw,5.29E7,1,1,"",,B8XH01|LV1A_BUTOS,DB Search
NTLLYPK,77.60,847.4803,7,0.3,424.74759,2,26.7492,14267,Vasilevskiy_L_different_L076_RZ_20240206_AV-1.raw,5.29E7,1,1,"",,A0A0U4GT75|A0A0U4GT75_ODODO,DB Search
NVEYYGSLHNWGHVMMANITDPDHR,104.61,2955.3181,25,-1.3,986.11200,3,59.2663,40426,Vasilevskiy_L_different_L076_RZ_20240206_AV-1.raw,1.6E6,2,2,"",,P80476|HCY6_ANDAU:A0A2I9LP22|A0A2I9LP22_9SCOR:A0A1E1WVP7|A0A1E1WVP7_TITOB,DB Search
NVMAFC(+57.02)DR,97.98,1011.4266,8,-1.0,506.72009,2,32.3619,18671,Vasilevskiy_L_different_L076_RZ_20240206_AV-1.raw,4.45E5,1,1,"Carbamidomethylation",,A0A088DAZ3|A0A088DAZ3_MESEU:A0A088DAC7|A0A088DAC7_MESEU:A0A088DB22|A0A088DB22_MESEU,DB Search
NVMAFC(+57.02)DRDDC(+57.02)QK,94.58,1657.6647,13,0.1,829.83972,2,26.0028,13895,Vasilevskiy_L_different_L076_RZ_20240206_AV-1.raw,9.87E6,2,2,"Carbamidomethylation;Carbamidomethylation",,A0A088DAZ3|A0A088DAZ3_MESEU:A0A088DAC7|A0A088DAC7_MESEU:A0A088DB22|A0A088DB22_MESEU,DB Search
NVVDKYC(+57.02)SEDPLDC(+57.02)N(+0.98)EHC(+57.02)K,110.36,2381.9563,19,3.1,794.99512,3,32.5753,18955,Vasilevskiy_L_different_L076_RZ_20240206_AV-1.raw,3.5E5,2,2,"Carbamidomethylation;Carbamidomethylation;Deamidation (NQ);Carbamidomethylation","C7:Deamidation (NQ):104.57",A0A088D9S2|A0A088D9S2_MESEU,DB Search
NVVDKYC(+57.02)SEDPLDC(+57.02)NEHC(+57.02)K,105.02,2380.9722,19,0.6,794.66516,3,30.7401,17698,Vasilevskiy_L_different_L076_RZ_20240206_AV-1.raw,1.08E8,3,3,"Carbamidomethylation;Carbamidomethylation;Carbamidomethylation",,A0A088D9S2|A0A088D9S2_MESEU,DB Search
NVVDKYC(+57.02)SEDPLEC(+57.02)NEHC(+57.02)K,113.46,2394.9878,19,0.4,599.75446,4,30.6011,17215,Vasilevskiy_L_different_L076_RZ_20240206_AV-1.raw,1.19E7,3,3,"Carbamidomethylation;Carbamidomethylation;Carbamidomethylation",,E4VP20|E4VP20_MESEU,DB Search
NWC(+57.02)VFN,83.57,838.3432,6,0.3,420.17899,2,57.9391,39326,Vasilevskiy_L_different_L076_RZ_20240206_AV-1.raw,,0,0,"Carbamidomethylation",,M4GX67|SCBTY_MESMA:A0A146CJ61|A0A146CJ61_MESEU,DB Search
NWC(+57.02)VFNH,105.68,975.4021,7,0.2,488.70844,2,46.6011,30020,Vasilevskiy_L_different_L076_RZ_20240206_AV-1.raw,3.72E6,1,1,"Carbamidomethylation",,M4GX67|SCBTY_MESMA:A0A146CJ61|A0A146CJ61_MESEU,DB Search
NWC(+57.02)VFNHF,82.25,1122.4706,8,4.4,562.24500,2,62.9661,43485,Vasilevskiy_L_different_L076_RZ_20240206_AV-1.raw,5.79E4,1,1,"Carbamidomethylation",,M4GX67|SCBTY_MESMA:A0A146CJ61|A0A146CJ61_MESEU,DB Search
NWC(+57.02)VFNHFC(+57.02)EN,55.45,1525.5867,11,6.8,763.80585,2,62.8869,43409,Vasilevskiy_L_different_L076_RZ_20240206_AV-1.raw,,0,0,"Carbamidomethylation;Carbamidomethylation",,M4GX67|SCBTY_MESMA,DB Search
NWC(+57.02)VFNHFC(+57.02)ENIC(+57.02)ETYGGSGYC(+57.02)YFWK,101.36,3397.3513,26,-0.6,1133.45703,3,67.6399,47400,Vasilevskiy_L_different_L076_RZ_20240206_AV-1.raw,1.14E6,1,1,"Carbamidomethylation;Carbamidomethylation;Carbamidomethylation;Carbamidomethylation",,M4GX67|SCBTY_MESMA,DB Search
NWC(+57.02)VFNHFC(+57.02)ERM(+15.99)C(+57.02)IRYGGSGYC(+57.02)YF,70.34,3198.2815,24,-0.7,1067.10034,3,60.5745,41511,Vasilevskiy_L_different_L076_RZ_20240206_AV-1.raw,1.87E5,1,1,"Carbamidomethylation;Carbamidomethylation;Oxidation (M);Carbamidomethylation;Carbamidomethylation","C3:Oxidation (M):1000.00",A0A146CJ61|A0A146CJ61_MESEU,DB Search
NWC(+57.02)VLNHSC(+57.02)GILC(+57.02)EGYGGSGYC(+57.02)YFWK,84.99,3186.3245,26,-2.0,1063.11328,3,57.9554,39338,Vasilevskiy_L_different_L076_RZ_20240206_AV-1.raw,,0,0,"Carbamidomethylation;Carbamidomethylation;Carbamidomethylation;Carbamidomethylation",,Q9NBW2|SCBT_MESMA,DB Search
NYGPAGNIK,100.68,932.4716,9,0.7,467.24338,2,21.8853,10586,Vasilevskiy_L_different_L076_RZ_20240206_AV-1.raw,1.98E6,1,1,"",,A0A1L4BJ76|A0A1L4BJ76_HEMLE,DB Search
NYGYC(+57.02)YFWK,91.02,1299.5383,9,0.1,650.77649,2,57.9925,39367,Vasilevskiy_L_different_L076_RZ_20240206_AV-1.raw,,0,0,"Carbamidomethylation",,F1CIV8|F1CIV8_HOTJU:A0A5P8U2P2|A0A5P8U2P2_MESEU:P0C5H3|SCB1_LEIHE:R4H564|R4H564_MESEU:P86406|SCXNF_MESEU:E4VP18|E4VP18_MESEU:E4VP15|E4VP15_MESEU:Q9UAC8|SCAT_MESMA:P0CI59|SNAY2_LYCMC,DB Search
P(+42.01)YC(+57.02)DSEC(+57.02)KKN(+0.98)GADSGYC(+57.02)Q(+0.98)WFGR,33.74,2728.0627,22,6.1,1365.04700,2,56.8776,38461,Vasilevskiy_L_different_L076_RZ_20240206_AV-1.raw,,0,0,"Acetylation (Protein N-term);Carbamidomethylation;Carbamidomethylation;Deamidation (NQ);Carbamidomethylation; more","P1:Acetylation (Protein N-term):1000.00;C3:Deamidation (NQ):1000.00;C7:Deamidation (NQ):1000.00",D8UWD8|SCXN9_MESEU,DB Search
PAQIEK,50.15,684.3806,6,-0.5,343.19742,2,30.7903,17527,Vasilevskiy_L_different_L076_RZ_20240206_AV-1.raw,,0,0,"",,P86100|HYAL1_MESMA,DB Search
PASDGYIMGDR,94.49,1180.5182,11,0.9,591.26691,2,34.2146,20285,Vasilevskiy_L_different_L076_RZ_20240206_AV-1.raw,7.05E5,1,1,"",,E4VNZ8|E4VNZ8_MESEU:A0A1E1WW02|A0A1E1WW02_TITOB:E4VNZ7|E4VNZ7_MESEU,DB Search
PAYQGYC(+57.02)DDHC(+57.02)QDIEKK,110.20,2125.8833,17,4.8,709.63843,3,29.7982,16723,Vasilevskiy_L_different_L076_RZ_20240206_AV-1.raw,,0,0,"Carbamidomethylation;Carbamidomethylation",,A9XE60|KBX11_MESEU:E4VP14|E4VP14_MESEU:E4VP56|E4VP56_MESEU,DB Search
PC(+57.02)FTTDHNMAK,98.32,1320.5591,11,-1.9,661.28558,2,42.0336,26498,Vasilevskiy_L_different_L076_RZ_20240206_AV-1.raw,3.35E6,3,3,"Carbamidomethylation",,A0A0D4CZV2|A0A0D4CZV2_MESEU:F1DI80|CTXL2_MESEU:P60269|CTXI4_MESEU:A0A5P8U2Q5|A0A5P8U2Q5_MESEU:P86401|CTXL_MESEU,DB Search
PC(+57.02)FTTRPN(+0.98)MAQQC(+57.02)R,95.49,1766.7651,14,1.8,884.39142,2,45.8027,29428,Vasilevskiy_L_different_L076_RZ_20240206_AV-1.raw,1.06E6,1,1,"Carbamidomethylation;Deamidation (NQ);Carbamidomethylation","C2:Deamidation (NQ):91.37",A0A023UH07|A0A023UH07_MESGB:A0A023UGK1|A0A023UGK1_MESGB,DB Search
PDDVPIRVPGK,44.30,1191.6611,11,8.7,596.84302,2,52.3962,34801,Vasilevskiy_L_different_L076_RZ_20240206_AV-1.raw,,0,0,"",,Q9NJC8|SC13_MESMA:P58328|SCX4_MESMA:Q6IZE1|Q6IZE1_MESMA:Q9N682|SCXB_MESMA,DB Search
PDKDVTIWN(+0.98)AVK,93.03,1385.7190,12,0.9,693.86743,2,52.0300,34328,Vasilevskiy_L_different_L076_RZ_20240206_AV-1.raw,6.06E5,1,1,"Deamidation (NQ)","N9:Deamidation (NQ):1000.00",A0A146CJ25|A0A146CJ25_MESEU,DB Search
PDKDVTIWNAVK,100.66,1384.7350,12,-0.8,462.58527,3,49.1580,32124,Vasilevskiy_L_different_L076_RZ_20240206_AV-1.raw,9.43E6,1,1,"",,A0A146CJ25|A0A146CJ25_MESEU,DB Search
PDKVPIK,48.27,795.4854,7,0.3,398.75009,2,23.3163,12254,Vasilevskiy_L_different_L076_RZ_20240206_AV-1.raw,7.53E8,3,3,"",,A0A0U4RZC4|A0A0U4RZC4_ODODO:M1JB54|SCX7_ANDCR:P86408|SCXN1_MESEU:P15224|SCX1_ORTSC:A0A0K0LBU4|A0A0K0LBU4_9SCOR:A0A0B5GD34|A0A0B5GD34_MESEU:D8UWD3|SCXN7_MESEU:D5HR49|D5HR49_9SCOR:A0A143FHE4|A0A143FHE4_MESEU:Q86SE0|SCX2_ANDAM,DB Search
PDKVPIR,66.96,823.4916,7,0.1,412.75311,2,32.7530,19103,Vasilevskiy_L_different_L076_RZ_20240206_AV-1.raw,1.1E9,3,3,"",,P56569|MKTX1_MESMA:Q56TT9|SCIT_HOTJU:Q86BW9|MKTX2_MESMA:A0A0K0LBX2|A0A0K0LBX2_9SCOR:A0A7D5FUD4|A0A7D5FUD4_MESEU:P0DJH8|SCX1_BUTMA:F0V3W0|F0V3W0_HOTJU:Q49S27|Q49S27_MESMA:P0DQN9|DEL2A_HOTJU:Q9GNG8|SC15_MESMA:P0DMH9|SCX47_MESMA:Q9GUA7|SCA3_MESMA:Q9GYX2|SCA1_MESMA:D5HR55|D5HR55_HOTJU:B8XGY7|B8XGY7_BUTOS:B8XGY1|B8XGY1_BUTOS:P01483|SCX2_BUTOC:Q95P69|SCAA_MESMA:P84614|SCX28_HOTTS:A0A146CJC0|A0A146CJC0_MESEU:P86403|SCXN2_MESEU:Q4TUA4|SCA4_MESMA:P01489|SCX4_LEIQU:P59896|SCXI_BUTOM:G4V3T9|SCAA2_MESMA:A0A146CJ90|A0A146CJ90_MESEU:F1CJ53|F1CJ53_HOTJU:D8UWD8|SCXN9_MESEU:P83644|SCX4_LEIHE:P82815|SCBK_MESMA:P59853|MKTX3_MESMA,DB Search
PDKVPIRIPGEC(+57.02)R,104.18,1535.8242,13,-0.1,768.91931,2,42.3014,26703,Vasilevskiy_L_different_L076_RZ_20240206_AV-1.raw,4.19E7,1,1,"Carbamidomethylation",,D8UWD8|SCXN9_MESEU:P86403|SCXN2_MESEU,DB Search
PDM(+15.99)AQQC(+57.02)R,91.27,1020.4117,8,-1.8,511.21222,2,14.6177,4845,Vasilevskiy_L_different_L076_RZ_20240206_AV-1.raw,9.78E3,1,1,"Oxidation (M);Carbamidomethylation","M3:Oxidation (M):1000.00",E4VP45|E4VP45_MESEU:P15220|CTXI1_MESEU:A0A143MGK4|A0A143MGK4_MESEU:E4VP46|E4VP46_MESEU:R4H559|R4H559_MESEU:A0A146CIP8|A0A146CIP8_MESEU:R4H5A4|R4H5A4_MESEU:P86402|CTXL1_MESEU:A0A146CIP9|A0A146CIP9_MESEU,DB Search
PDNVPIR,45.10,809.4395,7,0.3,405.72717,2,62.8294,43361,Vasilevskiy_L_different_L076_RZ_20240206_AV-1.raw,7.51E4,1,1,"",,A0A5P8U2M3|A0A5P8U2M3_MESEU:Q1EG64|Q1EG64_MESMA:D8UWD6|SCXNA_MESEU:Q6IZE0|Q6IZE0_MESMA:P01488|SCX1_BUTOC:P17728|SCXA_LEIHE:P59854|SCX7_MESMA:P59360|SCX2_MESMA:P86405|SCXN5_MESEU:A0A5P8U2Q8|A0A5P8U2Q8_MESEU:D8UWD5|SCXN8_MESEU:B8XGZ0|B8XGZ0_BUTOS:E7CZZ0|SCXNB_MESEU:P01487|SCX3_LEIQU:A0A5P8U2P7|A0A5P8U2P7_MESEU:P58488|SCM2_MESMA:E7CZZ1|SCXNC_MESEU:P45697|SCM1_MESMA:P86404|SCXN4_MESEU:P59354|SCX4_BUTOM:Q1EG63|Q1EG63_MESMA:Q1EG65|Q1EG65_MESMA:Q9NJC5|SC10_MESMA:P60257|SCXC_BUTOM:P09981|SCX9_MESEU:B8XGY6|B8XGY6_BUTOS:Q9GQW3|SC12_MESMA:P55902|SIX1_BUTOC:Q9GQV6|SC16_MESMA:G4WFQ2|SCXND_MESEU:E7D082|SCX5B_MESEU,DB Search
PDNVPIRIPGK,55.85,1204.6927,11,2.3,603.35504,2,65.6216,45676,Vasilevskiy_L_different_L076_RZ_20240206_AV-1.raw,,0,0,"",,A0A5P8U2M3|A0A5P8U2M3_MESEU:D8UWD6|SCXNA_MESEU:P01488|SCX1_BUTOC:P86404|SCXN4_MESEU:P59354|SCX4_BUTOM:P86405|SCXN5_MESEU:A0A5P8U2Q8|A0A5P8U2Q8_MESEU:P60257|SCXC_BUTOM:D8UWD5|SCXN8_MESEU:B8XGZ0|B8XGZ0_BUTOS:E7CZZ0|SCXNB_MESEU:P09981|SCX9_MESEU:P55902|SIX1_BUTOC:G4WFQ2|SCXND_MESEU:E7D082|SCX5B_MESEU:A0A5P8U2P7|A0A5P8U2P7_MESEU,DB Search
PDNVPIRVPGK,94.68,1190.6771,11,3.3,596.34778,2,52.4504,34833,Vasilevskiy_L_different_L076_RZ_20240206_AV-1.raw,6.4E4,1,1,"",,Q1EG64|Q1EG64_MESMA:P45697|SCM1_MESMA:Q6IZE0|Q6IZE0_MESMA:B8XGY6|B8XGY6_BUTOS:P17728|SCXA_LEIHE:Q9GQW3|SC12_MESMA:P01487|SCX3_LEIQU:Q9GQV6|SC16_MESMA:Q1EG63|Q1EG63_MESMA:Q1EG65|Q1EG65_MESMA:P58488|SCM2_MESMA,DB Search
PEGTLR,49.83,671.3602,6,1.4,336.68787,2,20.6366,9738,Vasilevskiy_L_different_L076_RZ_20240206_AV-1.raw,,0,0,"",,Q9N661|KBX1_MESMA:A0A143MI92|A0A143MI92_MESEU:A0A0U4H7F5|A0A0U4H7F5_ODODO:A0A059UI30|KBX1_MESGB:A0A2I9LP46|A0A2I9LP46_9SCOR,DB Search
PESTLR,64.31,701.3708,6,0.5,351.69284,2,20.5314,9678,Vasilevskiy_L_different_L076_RZ_20240206_AV-1.raw,,0,0,"",,A0A5P8U361|A0A5P8U361_MESEU:A9XE59|KBX12_MESEU:B8XH40|KBX1_BUTOS:A9XE60|KBX11_MESEU:E4VP14|E4VP14_MESEU:E4VP56|E4VP56_MESEU:A0A088D9S1|A0A088D9S1_MESEU:A0A088DB53|A0A088DB53_MESEU,DB Search
PFFNGLVK,94.54,920.5120,8,0.1,461.26331,2,52.9686,35278,Vasilevskiy_L_different_L076_RZ_20240206_AV-1.raw,9.61E4,1,1,"",,A0A1W7RA50|A0A1W7RA50_9SCOR:A0A2I9LPD1|A0A2I9LPD1_9SCOR,DB Search
PGEFPWMVFIK,97.00,1349.6842,11,0.5,675.84967,2,69.3858,48904,Vasilevskiy_L_different_L076_RZ_20240206_AV-1.raw,1.28E5,1,1,"",,E4VP21|E4VP21_MESEU:F1CIY2|F1CIY2_HOTJU,DB Search
PGSKNC(+57.02)SSSDGYIMGDR,54.24,1829.7672,17,2.4,915.89307,2,26.5954,14268,Vasilevskiy_L_different_L076_RZ_20240206_AV-1.raw,,0,0,"Carbamidomethylation",,A0A2I9LP83|A0A2I9LP83_9SCOR,DB Search
PHN(+0.98)C(+57.02)VYEC(+57.02)YNPK,103.77,1580.6388,12,0.9,527.88733,3,24.2852,12345,Vasilevskiy_L_different_L076_RZ_20240206_AV-1.raw,1.45E7,3,3,"Deamidation (NQ);Carbamidomethylation;Carbamidomethylation","N3:Deamidation (NQ):48.97",A0A5P8U2M3|A0A5P8U2M3_MESEU:P09981|SCX9_MESEU:A0A5P8U2P7|A0A5P8U2P7_MESEU,DB Search
PHNC(+57.02)VYEC(+57.02)FDAFSSYC(+57.02)NGVC(+57.02)TK,102.06,2714.0659,22,0.4,905.69623,3,55.2427,37158,Vasilevskiy_L_different_L076_RZ_20240206_AV-1.raw,2.06E5,1,1,"Carbamidomethylation;Carbamidomethylation;Carbamidomethylation;Carbamidomethylation",,D8UWD6|SCXNA_MESEU:E7CZZ0|SCXNB_MESEU:P86404|SCXN4_MESEU:E7D082|SCX5B_MESEU:P86405|SCXN5_MESEU:E7CZY9|SCXN6_MESEU,DB Search
PHNC(+57.02)VYEC(+57.02)YNPK,110.27,1579.6548,12,0.8,527.55927,3,21.9476,10773,Vasilevskiy_L_different_L076_RZ_20240206_AV-1.raw,7.5E8,2,2,"Carbamidomethylation;Carbamidomethylation",,A0A5P8U2M3|A0A5P8U2M3_MESEU:P09981|SCX9_MESEU:A0A5P8U2P7|A0A5P8U2P7_MESEU,DB Search
PIDKDNNNYFLC(+57.02)HHK,96.83,1913.8843,15,5.3,638.97205,3,51.1189,33744,Vasilevskiy_L_different_L076_RZ_20240206_AV-1.raw,,0,0,"Carbamidomethylation",,R4H5L6|R4H5L6_MESEU,DB Search
PIFFAR,45.53,749.4224,6,0.7,375.71875,2,44.7082,28542,Vasilevskiy_L_different_L076_RZ_20240206_AV-1.raw,3E6,1,1,"",,A0A1E1WVL0|A0A1E1WVL0_TITOB,DB Search
PIRIPGEC(+57.02)R,21.45,1096.5812,9,-0.5,549.29755,2,42.3716,26578,Vasilevskiy_L_different_L076_RZ_20240206_AV-1.raw,4.02E6,1,1,"Carbamidomethylation",,D8UWD8|SCXN9_MESEU:A0A146CJ08|A0A146CJ08_MESEU:P86403|SCXN2_MESEU,DB Search
PLLFPS,41.40,672.3846,6,1.0,673.39258,1,61.4274,42152,Vasilevskiy_L_different_L076_RZ_20240206_AV-1.raw,6.07E5,1,1,"",,A0A8K1NDQ8|A0A8K1NDQ8_ANDCR,DB Search
PLQDMIAR,50.59,942.4957,8,0.2,472.25522,2,35.0763,20905,Vasilevskiy_L_different_L076_RZ_20240206_AV-1.raw,4.09E6,1,1,"",,E4VP21|E4VP21_MESEU,DB Search
PN(+0.98)KVPIK,53.93,795.4854,7,0.3,398.75012,2,21.1048,10084,Vasilevskiy_L_different_L076_RZ_20240206_AV-1.raw,,0,0,"Deamidation (NQ)","N2:Deamidation (NQ):1000.00",Q2YHM1|SCX8R_ANDMA:B8XGZ6|B8XGZ6_BUTOS:B8XGY3|B8XGY3_BUTOS,DB Search
PN(+0.98)MAQQC(+57.02)R,88.54,1004.4168,8,0.4,503.21588,2,16.8233,6559,Vasilevskiy_L_different_L076_RZ_20240206_AV-1.raw,1.15E7,1,1,"Deamidation (NQ);Carbamidomethylation","N2:Deamidation (NQ):101.94",A0A023UH07|A0A023UH07_MESGB:A0A023UGK1|A0A023UGK1_MESGB,DB Search
PNAAWC(+57.02)YYLFPDC(+57.02)YNYGGKDQPSQYFC(+57.02)K,100.59,3511.4736,28,3.9,1171.50305,3,66.9154,46777,Vasilevskiy_L_different_L076_RZ_20240206_AV-1.raw,2.94E5,1,1,"Carbamidomethylation;Carbamidomethylation;Carbamidomethylation",,A0A7T9L322|A0A7T9L322_ANDCR,DB Search
PNTVC(+57.02)R,29.94,745.3541,6,1.0,373.68469,2,50.5131,33240,Vasilevskiy_L_different_L076_RZ_20240206_AV-1.raw,,0,0,"Carbamidomethylation",,E4VNZ8|E4VNZ8_MESEU:E4VNZ7|E4VNZ7_MESEU,DB Search
PSLGKPC(+57.02)NSNR,90.79,1228.5983,11,-1.1,615.30573,2,17.6454,7233,Vasilevskiy_L_different_L076_RZ_20240206_AV-1.raw,6E5,1,1,"Carbamidomethylation",,A0A088DB35|A0A088DB35_MESEU:A0A088DAF5|A0A088DAF5_MESEU,DB Search
PTDHEGC(+57.02)K,95.72,942.3865,8,0.3,472.20065,2,13.7164,4150,Vasilevskiy_L_different_L076_RZ_20240206_AV-1.raw,,0,0,"Carbamidomethylation",,Q9NBW2|SCBT_MESMA:A0A146CJ61|A0A146CJ61_MESEU,DB Search
PTMFTDIR,85.85,979.4797,8,1.1,490.74765,2,57.8823,39280,Vasilevskiy_L_different_L076_RZ_20240206_AV-1.raw,2.07E5,1,1,"",,A0A146CIZ6|A0A146CIZ6_MESEU,DB Search
PVASTVIQNVNR,72.26,1296.7150,12,0.0,649.36475,2,58.0974,39485,Vasilevskiy_L_different_L076_RZ_20240206_AV-1.raw,3.01E5,1,1,"",,P86100|HYAL1_MESMA,DB Search
PVSEIYTYNGYNGNWVNDIAILK,109.52,2642.3015,23,3.9,881.77789,3,67.0808,46985,Vasilevskiy_L_different_L076_RZ_20240206_AV-1.raw,4.39E5,1,1,"",,E4VP22|E4VP22_MESEU:E4VP49|E4VP49_MESEU,DB Search
PVTFTPDVNR,81.36,1144.5876,10,0.2,573.30121,2,33.9753,20111,Vasilevskiy_L_different_L076_RZ_20240206_AV-1.raw,,0,0,"",,E4VP21|E4VP21_MESEU,DB Search
PYC(+57.02)DSEC(+57.02)K,65.82,1057.3845,8,-0.1,529.69946,2,43.4643,27604,Vasilevskiy_L_different_L076_RZ_20240206_AV-1.raw,1.23E5,1,1,"Carbamidomethylation;Carbamidomethylation",,D8UWD8|SCXN9_MESEU:P09982|SCXE_MESEU:P86403|SCXN2_MESEU,DB Search
PYC(+57.02)DSEC(+57.02)KK,96.27,1185.4795,9,1.6,593.74792,2,20.2219,9439,Vasilevskiy_L_different_L076_RZ_20240206_AV-1.raw,4.57E6,3,3,"Carbamidomethylation;Carbamidomethylation",,D8UWD8|SCXN9_MESEU:P09982|SCXE_MESEU:P86403|SCXN2_MESEU,DB Search
PYFPHC(+57.02)C(+57.02)PTSPK,37.49,1489.6482,12,2.1,745.83295,2,45.8805,29564,Vasilevskiy_L_different_L076_RZ_20240206_AV-1.raw,,0,0,"Carbamidomethylation;Carbamidomethylation",,A0A059UI24|A0A059UI24_MESGB,DB Search
Q(+0.98)C(+57.02)WPVC(+57.02)K,78.43,977.4099,7,0.2,489.71231,2,28.4280,15705,Vasilevskiy_L_different_L076_RZ_20240206_AV-1.raw,5.15E6,2,2,"Deamidation (NQ);Carbamidomethylation;Carbamidomethylation","Q1:Deamidation (NQ):1000.00",A0RZD1|A0RZD1_MESMA:Q1EFP8|Q1EFP8_MESMA:C0HJQ8|KAX1G_MESEU:Q9NII6|KAX15_MESMA:Q9NII5|KAX16_MESMA:V9LLY8|V9LLY8_MESMA:C0HJQ7|KAX1H_MESEU,DB Search
Q(+0.98)DC(+57.02)NEC(+57.02)EC(+57.02)VK,74.26,1341.4635,10,0.0,671.73907,2,16.9789,6716,Vasilevskiy_L_different_L076_RZ_20240206_AV-1.raw,,0,0,"Deamidation (NQ);Carbamidomethylation;Carbamidomethylation;Carbamidomethylation","Q1:Deamidation (NQ):9.42",A0A1E1WVL7|A0A1E1WVL7_TITOB,DB Search
Q(+0.98)EN(+0.98)KHILVEFYAPWC(+57.02)GHC(+57.02)K,102.53,2417.0933,19,0.5,605.28088,4,64.8743,45049,Vasilevskiy_L_different_L076_RZ_20240206_AV-1.raw,8.45E5,2,2,"Deamidation (NQ);Deamidation (NQ);Carbamidomethylation;Carbamidomethylation","Q1:Deamidation (NQ):1000.00;N3:Deamidation (NQ):1000.00",A0A1W7R9Z7|A0A1W7R9Z7_9SCOR,DB Search
Q(+0.98)ILEPYFPHC(+57.02)C(+57.02)PTSPK,92.27,1973.9015,16,1.6,658.97552,3,47.8624,31212,Vasilevskiy_L_different_L076_RZ_20240206_AV-1.raw,1.22E5,1,1,"Deamidation (NQ);Carbamidomethylation;Carbamidomethylation","Q1:Deamidation (NQ):1000.00",A0A059UI24|A0A059UI24_MESGB,DB Search
Q(+0.98)ILGTYGN(+0.98)GC(+57.02)WC(+57.02)IALPGNVPIRIPGK,42.68,2855.4463,26,-4.5,714.86560,4,66.1037,46082,Vasilevskiy_L_different_L076_RZ_20240206_AV-1.raw,,0,0,"Deamidation (NQ);Deamidation (NQ);Carbamidomethylation;Carbamidomethylation","Q1:Deamidation (NQ):0.00;N8:Deamidation (NQ):0.00",E7CZY9|SCXN6_MESEU,DB Search
Q(+0.98)PMQISLK,40.07,944.5001,8,4.8,473.25958,2,35.6565,21497,Vasilevskiy_L_different_L076_RZ_20240206_AV-1.raw,1.64E5,1,1,"Deamidation (NQ)","Q1:Deamidation (NQ):19.05",T1DPC1|T1DPC1_9SCOR,DB Search
Q(+0.98)PSTDDYLLY,98.52,1214.5343,10,0.3,608.27460,2,59.7301,40715,Vasilevskiy_L_different_L076_RZ_20240206_AV-1.raw,2.9E5,1,1,"Deamidation (NQ)","Q1:Deamidation (NQ):1000.00",F8THJ4|F8THJ4_HOTJU,DB Search
Q(+0.98)PSTDDYLLYC(+57.02)HF,109.64,1658.6923,13,0.9,830.35419,2,62.7855,43283,Vasilevskiy_L_different_L076_RZ_20240206_AV-1.raw,2.72E4,1,1,"Deamidation (NQ);Carbamidomethylation","Q1:Deamidation (NQ):1000.00",F8THJ4|F8THJ4_HOTJU,DB Search
Q(+0.98)PSTDDYLLYC(+57.02)HFSDK,110.30,1988.8462,16,0.4,663.95630,3,51.3618,33871,Vasilevskiy_L_different_L076_RZ_20240206_AV-1.raw,3.09E6,2,2,"Deamidation (NQ);Carbamidomethylation","Q1:Deamidation (NQ):1000.00",F8THJ4|F8THJ4_HOTJU,DB Search
Q(+0.98)STALC(+57.02)PSIYMQESHITK,93.86,2093.9761,18,8.7,1048.00452,2,45.6512,29377,Vasilevskiy_L_different_L076_RZ_20240206_AV-1.raw,,0,0,"Deamidation (NQ);Carbamidomethylation","Q1:Deamidation (NQ):111.67",P86100|HYAL1_MESMA,DB Search
Q(+42.01)(+0.98)NYNC(+57.02)VYFC(+57.02)MKDDYC(+57.02)NDLC(+57.02)TKNGASSGYC(+57.02)QWAGK,37.84,4219.6572,34,-6.2,1055.91504,4,59.5628,40674,Vasilevskiy_L_different_L076_RZ_20240206_AV-1.raw,,0,0,"Acetylation (Protein N-term);Deamidation (NQ);Carbamidomethylation;Carbamidomethylation;Carbamidomethylation; more","Q1:Acetylation (Protein N-term):0.00",P55902|SIX1_BUTOC,DB Search
QALEIVGFK,96.69,1003.5702,9,0.6,502.79269,2,51.4606,34076,Vasilevskiy_L_different_L076_RZ_20240206_AV-1.raw,1.11E5,1,1,"",,A0A1W7R9Y3|A0A1W7R9Y3_9SCOR:A0A2I9LPF2|A0A2I9LPF2_9SCOR,DB Search
QC(+57.02)C(+57.02)YGYK,63.08,977.3735,7,0.0,489.69403,2,19.3646,8731,Vasilevskiy_L_different_L076_RZ_20240206_AV-1.raw,,0,0,"Carbamidomethylation;Carbamidomethylation",,A0A1W7R9F7|A0A1W7R9F7_9SCOR,DB Search
QC(+57.02)LC(+57.02)N(+0.98)R,55.54,850.3426,6,0.5,426.17877,2,16.4587,6283,Vasilevskiy_L_different_L076_RZ_20240206_AV-1.raw,,0,0,"Carbamidomethylation;Carbamidomethylation;Deamidation (NQ)","C2:Deamidation (NQ):87.62",E4VP45|E4VP45_MESEU:A0A0D4CZV2|A0A0D4CZV2_MESEU:R4H559|R4H559_MESEU:Q9UAD0|CTXL_MESMA:R4H5A4|R4H5A4_MESEU:A0A146CJD6|A0A146CJD6_MESEU:P86402|CTXL1_MESEU:P60270|CTXI5_MESEU:A0A0U3YCU6|A0A0U3YCU6_ODODO:A0A5P8U2Q5|A0A5P8U2Q5_MESEU:P85066|CTXL1_LEIHE:P59887|CTXL_HOTTS:P15222|CTX5A_MESEU:E4VP46|E4VP46_MESEU:A0A146CJF8|A0A146CJF8_MESEU:A0A5P8U2N8|A0A5P8U2N8_MESEU:P01498|CTXL_ANDMA:Q9BJW4|CTXLB_MESMA:P60269|CTXI4_MESEU:A0A0D4CYV3|A0A0D4CYV3_MESEU:P86401|CTXL_MESEU,DB Search
QC(+57.02)LC(+57.02)NR,83.28,849.3585,6,0.4,425.68671,2,16.1238,6058,Vasilevskiy_L_different_L076_RZ_20240206_AV-1.raw,6.46E7,1,1,"Carbamidomethylation;Carbamidomethylation",,E4VP45|E4VP45_MESEU:A0A0D4CZV2|A0A0D4CZV2_MESEU:R4H559|R4H559_MESEU:Q9UAD0|CTXL_MESMA:R4H5A4|R4H5A4_MESEU:A0A146CJD6|A0A146CJD6_MESEU:P86402|CTXL1_MESEU:P60270|CTXI5_MESEU:A0A0U3YCU6|A0A0U3YCU6_ODODO:A0A5P8U2Q5|A0A5P8U2Q5_MESEU:P85066|CTXL1_LEIHE:P59887|CTXL_HOTTS:P15222|CTX5A_MESEU:E4VP46|E4VP46_MESEU:A0A146CJF8|A0A146CJF8_MESEU:A0A5P8U2N8|A0A5P8U2N8_MESEU:P01498|CTXL_ANDMA:Q9BJW4|CTXLB_MESMA:P60269|CTXI4_MESEU:A0A0D4CYV3|A0A0D4CYV3_MESEU:P86401|CTXL_MESEU,DB Search
QC(+57.02)LQ(+0.98)SC(+57.02)K,36.18,923.3841,7,0.8,462.69968,2,16.4692,6290,Vasilevskiy_L_different_L076_RZ_20240206_AV-1.raw,,0,0,"Carbamidomethylation;Deamidation (NQ);Carbamidomethylation","C2:Deamidation (NQ):47.36",A0A088DB48|A0A088DB48_MESEU:C0HJQ4|KAX3I_MESEU:A0A088D9R9|A0A088D9R9_MESEU,DB Search
QC(+57.02)QHVR,53.00,826.3868,6,0.3,414.20081,2,14.0582,4346,Vasilevskiy_L_different_L076_RZ_20240206_AV-1.raw,5.24E4,2,2,"Carbamidomethylation",,A0A143MGX8|A0A143MGX8_MESEU:A0A088DB03|A0A088DB03_MESEU,DB Search
QC(+57.02)QTVQDC(+57.02)YK,93.92,1328.5490,10,0.3,665.28192,2,19.1747,8562,Vasilevskiy_L_different_L076_RZ_20240206_AV-1.raw,5.09E6,1,1,"Carbamidomethylation;Carbamidomethylation",,A0A088D9Q7|A0A088D9Q7_MESEU,DB Search
QC(+57.02)WPIC(+57.02)EK,102.23,1119.4841,8,-0.6,560.74902,2,35.3247,21470,Vasilevskiy_L_different_L076_RZ_20240206_AV-1.raw,1.49E6,1,1,"Carbamidomethylation;Carbamidomethylation",,A0A088DAD7|A0A088DAD7_MESEU,DB Search
QC(+57.02)WPVC(+57.02),28.81,848.3309,6,0.1,425.17279,2,40.7244,25503,Vasilevskiy_L_different_L076_RZ_20240206_AV-1.raw,,0,0,"Carbamidomethylation;Carbamidomethylation",,H2ER23|KAX1F_MESMA:A0RZD1|A0RZD1_MESMA:C0HJQ8|KAX1G_MESEU:Q9NII6|KAX15_MESMA:V9LLY8|V9LLY8_MESMA:C0HJQ7|KAX1H_MESEU,DB Search
QC(+57.02)WPVC(+57.02)K,87.10,976.4259,7,1.0,489.22070,2,26.6793,14226,Vasilevskiy_L_different_L076_RZ_20240206_AV-1.raw,1.65E9,1,1,"Carbamidomethylation;Carbamidomethylation",,A0RZD1|A0RZD1_MESMA:Q1EFP8|Q1EFP8_MESMA:C0HJQ8|KAX1G_MESEU:Q9NII6|KAX15_MESMA:Q9NII5|KAX16_MESMA:V9LLY8|V9LLY8_MESMA:C0HJQ7|KAX1H_MESEU,DB Search
QDMIAR,47.91,732.3588,6,0.0,367.18671,2,19.5963,8949,Vasilevskiy_L_different_L076_RZ_20240206_AV-1.raw,5.71E5,1,1,"",,E4VP21|E4VP21_MESEU,DB Search
QEIDEIDKSGFGG,48.93,1393.6361,13,0.9,697.82593,2,55.9166,37577,Vasilevskiy_L_different_L076_RZ_20240206_AV-1.raw,1.38E6,1,1,"",,A0A0U1TZ84|A0A0U1TZ84_ISOMC:A0A2I9LPZ6|A0A2I9LPZ6_9SCOR,DB Search
QELDEIDKSGFGG,48.93,1393.6361,13,0.9,697.82593,2,55.9166,37577,Vasilevskiy_L_different_L076_RZ_20240206_AV-1.raw,1.38E6,1,1,"",,E4VP42|E4VP42_MESEU:E4VP55|E4VP55_MESEU:A0A146CJA5|A0A146CJA5_MESEU:F8THJ9|F8THJ9_HOTJU,DB Search
QELDEIDKSGFGGFH,88.12,1677.7634,15,1.0,560.26233,3,59.9737,40989,Vasilevskiy_L_different_L076_RZ_20240206_AV-1.raw,1.95E5,1,1,"",,E4VP42|E4VP42_MESEU:E4VP55|E4VP55_MESEU:A0A146CJA5|A0A146CJA5_MESEU:F8THJ9|F8THJ9_HOTJU,DB Search
QEYDESGPSIVHR,104.29,1515.6953,13,0.3,506.23923,3,24.0550,12347,Vasilevskiy_L_different_L076_RZ_20240206_AV-1.raw,1.64E5,1,1,"",,A0A1W7RB59|A0A1W7RB59_9SCOR:E6Y2S5|E6Y2S5_MESMA:A0A1W7RB46|A0A1W7RB46_9SCOR:A0A2I9LNI8|A0A2I9LNI8_9SCOR:A0A0K0LCC7|A0A0K0LCC7_9SCOR:A0A0K0LCB9|A0A0K0LCB9_9SCOR:A0A2I9LNM3|A0A2I9LNM3_9SCOR,DB Search
QFGC(+57.02)PAYQGYC(+57.02)DDHC(+57.02)QDIEKK,110.55,2618.0625,21,1.3,655.52374,4,29.4848,16464,Vasilevskiy_L_different_L076_RZ_20240206_AV-1.raw,1.15E6,2,2,"Carbamidomethylation;Carbamidomethylation;Carbamidomethylation",,A9XE60|KBX11_MESEU:E4VP14|E4VP14_MESEU:E4VP56|E4VP56_MESEU,DB Search
QFTNVSC(+57.02)SASSQ(+0.98)C(+57.02)WPIC(+57.02)EK,58.36,2288.9500,19,9.2,763.99762,3,61.4402,42224,Vasilevskiy_L_different_L076_RZ_20240206_AV-1.raw,,0,0,"Carbamidomethylation;Deamidation (NQ);Carbamidomethylation;Carbamidomethylation","C7:Deamidation (NQ):15.88",A0A088DAD7|A0A088DAD7_MESEU,DB Search
QFTNVSC(+57.02)SASSQC(+57.02)WPIC(+57.02)EK,93.35,2287.9661,19,0.2,1144.99048,2,61.5594,42225,Vasilevskiy_L_different_L076_RZ_20240206_AV-1.raw,3.56E6,2,2,"Carbamidomethylation;Carbamidomethylation;Carbamidomethylation",,A0A088DAD7|A0A088DAD7_MESEU,DB Search
QGFYPIDKDNNNYFLC(+57.02)HHK,110.84,2409.0959,19,0.9,804.04004,3,42.9666,27142,Vasilevskiy_L_different_L076_RZ_20240206_AV-1.raw,3.07E6,3,3,"Carbamidomethylation",,R4H5L6|R4H5L6_MESEU,DB Search
QGYC(+57.02)DDHC(+57.02)QDIEK,102.00,1666.6351,13,0.5,556.55261,3,18.9874,8441,Vasilevskiy_L_different_L076_RZ_20240206_AV-1.raw,9.53E5,2,2,"Carbamidomethylation;Carbamidomethylation",,A9XE59|KBX12_MESEU:A9XE60|KBX11_MESEU:E4VP14|E4VP14_MESEU:E4VP56|E4VP56_MESEU,DB Search
QGYC(+57.02)DDHC(+57.02)QDIEKK,105.02,1794.7301,14,0.8,599.25110,3,17.4611,7105,Vasilevskiy_L_different_L076_RZ_20240206_AV-1.raw,1.08E7,3,3,"Carbamidomethylation;Carbamidomethylation",,A9XE59|KBX12_MESEU:A9XE60|KBX11_MESEU:E4VP14|E4VP14_MESEU:E4VP56|E4VP56_MESEU,DB Search
QHLLSQELPEDWDKHPVK,110.47,2198.1121,18,-1.9,733.70990,3,39.3626,24378,Vasilevskiy_L_different_L076_RZ_20240206_AV-1.raw,3.32E5,2,2,"",,F1CJ13|F1CJ13_HOTJU,DB Search
QILEPYFPH,83.14,1142.5760,9,0.4,572.29553,2,55.1078,36814,Vasilevskiy_L_different_L076_RZ_20240206_AV-1.raw,1.79E6,1,1,"",,A0A059UI24|A0A059UI24_MESGB,DB Search
QILEPYFPHC(+57.02)C(+57.02)PTSP,90.09,1844.8225,15,1.5,923.41992,2,54.9518,36887,Vasilevskiy_L_different_L076_RZ_20240206_AV-1.raw,8.25E4,1,1,"Carbamidomethylation;Carbamidomethylation",,A0A059UI24|A0A059UI24_MESGB,DB Search
QILEPYFPHC(+57.02)C(+57.02)PTSPK,105.02,1972.9175,16,1.0,658.64709,3,45.8751,29898,Vasilevskiy_L_different_L076_RZ_20240206_AV-1.raw,1.76E8,2,2,"Carbamidomethylation;Carbamidomethylation",,A0A059UI24|A0A059UI24_MESGB,DB Search
QITMNDLPVGR,104.90,1242.6390,11,-0.4,622.32654,2,45.2128,29047,Vasilevskiy_L_different_L076_RZ_20240206_AV-1.raw,8.48E5,2,2,"",,A0A1W7R9D4|A0A1W7R9D4_9SCOR,DB Search
QKELEGIC(+57.02)NPIITK,98.77,1641.8760,14,0.5,548.29956,3,39.2654,24223,Vasilevskiy_L_different_L076_RZ_20240206_AV-1.raw,3.16E5,1,1,"Carbamidomethylation",,A0A0U4GZ20|A0A0U4GZ20_ODODO,DB Search
QLAPIYEELGEK,96.32,1388.7188,12,-0.9,695.36603,2,52.7646,35097,Vasilevskiy_L_different_L076_RZ_20240206_AV-1.raw,1.69E5,1,1,"",,A0A1W7R9Z7|A0A1W7R9Z7_9SCOR:A0A2I9LPF6|A0A2I9LPF6_9SCOR:F1CJ13|F1CJ13_HOTJU,DB Search
QLDNGC(+57.02)FPVIGM(+15.99)VHNTQMK,27.78,2204.0176,19,-0.8,735.67926,3,50.2486,32968,Vasilevskiy_L_different_L076_RZ_20240206_AV-1.raw,3.08E5,1,1,"Carbamidomethylation;Oxidation (M)","C6:Oxidation (M):28.13",F1CIX1|F1CIX1_HOTJU,DB Search
QLEWDN(+0.98)ELAAIAQAHANQC(+57.02)K,102.74,2310.0698,20,0.5,771.03094,3,62.0020,42677,Vasilevskiy_L_different_L076_RZ_20240206_AV-1.raw,2.41E4,1,1,"Deamidation (NQ);Carbamidomethylation","N6:Deamidation (NQ):67.12",A0A1E1WVY9|A0A1E1WVY9_TITOB,DB Search
QLLEEK,60.56,758.4174,6,0.4,380.21613,2,21.1221,10107,Vasilevskiy_L_different_L076_RZ_20240206_AV-1.raw,2.95E5,1,1,"",,A0A1U8EZX8|A0A1U8EZX8_CAPAN:A0AA49K9S2|A0AA49K9S2_9SCOR,DB Search
QLQVAESR,94.88,929.4930,8,-0.4,930.49994,1,19.6428,9014,Vasilevskiy_L_different_L076_RZ_20240206_AV-1.raw,2.58E8,2,2,"",,E4VNZ8|E4VNZ8_MESEU:E4VNZ7|E4VNZ7_MESEU:R4H5K8|R4H5K8_MESEU:R4H5D2|R4H5D2_MESEU,DB Search
QLVAGYNYK,96.51,1054.5447,9,0.2,528.27972,2,27.7124,15160,Vasilevskiy_L_different_L076_RZ_20240206_AV-1.raw,1.01E5,1,1,"",,A0A2I9LNW4|A0A2I9LNW4_9SCOR,DB Search
QMFGQQGK,95.32,922.4331,8,-0.1,462.22379,2,21.1882,10211,Vasilevskiy_L_different_L076_RZ_20240206_AV-1.raw,1.04E6,1,1,"",,A0A088D9U7|A0A088D9U7_MESEU,DB Search
QN(+0.98)YN(+0.98)C(+57.02)VYFC(+57.02)M(+15.99)KDDYC(+57.02)NDLC(+57.02)TKNGASSGYC(+57.02)QWAGK,70.02,4194.6255,34,-0.7,1399.21484,3,57.8222,39235,Vasilevskiy_L_different_L076_RZ_20240206_AV-1.raw,,0,0,"Deamidation (NQ);Deamidation (NQ);Carbamidomethylation;Carbamidomethylation;Oxidation (M); more","N2:Deamidation (NQ):0.00;N4:Deamidation (NQ):0.00",P55902|SIX1_BUTOC,DB Search
QN(+0.98)YNC(+57.02)VYFC(+57.02)M(+15.99)KDDYC(+57.02)NDLC(+57.02)TKNGASSGYC(+57.02)QWAGK,80.61,4193.6416,34,-9.2,1398.87500,3,58.7229,39754,Vasilevskiy_L_different_L076_RZ_20240206_AV-1.raw,1.2E8,2,2,"Deamidation (NQ);Carbamidomethylation;Carbamidomethylation;Oxidation (M);Carbamidomethylation; more","N2:Deamidation (NQ):0.00",P55902|SIX1_BUTOC,DB Search
QNYNC(+57.02)VYFC(+57.02)M(+15.99)KDDYC(+57.02)NDLC(+57.02)TKN(+0.98)GASSGYC(+57.02)QWAGK,93.54,4193.6416,34,-8.6,1049.40869,4,59.0126,40217,Vasilevskiy_L_different_L076_RZ_20240206_AV-1.raw,,0,0,"Carbamidomethylation;Carbamidomethylation;Oxidation (M);Carbamidomethylation;Carbamidomethylation; more","C5:Deamidation (NQ):0.00",P55902|SIX1_BUTOC,DB Search
QNYNC(+57.02)VYFC(+57.02)M(+15.99)KDDYC(+57.02)NDLC(+57.02)TKNGASSGYC(+57.02)QWAGK,90.04,4192.6577,34,-9.0,1049.16223,4,58.0258,39294,Vasilevskiy_L_different_L076_RZ_20240206_AV-1.raw,7.65E7,1,1,"Carbamidomethylation;Carbamidomethylation;Oxidation (M);Carbamidomethylation;Carbamidomethylation; more","C5:Oxidation (M):1000.00",P55902|SIX1_BUTOC,DB Search
QPM(+15.99)QISLK,86.93,959.5110,8,-4.8,480.76047,2,24.0246,12306,Vasilevskiy_L_different_L076_RZ_20240206_AV-1.raw,5.33E6,1,1,"Oxidation (M)","M3:Oxidation (M):1000.00",T1DPC1|T1DPC1_9SCOR,DB Search
QPMQ(+0.98)ISLK,95.79,944.5001,8,-4.0,473.25543,2,36.2025,21949,Vasilevskiy_L_different_L076_RZ_20240206_AV-1.raw,,0,0,"Deamidation (NQ)","Q4:Deamidation (NQ):47.09",T1DPC1|T1DPC1_9SCOR,DB Search
QPMQISLK,104.46,943.5161,8,-0.2,472.76523,2,33.9953,20127,Vasilevskiy_L_different_L076_RZ_20240206_AV-1.raw,1.12E8,1,1,"",,T1DPC1|T1DPC1_9SCOR,DB Search
QSTALC(+57.02)PSIYM(+15.99)QESHITK,110.84,2108.9871,18,0.3,704.00317,3,35.8076,21603,Vasilevskiy_L_different_L076_RZ_20240206_AV-1.raw,1.65E6,1,1,"Carbamidomethylation;Oxidation (M)","C6:Oxidation (M):1000.00",P86100|HYAL1_MESMA,DB Search
QSTALC(+57.02)PSIYMQ(+0.98)ESH,74.59,1751.7495,15,8.2,876.88916,2,46.1228,29763,Vasilevskiy_L_different_L076_RZ_20240206_AV-1.raw,,0,0,"Carbamidomethylation;Deamidation (NQ)","C6:Deamidation (NQ):0.00",P86100|HYAL1_MESMA,DB Search
QSTALC(+57.02)PSIYMQ(+0.98)ESHITK,88.62,2093.9761,18,8.6,1048.00439,2,46.2937,29904,Vasilevskiy_L_different_L076_RZ_20240206_AV-1.raw,,0,0,"Carbamidomethylation;Deamidation (NQ)","C6:Deamidation (NQ):0.00",P86100|HYAL1_MESMA,DB Search
QSTALC(+57.02)PSIYMQESH,93.50,1750.7655,15,2.0,876.39172,2,46.1348,29783,Vasilevskiy_L_different_L076_RZ_20240206_AV-1.raw,1.7E5,1,1,"Carbamidomethylation",,P86100|HYAL1_MESMA,DB Search
QSTALC(+57.02)PSIYMQESHITK,105.02,2092.9922,18,0.7,698.67181,3,45.7588,29774,Vasilevskiy_L_different_L076_RZ_20240206_AV-1.raw,1.78E8,2,2,"Carbamidomethylation",,P86100|HYAL1_MESMA,DB Search
QTQTFTTYSDNQPGVLIQVYEGER,112.17,2773.3196,24,-1.3,925.44592,3,62.5371,43053,Vasilevskiy_L_different_L076_RZ_20240206_AV-1.raw,5.55E5,1,1,"",,A0A1W7RAC4|A0A1W7RAC4_9SCOR:A0A2I9LP41|A0A2I9LP41_9SCOR,DB Search
QVTEC(+57.02)HLADLC(+57.02)NVGK,92.73,1742.8080,15,0.6,581.94360,3,34.6784,20699,Vasilevskiy_L_different_L076_RZ_20240206_AV-1.raw,2.06E5,1,1,"Carbamidomethylation;Carbamidomethylation",,E4VP13|E4VP13_MESEU,DB Search
QVTETGVELSNEER,96.46,1589.7533,14,1.3,795.88495,2,27.1551,14724,Vasilevskiy_L_different_L076_RZ_20240206_AV-1.raw,7.11E4,1,1,"",,A0A1W7RB80|A0A1W7RB80_9SCOR,DB Search
QWAGQYGNAC(+57.02)WC(+57.02)YK,105.02,1790.7294,14,-1.8,896.37030,2,48.1566,31422,Vasilevskiy_L_different_L076_RZ_20240206_AV-1.raw,,0,0,"Carbamidomethylation;Carbamidomethylation",,P86408|SCXN1_MESEU:D8UWD3|SCXN7_MESEU:A0A143FHE4|A0A143FHE4_MESEU,DB Search
QWIIDQ(+0.98)M(+15.99)DETIC(+57.02)EN,21.66,1810.7390,14,8.8,906.38470,2,56.5282,38171,Vasilevskiy_L_different_L076_RZ_20240206_AV-1.raw,,0,0,"Deamidation (NQ);Oxidation (M);Carbamidomethylation","Q6:Deamidation (NQ):5.81",E4VP21|E4VP21_MESEU,DB Search
QWIIDQM(+15.99)DETIC(+57.02)EN,103.21,1809.7549,14,2.3,905.88684,2,56.2790,37964,Vasilevskiy_L_different_L076_RZ_20240206_AV-1.raw,,0,0,"Oxidation (M);Carbamidomethylation","M7:Oxidation (M):1000.00",E4VP21|E4VP21_MESEU,DB Search
QWIIDQMDETIC(+57.02)EN,113.31,1793.7600,14,0.2,598.92743,3,66.9478,46792,Vasilevskiy_L_different_L076_RZ_20240206_AV-1.raw,1.29E7,2,2,"Carbamidomethylation",,E4VP21|E4VP21_MESEU,DB Search
QWYLC(+57.02)DTR,96.16,1140.5022,8,1.0,571.25897,2,42.5804,26918,Vasilevskiy_L_different_L076_RZ_20240206_AV-1.raw,4.37E5,1,1,"Carbamidomethylation",,A0A1W7RA47|A0A1W7RA47_9SCOR:A0A2I9LPB9|A0A2I9LPB9_9SCOR,DB Search
QYGNAC(+57.02)WC(+57.02)YK,69.80,1348.5328,10,1.9,675.27502,2,33.6055,19781,Vasilevskiy_L_different_L076_RZ_20240206_AV-1.raw,8.06E5,1,1,"Carbamidomethylation;Carbamidomethylation",,P01490|SCXA_MESEU:P86408|SCXN1_MESEU:D8UWD3|SCXN7_MESEU:A0A143FHE4|A0A143FHE4_MESEU,DB Search
QYSNYK,48.80,801.3657,6,0.2,401.69022,2,16.9667,6704,Vasilevskiy_L_different_L076_RZ_20240206_AV-1.raw,,0,0,"",,A0A1E1WWL5|A0A1E1WWL5_TITOB,DB Search
RAESGYC(+57.02)Q(+0.98)WASKYGNAC(+57.02)WC(+57.02)YK,58.98,2645.0886,21,-7.7,882.69672,3,53.2401,35453,Vasilevskiy_L_different_L076_RZ_20240206_AV-1.raw,5.33E5,1,1,"Carbamidomethylation;Deamidation (NQ);Carbamidomethylation;Carbamidomethylation","C7:Deamidation (NQ):16.56",Q9NJC7|SC11_MESMA,DB Search
RC(+57.02)Q(+0.98)LSC(+57.02)R,27.33,979.4328,7,0.5,490.72391,2,16.8079,6569,Vasilevskiy_L_different_L076_RZ_20240206_AV-1.raw,,0,0,"Carbamidomethylation;Deamidation (NQ);Carbamidomethylation","C2:Deamidation (NQ):1000.00",P31719|KAX52_ANDMA:A0A088D9S3|A0A088D9S3_MESEU:Q9TVX3|KAX53_MESMA,DB Search
RDAYIADDRNC(+57.02)VYTC(+57.02)ALNPYC(+57.02)DSEC(+57.02)K,55.70,3228.3369,26,7.0,1077.12708,3,49.1492,32108,Vasilevskiy_L_different_L076_RZ_20240206_AV-1.raw,1.36E5,1,1,"Carbamidomethylation;Carbamidomethylation;Carbamidomethylation;Carbamidomethylation",,P09982|SCXE_MESEU,DB Search
RDAYIANDR,52.20,1092.5312,9,2.5,547.27423,2,17.9260,7557,Vasilevskiy_L_different_L076_RZ_20240206_AV-1.raw,1.9E5,1,1,"",,A0A146CJ08|A0A146CJ08_MESEU:A0A0K0LBX2|A0A0K0LBX2_9SCOR:P86403|SCXN2_MESEU,DB Search
RDAYIAQNYNC(+57.02)VYFC(+57.02)M(+15.99)KDDYC(+57.02)NDLC(+57.02)TKNGASSGYC(+57.02)QWAGK,85.49,4882.0073,40,-4.0,1221.50427,4,59.7006,40786,Vasilevskiy_L_different_L076_RZ_20240206_AV-1.raw,,0,0,"Carbamidomethylation;Carbamidomethylation;Oxidation (M);Carbamidomethylation;Carbamidomethylation; more","C11:Oxidation (M):1000.00",P55902|SIX1_BUTOC,DB Search
RGGNYGYC(+57.02)YFWK,109.65,1569.6823,12,-1.3,524.23401,3,50.1490,32903,Vasilevskiy_L_different_L076_RZ_20240206_AV-1.raw,2.81E5,1,1,"Carbamidomethylation",,F1CIV8|F1CIV8_HOTJU:E4VP15|E4VP15_MESEU,DB Search
RGGNYGYC(+57.02)YFWKLAC(+57.02)YC(+57.02)EGAPK,104.33,2719.1770,22,1.1,907.40057,3,59.9737,41042,Vasilevskiy_L_different_L076_RZ_20240206_AV-1.raw,1.82E5,1,1,"Carbamidomethylation;Carbamidomethylation;Carbamidomethylation",,E4VP15|E4VP15_MESEU,DB Search
RGGYYG,59.91,671.3027,6,1.4,336.65909,2,18.2432,7797,Vasilevskiy_L_different_L076_RZ_20240206_AV-1.raw,7.83E5,1,1,"",,P0DPT3|SCXIT_ANDMA:A0A0K0LBV3|A0A0K0LBV3_9SCOR:E4VP32|E4VP32_MESEU:P21150|SIX4_ANDAU:A0A146CIX0|A0A146CIX0_MESEU:R4H5E1|R4H5E1_MESEU,DB Search
RGGYYGY,61.52,834.3660,7,0.0,418.19031,2,26.0009,13897,Vasilevskiy_L_different_L076_RZ_20240206_AV-1.raw,4.79E5,1,1,"",,P0DPT3|SCXIT_ANDMA:A0A0K0LBV3|A0A0K0LBV3_9SCOR:E4VP32|E4VP32_MESEU:P21150|SIX4_ANDAU:A0A146CIX0|A0A146CIX0_MESEU:R4H5E1|R4H5E1_MESEU,DB Search
RGGYYGYC(+57.02),58.44,994.3967,8,0.6,498.20593,2,25.7306,13685,Vasilevskiy_L_different_L076_RZ_20240206_AV-1.raw,2.2E5,1,1,"Carbamidomethylation",,P0DPT3|SCXIT_ANDMA:A0A0K0LBV3|A0A0K0LBV3_9SCOR:E4VP32|E4VP32_MESEU:P21150|SIX4_ANDAU:A0A146CIX0|A0A146CIX0_MESEU:R4H5E1|R4H5E1_MESEU,DB Search
RGGYYGYC(+57.02)Y,79.21,1157.4601,9,0.8,579.73773,2,35.8076,21631,Vasilevskiy_L_different_L076_RZ_20240206_AV-1.raw,1.37E6,1,1,"Carbamidomethylation",,P0DPT3|SCXIT_ANDMA:A0A0K0LBV3|A0A0K0LBV3_9SCOR:E4VP32|E4VP32_MESEU:P21150|SIX4_ANDAU:A0A146CIX0|A0A146CIX0_MESEU:R4H5E1|R4H5E1_MESEU,DB Search
RGGYYGYC(+57.02)YF,79.39,1304.5284,10,0.6,653.27191,2,54.1511,36142,Vasilevskiy_L_different_L076_RZ_20240206_AV-1.raw,3.29E5,1,1,"Carbamidomethylation",,P0DPT3|SCXIT_ANDMA:A0A0K0LBV3|A0A0K0LBV3_9SCOR:E4VP32|E4VP32_MESEU:P21150|SIX4_ANDAU:A0A146CIX0|A0A146CIX0_MESEU:R4H5E1|R4H5E1_MESEU,DB Search
RGGYYGYC(+57.02)YFWK,96.53,1618.7028,12,0.9,540.57532,3,54.8739,36854,Vasilevskiy_L_different_L076_RZ_20240206_AV-1.raw,1.16E6,2,2,"Carbamidomethylation",,P0DPT3|SCXIT_ANDMA:A0A0K0LBV3|A0A0K0LBV3_9SCOR:Q9UAC9|SCAS_MESMA:E4VP32|E4VP32_MESEU:P21150|SIX4_ANDAU:A0A146CIX0|A0A146CIX0_MESEU:R4H5E1|R4H5E1_MESEU,DB Search
RGHLC(+57.02)VAK,102.22,939.5073,8,0.4,314.17648,3,15.6211,5622,Vasilevskiy_L_different_L076_RZ_20240206_AV-1.raw,,0,0,"Carbamidomethylation",,E4VP22|E4VP22_MESEU:E4VP23|E4VP23_MESEU:E4VP49|E4VP49_MESEU,DB Search
RGN(+0.98)YGYC(+57.02)YFWK,103.64,1513.6449,11,-0.6,505.55524,3,53.5064,35690,Vasilevskiy_L_different_L076_RZ_20240206_AV-1.raw,1.11E6,2,2,"Deamidation (NQ);Carbamidomethylation","N3:Deamidation (NQ):1000.00",A0A5P8U2P2|A0A5P8U2P2_MESEU:P0C5H3|SCB1_LEIHE:R4H564|R4H564_MESEU:P86406|SCXNF_MESEU:E4VP18|E4VP18_MESEU:Q9UAC8|SCAT_MESMA,DB Search
RGNYGY,105.90,728.3242,6,0.1,365.16940,2,19.7722,9029,Vasilevskiy_L_different_L076_RZ_20240206_AV-1.raw,8.66E6,1,1,"",,A0A5P8U2P2|A0A5P8U2P2_MESEU:P0C5H3|SCB1_LEIHE:R4H564|R4H564_MESEU:P86406|SCXNF_MESEU:E4VP18|E4VP18_MESEU:Q9UAC8|SCAT_MESMA,DB Search
RGNYGYC(+57.02),103.95,888.3549,7,0.3,445.18484,2,19.6758,8986,Vasilevskiy_L_different_L076_RZ_20240206_AV-1.raw,1.93E6,1,1,"Carbamidomethylation",,A0A5P8U2P2|A0A5P8U2P2_MESEU:P0C5H3|SCB1_LEIHE:R4H564|R4H564_MESEU:P86406|SCXNF_MESEU:E4VP18|E4VP18_MESEU:Q9UAC8|SCAT_MESMA,DB Search
RGNYGYC(+57.02)Y,90.49,1051.4182,8,0.6,526.71667,2,26.0709,13928,Vasilevskiy_L_different_L076_RZ_20240206_AV-1.raw,3.01E6,1,1,"Carbamidomethylation",,A0A5P8U2P2|A0A5P8U2P2_MESEU:P0C5H3|SCB1_LEIHE:R4H564|R4H564_MESEU:P86406|SCXNF_MESEU:E4VP18|E4VP18_MESEU:Q9UAC8|SCAT_MESMA,DB Search
RGNYGYC(+57.02)YF,65.09,1198.4866,9,0.5,600.25085,2,46.5821,29996,Vasilevskiy_L_different_L076_RZ_20240206_AV-1.raw,5.54E6,1,1,"Carbamidomethylation",,A0A5P8U2P2|A0A5P8U2P2_MESEU:P0C5H3|SCB1_LEIHE:R4H564|R4H564_MESEU:P86406|SCXNF_MESEU:E4VP18|E4VP18_MESEU:Q9UAC8|SCAT_MESMA,DB Search
RGNYGYC(+57.02)YFW,53.16,1384.5659,10,5.3,693.29388,2,63.2852,43803,Vasilevskiy_L_different_L076_RZ_20240206_AV-1.raw,3.26E4,1,1,"Carbamidomethylation",,A0A5P8U2P2|A0A5P8U2P2_MESEU:P0C5H3|SCB1_LEIHE:R4H564|R4H564_MESEU:P86406|SCXNF_MESEU:E4VP18|E4VP18_MESEU:Q9UAC8|SCAT_MESMA,DB Search
RGNYGYC(+57.02)YFWK,96.32,1512.6609,11,0.8,505.22797,3,49.8163,32725,Vasilevskiy_L_different_L076_RZ_20240206_AV-1.raw,5.41E7,3,3,"Carbamidomethylation",,A0A5P8U2P2|A0A5P8U2P2_MESEU:P0C5H3|SCB1_LEIHE:R4H564|R4H564_MESEU:P86406|SCXNF_MESEU:E4VP18|E4VP18_MESEU:Q9UAC8|SCAT_MESMA,DB Search
RLC(+57.02)IEMDKFK,104.85,1338.6788,10,1.6,447.23425,3,35.5244,21358,Vasilevskiy_L_different_L076_RZ_20240206_AV-1.raw,1.59E5,1,1,"Carbamidomethylation",,A0A1E1WVS7|A0A1E1WVS7_TITOB,DB Search
RPLGDYDEK,91.73,1091.5247,9,-0.5,364.84866,3,19.0219,8402,Vasilevskiy_L_different_L076_RZ_20240206_AV-1.raw,5.75E7,2,2,"",,E4VNZ8|E4VNZ8_MESEU:E4VNZ7|E4VNZ7_MESEU,DB Search
RPLGDYDEKK,97.91,1219.6196,10,1.0,407.54758,3,17.0311,6759,Vasilevskiy_L_different_L076_RZ_20240206_AV-1.raw,,0,0,"",,E4VNZ8|E4VNZ8_MESEU:E4VNZ7|E4VNZ7_MESEU,DB Search
RPTDIK,58.71,728.4181,6,-0.1,243.81326,3,15.3175,5387,Vasilevskiy_L_different_L076_RZ_20240206_AV-1.raw,2.41E7,2,2,"",,Q9BKB7|KGX21_MESEU:A0A088DAE4|A0A088DAE4_MESEU:P59938|KGX22_MESMA,DB Search
RTMSLC(+57.02)NMSDC(+57.02)QER,98.05,1786.7219,14,0.9,596.58179,3,25.5662,13629,Vasilevskiy_L_different_L076_RZ_20240206_AV-1.raw,3.96E5,1,1,"Carbamidomethylation;Carbamidomethylation",,A0A088D9R6|A0A088D9R6_MESEU,DB Search
RVEELITR,84.81,1014.5822,8,0.5,508.29861,2,22.7121,11287,Vasilevskiy_L_different_L076_RZ_20240206_AV-1.raw,1.3E6,1,1,"",,U6BLN5|VMPA1_MESMA,DB Search
RVIEHGC(+57.02)DYYC(+57.02)SISC(+57.02)IN(+0.98)K,87.50,2273.9868,18,9.3,569.50928,4,32.4236,18833,Vasilevskiy_L_different_L076_RZ_20240206_AV-1.raw,,0,0,"Carbamidomethylation;Carbamidomethylation;Carbamidomethylation;Deamidation (NQ)","C7:Deamidation (NQ):1000.00",A0A088D9S4|A0A088D9S4_MESEU:A0A088DB58|A0A088DB58_MESEU,DB Search
RVIEHGC(+57.02)DYYC(+57.02)SISC(+57.02)INK,105.02,2273.0027,18,-0.2,758.67468,3,32.3236,18662,Vasilevskiy_L_different_L076_RZ_20240206_AV-1.raw,8.99E6,3,3,"Carbamidomethylation;Carbamidomethylation;Carbamidomethylation",,A0A088D9S4|A0A088D9S4_MESEU:A0A088DB58|A0A088DB58_MESEU,DB Search
RVIGVAA,98.17,684.4282,7,-0.2,343.22131,2,22.2901,11022,Vasilevskiy_L_different_L076_RZ_20240206_AV-1.raw,2.99E5,1,1,"",,Q86SD8|KA155_ANDAU:Q867F4|KA154_ANDAU:P60233|KA151_ANDAU:A0A143MGR2|A0A143MGR2_MESEU,DB Search
RVIGVAAG,101.48,741.4497,8,0.2,371.73221,2,21.4487,10383,Vasilevskiy_L_different_L076_RZ_20240206_AV-1.raw,1.66E6,1,1,"",,Q86SD8|KA155_ANDAU:Q867F4|KA154_ANDAU:P60233|KA151_ANDAU:A0A143MGR2|A0A143MGR2_MESEU,DB Search
RVIGVAAGK,93.61,869.5447,9,0.3,290.85559,3,17.8928,7495,Vasilevskiy_L_different_L076_RZ_20240206_AV-1.raw,2.34E7,2,2,"",,Q86SD8|KA155_ANDAU:Q867F4|KA154_ANDAU:P60233|KA151_ANDAU:A0A143MGR2|A0A143MGR2_MESEU,DB Search
RVTGSAQ(+0.98)AKC(+57.02)QNNQC(+57.02)R,31.09,1877.8585,16,0.0,626.96008,3,14.0123,4314,Vasilevskiy_L_different_L076_RZ_20240206_AV-1.raw,5.22E4,1,1,"Deamidation (NQ);Carbamidomethylation;Carbamidomethylation","Q7:Deamidation (NQ):16.51",B8XH42|KA166_BUTOS,DB Search
S(+42.01)SYC(+57.02)NDLC(+57.02)TK,46.10,1288.5063,10,-0.1,1289.51355,1,24.8025,12906,Vasilevskiy_L_different_L076_RZ_20240206_AV-1.raw,1.82E7,1,1,"Acetylation (Protein N-term);Carbamidomethylation;Carbamidomethylation","S1:Acetylation (Protein N-term):1000.00",P59896|SCXI_BUTOM:A0A5P8U2M8|A0A5P8U2M8_MESEU,DB Search
S(+42.01)SYC(+57.02)NDLC(+57.02)TKN(+0.98)GAK,107.63,1659.6869,14,0.3,554.23639,3,21.8068,10603,Vasilevskiy_L_different_L076_RZ_20240206_AV-1.raw,7.96E7,2,2,"Acetylation (Protein N-term);Carbamidomethylation;Carbamidomethylation;Deamidation (NQ)","S1:Deamidation (NQ):47.92",P59896|SCXI_BUTOM:A0A5P8U2M8|A0A5P8U2M8_MESEU,DB Search
S(+42.01)TMNPEYDYLFK,109.40,1548.6807,12,0.9,775.34827,2,66.5515,46484,Vasilevskiy_L_different_L076_RZ_20240206_AV-1.raw,5.08E4,1,1,"Acetylation (Protein N-term)","S1:Acetylation (Protein N-term):1000.00",A0A0U1SSR7|A0A0U1SSR7_ISOMC:A0A2I9LPI8|A0A2I9LPI8_9SCOR,DB Search
SAANMMQLEWDN(+0.98)ELAAIAQAHANQC(+57.02)K,101.94,2915.3000,26,2.5,972.77637,3,67.1056,46910,Vasilevskiy_L_different_L076_RZ_20240206_AV-1.raw,,0,0,"Deamidation (NQ);Carbamidomethylation","N12:Deamidation (NQ):23.70",A0A1E1WVY9|A0A1E1WVY9_TITOB,DB Search
SAASLNSR,91.81,804.4090,8,0.1,403.21179,2,16.4532,6307,Vasilevskiy_L_different_L076_RZ_20240206_AV-1.raw,2.55E6,1,1,"",,P00760|TRY1_BOVIN,DB Search
SASSQC(+57.02)WPIC(+57.02)EK,102.81,1451.6173,12,0.4,726.81622,2,36.3765,21959,Vasilevskiy_L_different_L076_RZ_20240206_AV-1.raw,2.08E7,1,1,"Carbamidomethylation;Carbamidomethylation",,A0A088DAD7|A0A088DAD7_MESEU,DB Search
SC(+57.02)EDC(+57.02)PEHC(+57.02)ATK,110.78,1492.5381,12,-0.5,747.27594,2,15.5426,5557,Vasilevskiy_L_different_L076_RZ_20240206_AV-1.raw,4.06E7,1,1,"Carbamidomethylation;Carbamidomethylation;Carbamidomethylation",,E4VP43|KAX8R_MESEU:P86400|KAX86_MESEU,DB Search
SC(+57.02)EDC(+57.02)PPHC(+57.02)ATK,95.39,1460.5482,12,2.1,731.28296,2,16.7081,6477,Vasilevskiy_L_different_L076_RZ_20240206_AV-1.raw,,0,0,"Carbamidomethylation;Carbamidomethylation;Carbamidomethylation",,C0HJQ5|KAX87_MESEU,DB Search
SC(+57.02)HTGIGR,43.14,886.4079,8,1.0,444.21167,2,15.5651,5596,Vasilevskiy_L_different_L076_RZ_20240206_AV-1.raw,2.28E5,1,1,"Carbamidomethylation",,A0A2I9LPU9|A0A2I9LPU9_9SCOR:A0A1W7R9D1|A0A1W7R9D1_9SCOR,DB Search
SC(+57.02)IPSEHDDLC(+57.02)N(+0.98)KFC(+57.02)K,105.00,2009.8281,16,0.6,670.95038,3,33.9208,20066,Vasilevskiy_L_different_L076_RZ_20240206_AV-1.raw,8.38E5,1,1,"Carbamidomethylation;Carbamidomethylation;Deamidation (NQ);Carbamidomethylation","C2:Deamidation (NQ):1000.00",A0A146CIV8|A0A146CIV8_MESEU,DB Search
SC(+57.02)LLLR,72.22,760.4265,6,0.8,381.22086,2,32.8622,19139,Vasilevskiy_L_different_L076_RZ_20240206_AV-1.raw,2.04E5,1,1,"Carbamidomethylation",,A0A1W7R9U8|A0A1W7R9U8_9SCOR:A0A0U1SSR7|A0A0U1SSR7_ISOMC:A0A1W7R9U5|A0A1W7R9U5_9SCOR:A0A2I9LPI8|A0A2I9LPI8_9SCOR,DB Search
SC(+57.02)N(+0.98)SWC(+57.02)LK,46.87,1054.4213,8,0.6,528.21820,2,30.9730,17598,Vasilevskiy_L_different_L076_RZ_20240206_AV-1.raw,3.51E6,3,3,"Carbamidomethylation;Deamidation (NQ);Carbamidomethylation","C2:Deamidation (NQ):1000.00",A0A398AM53|A0A398AM53_BRACM,DB Search
SC(+57.02)NSWC(+57.02)LK,63.13,1053.4371,8,0.6,527.72620,2,29.3995,16204,Vasilevskiy_L_different_L076_RZ_20240206_AV-1.raw,3.46E8,2,2,"Carbamidomethylation;Carbamidomethylation",,A0A398AM53|A0A398AM53_BRACM,DB Search
SC(+57.02)VLNLPGMDC(+57.02),109.17,1264.5250,11,1.1,633.27045,2,61.5874,42347,Vasilevskiy_L_different_L076_RZ_20240206_AV-1.raw,,0,0,"Carbamidomethylation;Carbamidomethylation",,A0A0U4FPA4|A0A0U4FPA4_ODODO:F1CIZ9|F1CIZ9_HOTJU,DB Search
SDC(+57.02)C(+57.02)GGIGTC(+57.02)YGPQC(+57.02)LC(+57.02)NR,103.12,2233.8433,19,-9.9,745.61426,3,27.0827,14613,Vasilevskiy_L_different_L076_RZ_20240206_AV-1.raw,,0,0,"Carbamidomethylation;Carbamidomethylation;Carbamidomethylation;Carbamidomethylation;Carbamidomethylation",,A0A0U3YCU6|A0A0U3YCU6_ODODO,DB Search
SDGYLR,26.42,709.3395,6,-0.5,355.67685,2,19.4961,8909,Vasilevskiy_L_different_L076_RZ_20240206_AV-1.raw,7.09E5,1,1,"",,A0A1W7RAX3|A0A1W7RAX3_9SCOR,DB Search
SDLLFK,55.63,721.4010,6,0.3,722.40851,1,39.3626,24316,Vasilevskiy_L_different_L076_RZ_20240206_AV-1.raw,4.11E6,2,2,"",,A0A1E1WVR2|A0A1E1WVR2_TITOB:A0A1W7R9D1|A0A1W7R9D1_9SCOR,DB Search
SDNTAGIAFPNTVC(+57.02)R,93.59,1621.7518,15,-2.0,811.88159,2,43.6469,27858,Vasilevskiy_L_different_L076_RZ_20240206_AV-1.raw,4.04E5,1,1,"Carbamidomethylation",,E4VNZ7|E4VNZ7_MESEU,DB Search
SDVVPK,63.08,643.3541,6,-0.3,322.68420,2,17.5315,7170,Vasilevskiy_L_different_L076_RZ_20240206_AV-1.raw,,0,0,"",,A0A2I9LPF3|A0A2I9LPF3_9SCOR,DB Search
SEIQLAK,70.52,787.4440,7,-0.5,394.72903,2,22.3632,11066,Vasilevskiy_L_different_L076_RZ_20240206_AV-1.raw,7.72E5,1,1,"",,A0AA49K9S2|A0AA49K9S2_9SCOR,DB Search
SELWAYETN(+0.98)K,104.27,1240.5612,10,3.2,621.28986,2,43.7981,27862,Vasilevskiy_L_different_L076_RZ_20240206_AV-1.raw,2.09E5,1,1,"Deamidation (NQ)","N9:Deamidation (NQ):1000.00",Q9UAC8|SCAT_MESMA,DB Search
SELWAYETNK,95.56,1239.5771,10,-0.1,620.79578,2,41.8085,26140,Vasilevskiy_L_different_L076_RZ_20240206_AV-1.raw,4.77E8,1,1,"",,Q9UAC8|SCAT_MESMA,DB Search
SELWHY,43.02,833.3708,6,0.6,417.69293,2,44.8946,28857,Vasilevskiy_L_different_L076_RZ_20240206_AV-1.raw,2.04E6,1,1,"",,F6K6F3|F6K6F3_MESEU:R4H564|R4H564_MESEU:E4VP32|E4VP32_MESEU:P86406|SCXNF_MESEU:R4H5E1|R4H5E1_MESEU,DB Search
SELWHYETN,77.75,1177.5040,9,0.1,589.75934,2,40.4064,25286,Vasilevskiy_L_different_L076_RZ_20240206_AV-1.raw,1.36E6,2,2,"",,F6K6F3|F6K6F3_MESEU:R4H564|R4H564_MESEU:E4VP32|E4VP32_MESEU:P86406|SCXNF_MESEU:R4H5E1|R4H5E1_MESEU,DB Search
SELWHYETN(+0.98)K,104.96,1306.5830,10,0.4,436.53510,3,34.3133,20258,Vasilevskiy_L_different_L076_RZ_20240206_AV-1.raw,2.18E7,4,4,"Deamidation (NQ)","N9:Deamidation (NQ):1000.00",R4H564|R4H564_MESEU:E4VP32|E4VP32_MESEU:P86406|SCXNF_MESEU:R4H5E1|R4H5E1_MESEU,DB Search
SELWHYETN(+0.98)KC(+57.02)N(+0.98)GR,107.66,1794.7632,14,-8.2,898.38147,2,29.7957,16720,Vasilevskiy_L_different_L076_RZ_20240206_AV-1.raw,4.14E6,6,6,"Deamidation (NQ);Carbamidomethylation;Deamidation (NQ)","N9:Deamidation (NQ):1000.00;C11:Deamidation (NQ):1000.00",R4H564|R4H564_MESEU:E4VP32|E4VP32_MESEU:P86406|SCXNF_MESEU:R4H5E1|R4H5E1_MESEU,DB Search
SELWHYETN(+0.98)KC(+57.02)N(+0.98)GRM,104.04,1925.8036,15,0.3,482.45834,4,35.8406,21700,Vasilevskiy_L_different_L076_RZ_20240206_AV-1.raw,4.43E6,3,3,"Deamidation (NQ);Carbamidomethylation;Deamidation (NQ)","N9:Deamidation (NQ):1000.00;C11:Deamidation (NQ):1000.00",R4H564|R4H564_MESEU:E4VP32|E4VP32_MESEU:P86406|SCXNF_MESEU:R4H5E1|R4H5E1_MESEU,DB Search
SELWHYETN(+0.98)KC(+57.02)NGR,94.49,1793.7792,14,-1.0,897.89594,2,27.3733,14887,Vasilevskiy_L_different_L076_RZ_20240206_AV-1.raw,1.69E5,1,1,"Deamidation (NQ);Carbamidomethylation","N9:Deamidation (NQ):32.97",R4H564|R4H564_MESEU:E4VP32|E4VP32_MESEU:P86406|SCXNF_MESEU:R4H5E1|R4H5E1_MESEU,DB Search
SELWHYETNK,104.99,1305.5990,10,1.5,436.20758,3,30.8897,18097,Vasilevskiy_L_different_L076_RZ_20240206_AV-1.raw,4.77E9,5,5,"",,R4H564|R4H564_MESEU:E4VP32|E4VP32_MESEU:P86406|SCXNF_MESEU:R4H5E1|R4H5E1_MESEU,DB Search
SELWHYETNKC(+57.02)N(+0.98)G,111.35,1637.6780,13,0.1,546.90002,3,32.5782,18883,Vasilevskiy_L_different_L076_RZ_20240206_AV-1.raw,5.63E6,3,3,"Carbamidomethylation;Deamidation (NQ)","C11:Deamidation (NQ):22.45",R4H564|R4H564_MESEU:E4VP32|E4VP32_MESEU:P86406|SCXNF_MESEU:R4H5E1|R4H5E1_MESEU,DB Search
SELWHYETNKC(+57.02)N(+0.98)GR,103.92,1793.7792,14,0.5,449.45230,4,27.8534,15200,Vasilevskiy_L_different_L076_RZ_20240206_AV-1.raw,6.08E6,3,3,"Carbamidomethylation;Deamidation (NQ)","C11:Deamidation (NQ):28.36",R4H564|R4H564_MESEU:E4VP32|E4VP32_MESEU:P86406|SCXNF_MESEU:R4H5E1|R4H5E1_MESEU,DB Search
SELWHYETNKC(+57.02)N(+0.98)GRM,100.23,1924.8196,15,-0.1,642.61377,3,33.1855,19421,Vasilevskiy_L_different_L076_RZ_20240206_AV-1.raw,3.77E5,1,1,"Carbamidomethylation;Deamidation (NQ)","C11:Deamidation (NQ):49.37",R4H564|R4H564_MESEU:E4VP32|E4VP32_MESEU:P86406|SCXNF_MESEU:R4H5E1|R4H5E1_MESEU,DB Search
SELWHYETNKC(+57.02)NGR,101.51,1792.7950,14,-0.1,598.60559,3,25.5972,13594,Vasilevskiy_L_different_L076_RZ_20240206_AV-1.raw,6.16E5,2,2,"Carbamidomethylation",,R4H564|R4H564_MESEU:E4VP32|E4VP32_MESEU:P86406|SCXNF_MESEU:R4H5E1|R4H5E1_MESEU,DB Search
SELWHYETNR,102.42,1333.6051,10,0.0,445.54230,3,32.5127,18848,Vasilevskiy_L_different_L076_RZ_20240206_AV-1.raw,1.79E6,2,2,"",,F6K6F3|F6K6F3_MESEU,DB Search
SELWN(+0.98)YK,91.23,939.4338,7,0.2,470.72427,2,42.6383,26969,Vasilevskiy_L_different_L076_RZ_20240206_AV-1.raw,,0,0,"Deamidation (NQ)","N5:Deamidation (NQ):1000.00",P0DPT3|SCXIT_ANDMA:A0A0K0LBV3|A0A0K0LBV3_9SCOR:P21150|SIX4_ANDAU:A0A146CIX0|A0A146CIX0_MESEU:A0A077S8H7|A0A077S8H7_WHEAT,DB Search
SELWNYK,101.82,938.4498,7,-0.2,470.23209,2,39.7645,24704,Vasilevskiy_L_different_L076_RZ_20240206_AV-1.raw,1.14E8,2,2,"",,P0DPT3|SCXIT_ANDMA:A0A0K0LBV3|A0A0K0LBV3_9SCOR:P21150|SIX4_ANDAU:A0A146CIX0|A0A146CIX0_MESEU:A0A077S8H7|A0A077S8H7_WHEAT,DB Search
SELWNYNTNKC(+57.02)N(+0.98)GK,35.15,1727.7573,14,0.9,576.92688,3,35.7074,21580,Vasilevskiy_L_different_L076_RZ_20240206_AV-1.raw,7.48E4,1,1,"Carbamidomethylation;Deamidation (NQ)","C11:Deamidation (NQ):8.82",Q9UAC9|SCAS_MESMA,DB Search
SENC(+57.02)TYFC(+57.02)GSNPYC(+57.02)NDLC(+57.02)TEN(+0.98)GAK,64.79,2861.0674,24,8.3,954.70435,3,47.3910,30787,Vasilevskiy_L_different_L076_RZ_20240206_AV-1.raw,,0,0,"Carbamidomethylation;Carbamidomethylation;Carbamidomethylation;Carbamidomethylation;Deamidation (NQ)","C4:Deamidation (NQ):33.41",Q86BW9|MKTX2_MESMA,DB Search
SESYQC(+57.02)FPVC(+57.02)K,101.32,1403.5850,11,-3.0,702.79767,2,33.4584,19691,Vasilevskiy_L_different_L076_RZ_20240206_AV-1.raw,,0,0,"Carbamidomethylation;Carbamidomethylation",,Q9BKB7|KGX21_MESEU:A0A088DAE4|A0A088DAE4_MESEU,DB Search
SEYAC(+57.02)PVIEK,78.96,1194.5591,10,0.1,598.28687,2,27.7452,15084,Vasilevskiy_L_different_L076_RZ_20240206_AV-1.raw,1.17E7,1,1,"Carbamidomethylation",,A0A088DB26|A0A088DB26_MESEU:A0A0K0LC08|A0A0K0LC08_9SCOR:E4VP34|E4VP34_MESEU:P0CH57|NDB51_MESEU:A0A0K0LCJ0|A0A0K0LCJ0_9SCOR:Q9NJC6|KBX2_MESMA:E4VP57|E4VP57_MESEU:A0A0K0LC09|A0A0K0LC09_9SCOR:A0A0K0LC11|A0A0K0LC11_9SCOR:A0A0U4GZ05|A0A0U4GZ05_ODODO:A0A088D9U2|A0A088D9U2_MESEU:B8XH36|B8XH36_BUTOS:A0A143MGJ8|A0A143MGJ8_MESEU:A0A0K0LC05|A0A0K0LC05_9SCOR:A0A088DAE8|A0A088DAE8_MESEU,DB Search
SFILVAPK,94.31,873.5323,8,0.2,437.77356,2,47.3618,30623,Vasilevskiy_L_different_L076_RZ_20240206_AV-1.raw,2.63E6,1,1,"",,F1CJ43|F1CJ43_HOTJU,DB Search
SFLLGFC(+57.02)DQK,96.97,1213.5801,10,0.8,607.79785,2,59.2772,40734,Vasilevskiy_L_different_L076_RZ_20240206_AV-1.raw,1.02E8,1,1,"Carbamidomethylation",,A0A143MHJ7|A0A143MHJ7_MESEU,DB Search
SFLSEEQK,94.36,966.4658,8,-0.4,484.23999,2,26.7022,14307,Vasilevskiy_L_different_L076_RZ_20240206_AV-1.raw,1.83E6,1,1,"",,A0A146CIZ3|A0A146CIZ3_MESEU,DB Search
SFLTPNDVVEGVYK,88.11,1566.7930,14,-1.3,784.40271,2,60.6416,41672,Vasilevskiy_L_different_L076_RZ_20240206_AV-1.raw,4.66E4,1,1,"",,A0A2I9LPF2|A0A2I9LPF2_9SCOR,DB Search
SFWQQR,102.90,850.4086,6,-1.7,426.21085,2,33.4676,19699,Vasilevskiy_L_different_L076_RZ_20240206_AV-1.raw,,0,0,"",,A0A1W7RA54|A0A1W7RA54_9SCOR,DB Search
SGFGGF,59.69,570.2438,6,-0.7,571.25067,1,49.9836,32767,Vasilevskiy_L_different_L076_RZ_20240206_AV-1.raw,4.82E5,1,1,"",,E4VP42|E4VP42_MESEU:E4VP55|E4VP55_MESEU:A0A146CJA5|A0A146CJA5_MESEU:F8THJ9|F8THJ9_HOTJU:A0A0U1TZ84|A0A0U1TZ84_ISOMC:A0A2I9LPZ6|A0A2I9LPZ6_9SCOR,DB Search
SGFGGFH,93.24,707.3027,7,-2.4,708.30829,1,30.7904,17246,Vasilevskiy_L_different_L076_RZ_20240206_AV-1.raw,3.9E7,2,2,"",,E4VP42|E4VP42_MESEU:E4VP55|E4VP55_MESEU:A0A146CJA5|A0A146CJA5_MESEU:F8THJ9|F8THJ9_HOTJU,DB Search
SGGPLVVK,95.51,755.4541,8,0.6,378.73456,2,22.5535,11276,Vasilevskiy_L_different_L076_RZ_20240206_AV-1.raw,3.21E4,1,1,"",,A0A0U1S633|A0A0U1S633_ISOMC,DB Search
SGIQVR,80.43,658.3762,6,1.0,330.19571,2,18.7848,8217,Vasilevskiy_L_different_L076_RZ_20240206_AV-1.raw,2.75E6,1,1,"",,P00760|TRY1_BOVIN,DB Search
SGQC(+57.02)VQLC(+57.02)IILVNNK,96.48,1744.8964,15,-4.0,873.45197,2,57.8216,39271,Vasilevskiy_L_different_L076_RZ_20240206_AV-1.raw,6.59E5,1,1,"Carbamidomethylation;Carbamidomethylation",,A0A088D9R3|A0A088D9R3_MESEU,DB Search
SGVYFWPASDIPIK,104.18,1578.8082,14,3.0,790.41376,2,67.4768,47230,Vasilevskiy_L_different_L076_RZ_20240206_AV-1.raw,,0,0,"",,A0A1E1WVL0|A0A1E1WVL0_TITOB,DB Search
SGVYQHHSGEVLGGHAIR,25.28,1902.9448,18,1.4,476.74417,4,23.8126,12147,Vasilevskiy_L_different_L076_RZ_20240206_AV-1.raw,,0,0,"",,A0A1E1WWH5|A0A1E1WWH5_TITOB,DB Search
SGYC(+57.02)HQFSEYGNSC(+57.02)WC(+57.02)IDLPDN(+0.98)VPIK,104.41,3146.3208,26,4.5,1049.78564,3,63.1256,43603,Vasilevskiy_L_different_L076_RZ_20240206_AV-1.raw,,0,0,"Carbamidomethylation;Carbamidomethylation;Carbamidomethylation;Deamidation (NQ)","C4:Deamidation (NQ):0.00",E7CZY8|SCXN3_MESEU:D8UWD2|D8UWD2_MESEU,DB Search
SGYC(+57.02)HQFSEYGNSC(+57.02)WC(+57.02)IDLPDN(+0.98)VPIKVPGDC(+57.02)HLQ,93.46,4052.7227,34,6.3,1014.19427,4,64.3955,44659,Vasilevskiy_L_different_L076_RZ_20240206_AV-1.raw,,0,0,"Carbamidomethylation;Carbamidomethylation;Carbamidomethylation;Deamidation (NQ);Carbamidomethylation","C4:Deamidation (NQ):10.83",E7CZY8|SCXN3_MESEU:D8UWD2|D8UWD2_MESEU,DB Search
SGYC(+57.02)HQFSEYGNSC(+57.02)WC(+57.02)IDLPDNVPIK,105.18,3145.3369,26,0.7,1049.45361,3,63.1861,43628,Vasilevskiy_L_different_L076_RZ_20240206_AV-1.raw,8.46E5,1,1,"Carbamidomethylation;Carbamidomethylation;Carbamidomethylation",,E7CZY8|SCXN3_MESEU:D8UWD2|D8UWD2_MESEU,DB Search
SGYC(+57.02)HQFSEYGNSC(+57.02)WC(+57.02)IDLPDNVPIKVPGDC(+57.02)HLQ,110.05,4051.7385,34,2.1,1013.94403,4,64.8102,45089,Vasilevskiy_L_different_L076_RZ_20240206_AV-1.raw,4.57E7,3,3,"Carbamidomethylation;Carbamidomethylation;Carbamidomethylation;Carbamidomethylation",,E7CZY8|SCXN3_MESEU:D8UWD2|D8UWD2_MESEU,DB Search
SGYC(+57.02)Q(+0.98)WFGK,104.70,1132.4647,9,1.8,567.24066,2,48.1554,31421,Vasilevskiy_L_different_L076_RZ_20240206_AV-1.raw,,0,0,"Carbamidomethylation;Deamidation (NQ)","C4:Deamidation (NQ):1000.00",P83644|SCX4_LEIHE:E7CZZ1|SCXNC_MESEU:B8XGY4|B8XGY4_BUTOS,DB Search
SGYC(+57.02)QIAGK,91.03,982.4542,9,0.9,492.23483,2,20.3823,9563,Vasilevskiy_L_different_L076_RZ_20240206_AV-1.raw,1.22E7,1,1,"Carbamidomethylation",,G4WFQ2|SCXND_MESEU,DB Search
SGYC(+57.02)QILGK,96.63,1024.5011,9,0.5,513.25812,2,34.8579,20838,Vasilevskiy_L_different_L076_RZ_20240206_AV-1.raw,7.03E6,1,1,"Carbamidomethylation",,P09981|SCX9_MESEU:A0A5P8U2M8|A0A5P8U2M8_MESEU,DB Search
SGYC(+57.02)QILGTYGN(+0.98)GC(+57.02)WC(+57.02)IALPDNVPIRIPGK,102.71,3379.6152,30,3.5,1127.54956,3,67.7437,47460,Vasilevskiy_L_different_L076_RZ_20240206_AV-1.raw,,0,0,"Carbamidomethylation;Deamidation (NQ);Carbamidomethylation;Carbamidomethylation","C4:Deamidation (NQ):0.00",D8UWD5|SCXN8_MESEU:E7D082|SCX5B_MESEU:P86405|SCXN5_MESEU,DB Search
SGYC(+57.02)QILGTYGNGC(+57.02)WC(+57.02)IALPDNVPIR,103.66,2983.3779,26,-0.3,995.46625,3,67.8968,47611,Vasilevskiy_L_different_L076_RZ_20240206_AV-1.raw,1.72E5,1,1,"Carbamidomethylation;Carbamidomethylation;Carbamidomethylation",,D8UWD5|SCXN8_MESEU:E7D082|SCX5B_MESEU:P86405|SCXN5_MESEU,DB Search
SGYC(+57.02)QILGTYGNGC(+57.02)WC(+57.02)IALPDNVPIRIPGK,112.26,3378.6311,30,-1.4,1127.21606,3,67.6440,47307,Vasilevskiy_L_different_L076_RZ_20240206_AV-1.raw,5.12E6,2,2,"Carbamidomethylation;Carbamidomethylation;Carbamidomethylation",,D8UWD5|SCXN8_MESEU:E7D082|SCX5B_MESEU:P86405|SCXN5_MESEU,DB Search
SGYC(+57.02)QLLGK,96.63,1024.5011,9,0.5,513.25812,2,34.8579,20838,Vasilevskiy_L_different_L076_RZ_20240206_AV-1.raw,7.03E6,1,1,"Carbamidomethylation",,A0A5P8U2M3|A0A5P8U2M3_MESEU:A0A5P8U2P7|A0A5P8U2P7_MESEU:A0A5P8U2Q8|A0A5P8U2Q8_MESEU,DB Search
SGYC(+57.02)QWAGK,104.21,1055.4495,9,2.0,528.73303,2,25.7324,13718,Vasilevskiy_L_different_L076_RZ_20240206_AV-1.raw,1.19E5,1,1,"Carbamidomethylation",,B8XGZ0|B8XGZ0_BUTOS:A0F0C1|A0F0C1_MESMA:P17728|SCXA_LEIHE:P01487|SCX3_LEIQU:P55902|SIX1_BUTOC:P60257|SCXC_BUTOM,DB Search
SGYC(+57.02)QWAGQ(+0.98)YGNAC(+57.02)WC(+57.02)YK,96.06,2258.8608,18,8.2,1130.44690,2,54.4886,36507,Vasilevskiy_L_different_L076_RZ_20240206_AV-1.raw,,0,0,"Carbamidomethylation;Deamidation (NQ);Carbamidomethylation;Carbamidomethylation","C4:Deamidation (NQ):14.19",P86408|SCXN1_MESEU:D8UWD3|SCXN7_MESEU:A0A143FHE4|A0A143FHE4_MESEU,DB Search
SGYC(+57.02)QWAGQYGNAC(+57.02)WC(+57.02)YK,110.76,2257.8767,18,0.9,753.63354,3,54.3485,36426,Vasilevskiy_L_different_L076_RZ_20240206_AV-1.raw,6.48E5,2,2,"Carbamidomethylation;Carbamidomethylation;Carbamidomethylation",,P86408|SCXN1_MESEU:D8UWD3|SCXN7_MESEU:A0A143FHE4|A0A143FHE4_MESEU,DB Search
SGYC(+57.02)QWF,99.82,946.3643,7,0.6,474.18973,2,63.8462,44122,Vasilevskiy_L_different_L076_RZ_20240206_AV-1.raw,1.15E6,2,2,"Carbamidomethylation",,A0A0U4RZC4|A0A0U4RZC4_ODODO:E7CZZ1|SCXNC_MESEU:F1CJ49|F1CJ49_HOTJU,DB Search
SGYC(+57.02)QWFGK,94.58,1131.4807,9,0.6,566.74799,2,46.2853,30077,Vasilevskiy_L_different_L076_RZ_20240206_AV-1.raw,1.01E9,3,3,"Carbamidomethylation",,P83644|SCX4_LEIHE:E7CZZ1|SCXNC_MESEU:B8XGY4|B8XGY4_BUTOS,DB Search
SGYC(+57.02)QWIGR,96.55,1125.5026,9,0.9,563.75903,2,42.9399,27448,Vasilevskiy_L_different_L076_RZ_20240206_AV-1.raw,4.12E6,1,1,"Carbamidomethylation",,P84646|SCX1_ODODO,DB Search
SGYC(+57.02)QWLGR,96.55,1125.5026,9,0.9,563.75903,2,42.9399,27448,Vasilevskiy_L_different_L076_RZ_20240206_AV-1.raw,4.12E6,1,1,"Carbamidomethylation",,P59896|SCXI_BUTOM:P01483|SCX2_BUTOC,DB Search
SGYC(+57.02)YFWK,104.56,1109.4640,8,0.6,555.73962,2,52.8684,35173,Vasilevskiy_L_different_L076_RZ_20240206_AV-1.raw,4.55E4,1,1,"Carbamidomethylation",,M4GX67|SCBTY_MESMA:A0A0U1S5U0|A0A0U1S5U0_LYCMC:D9U297|SNA1_LYCMC:Q9NBW2|SCBT_MESMA:P0CI53|SNAAL_LYCMC:A0A146CJ61|A0A146CJ61_MESEU,DB Search
SGYPIQHDGC(+57.02)K,104.61,1260.5557,11,-0.3,421.19238,3,18.0919,7691,Vasilevskiy_L_different_L076_RZ_20240206_AV-1.raw,5.4E5,2,2,"Carbamidomethylation",,M4GX67|SCBTY_MESMA,DB Search
SGYPTDHEGC(+57.02)K,105.01,1249.5033,11,0.5,417.50861,3,16.2593,6431,Vasilevskiy_L_different_L076_RZ_20240206_AV-1.raw,6.91E8,7,7,"Carbamidomethylation",,Q9NBW2|SCBT_MESMA:A0A146CJ61|A0A146CJ61_MESEU,DB Search
SGYPTQHDGC(+57.02)K,105.01,1248.5193,11,1.0,417.18082,3,15.8164,5922,Vasilevskiy_L_different_L076_RZ_20240206_AV-1.raw,5.21E7,4,4,"Carbamidomethylation",,F1CIW7|F1CIW7_HOTJU:A0A0K0LBU9|A0A0K0LBU9_9SCOR:A0A0K0LCH8|A0A0K0LCH8_9SCOR:A0A0K0LBU0|A0A0K0LBU0_9SCOR:A0A0U4R446|A0A0U4R446_ODODO:A0A0K0LBX4|A0A0K0LBX4_9SCOR,DB Search
SIAC(+57.02)INK,61.76,804.4164,7,0.7,403.21573,2,20.0678,9325,Vasilevskiy_L_different_L076_RZ_20240206_AV-1.raw,8.21E5,1,1,"Carbamidomethylation",,A0A088DAF1|A0A088DAF1_MESEU,DB Search
SIFDDGYPVK,104.83,1139.5498,10,1.4,570.78302,2,48.7364,31805,Vasilevskiy_L_different_L076_RZ_20240206_AV-1.raw,7.37E8,1,1,"",,E4VP06|E4VP06_MESEU:E4VP31|E4VP31_MESEU,DB Search
SIFDDGYPVKN(+0.98)GC(+57.02)R,109.41,1627.7300,14,0.3,814.87256,2,39.8859,24214,Vasilevskiy_L_different_L076_RZ_20240206_AV-1.raw,1.89E8,2,2,"Deamidation (NQ);Carbamidomethylation","N11:Deamidation (NQ):1000.00",E4VP06|E4VP06_MESEU:E4VP31|E4VP31_MESEU,DB Search
SIFEKPK,104.10,847.4803,7,0.4,283.50082,3,21.8853,10649,Vasilevskiy_L_different_L076_RZ_20240206_AV-1.raw,1.62E7,2,2,"",,A0A1W7RA02|A0A1W7RA02_9SCOR,DB Search
SIFEKPKDR,75.99,1118.6084,9,0.3,373.87683,3,19.7394,9089,Vasilevskiy_L_different_L076_RZ_20240206_AV-1.raw,2.16E5,1,1,"",,A0A1W7RA02|A0A1W7RA02_9SCOR,DB Search
SIGIPM(+15.99)K,44.39,760.4153,7,0.6,381.21515,2,23.8532,12081,Vasilevskiy_L_different_L076_RZ_20240206_AV-1.raw,1.16E7,2,2,"Oxidation (M)","M6:Oxidation (M):1000.00",T1DEK7|T1DEK7_9SCOR:T1DPC1|T1DPC1_9SCOR,DB Search
SIGIPMK,85.68,744.4203,7,0.3,745.42786,1,32.8364,19537,Vasilevskiy_L_different_L076_RZ_20240206_AV-1.raw,2.21E8,2,2,"",,T1DEK7|T1DEK7_9SCOR:T1DPC1|T1DPC1_9SCOR,DB Search
SIGIPMKQ(+0.98)PMQISLK,99.94,1670.9099,15,0.5,836.46265,2,55.2575,37146,Vasilevskiy_L_different_L076_RZ_20240206_AV-1.raw,8.28E5,2,2,"Deamidation (NQ)","Q8:Deamidation (NQ):16.66",T1DPC1|T1DPC1_9SCOR,DB Search
SIGIPMKQPMQISLK,104.99,1669.9259,15,1.9,835.97180,2,53.0848,35349,Vasilevskiy_L_different_L076_RZ_20240206_AV-1.raw,8E6,1,1,"",,T1DPC1|T1DPC1_9SCOR,DB Search
SIPVSEIY,67.60,906.4698,8,1.2,454.24274,2,54.4151,36382,Vasilevskiy_L_different_L076_RZ_20240206_AV-1.raw,2.09E5,1,1,"",,E4VP53|E4VP53_MESEU,DB Search
SIPVSEIYTN(+0.98)DDDNEVYDIAILK,104.28,2626.2537,23,9.8,876.43378,3,67.0808,47149,Vasilevskiy_L_different_L076_RZ_20240206_AV-1.raw,5.47E7,1,1,"Deamidation (NQ)","N10:Deamidation (NQ):33.81",E4VP53|E4VP53_MESEU,DB Search
SIPVSEIYTNDDDNEVYDIA,100.25,2271.0066,20,1.9,1136.51270,2,64.2103,44434,Vasilevskiy_L_different_L076_RZ_20240206_AV-1.raw,1.63E6,1,1,"",,E4VP53|E4VP53_MESEU,DB Search
SIPVSEIYTNDDDNEVYDIAILK,103.92,2625.2698,23,1.3,1313.64380,2,67.0808,46844,Vasilevskiy_L_different_L076_RZ_20240206_AV-1.raw,5.6E7,3,3,"",,E4VP53|E4VP53_MESEU,DB Search
SIYGEKFEDENFALK,110.88,1788.8569,15,0.3,597.29309,3,49.6228,32504,Vasilevskiy_L_different_L076_RZ_20240206_AV-1.raw,1.18E6,1,1,"",,A0A2I9LPF3|A0A2I9LPF3_9SCOR,DB Search
SKIEDFIR,98.69,1006.5447,8,0.9,336.52249,3,35.7072,21449,Vasilevskiy_L_different_L076_RZ_20240206_AV-1.raw,2.78E5,2,2,"",,A0AA49QCI2|A0AA49QCI2_9SCOR,DB Search
SLDSWRDEFLIQASPR,94.89,1918.9537,16,6.5,640.66266,3,61.6373,42383,Vasilevskiy_L_different_L076_RZ_20240206_AV-1.raw,,0,0,"",,A0A2I9LPI6|A0A2I9LPI6_9SCOR:A0A1W7R9V0|A0A1W7R9V0_9SCOR,DB Search
SLFEKPK,104.10,847.4803,7,0.4,283.50082,3,21.8853,10649,Vasilevskiy_L_different_L076_RZ_20240206_AV-1.raw,1.62E7,2,2,"",,A0A1E1WWB8|A0A1E1WWB8_TITOB,DB Search
SLFEKPKDR,75.99,1118.6084,9,0.3,373.87683,3,19.7394,9089,Vasilevskiy_L_different_L076_RZ_20240206_AV-1.raw,2.16E5,1,1,"",,A0A1E1WWB8|A0A1E1WWB8_TITOB,DB Search
SLGAMLIGK,100.86,888.5103,9,0.9,445.26282,2,47.8294,31135,Vasilevskiy_L_different_L076_RZ_20240206_AV-1.raw,2.43E5,1,1,"",,D2CFI7|LA1_MESMA,DB Search
SLGKPC(+57.02)NSNR,104.47,1131.5455,10,0.5,566.78027,2,15.4503,5498,Vasilevskiy_L_different_L076_RZ_20240206_AV-1.raw,5.97E5,2,2,"Carbamidomethylation",,A0A088DB35|A0A088DB35_MESEU:A0A088DAF5|A0A088DAF5_MESEU,DB Search
SLGLLG,26.33,558.3377,6,0.6,559.34528,1,52.9020,35312,Vasilevskiy_L_different_L076_RZ_20240206_AV-1.raw,1.06E5,1,1,"",,P31719|KAX52_ANDMA:B8XH32|B8XH32_BUTOS:P59869|KAX54_HOTTA:P59870|KAX55_HOTTA:A0A088D9S3|A0A088D9S3_MESEU:P16341|KAX51_LEIHE:Q9TVX3|KAX53_MESMA,DB Search
SLGLLGK,71.62,686.4327,7,1.6,344.22415,2,37.0657,23281,Vasilevskiy_L_different_L076_RZ_20240206_AV-1.raw,2.57E9,3,3,"",,P31719|KAX52_ANDMA:B8XH32|B8XH32_BUTOS:P59869|KAX54_HOTTA:P59870|KAX55_HOTTA:A0A088D9S3|A0A088D9S3_MESEU:P16341|KAX51_LEIHE:Q9TVX3|KAX53_MESMA,DB Search
SLMIELDK,36.96,947.4998,8,-0.7,474.75684,2,47.2910,30707,Vasilevskiy_L_different_L076_RZ_20240206_AV-1.raw,,0,0,"",,A0A1E1WVL6|A0A1E1WVL6_TITOB,DB Search
SLRDMD,43.63,735.3221,6,0.2,368.66843,2,19.4961,8858,Vasilevskiy_L_different_L076_RZ_20240206_AV-1.raw,1.17E5,1,1,"",,E4VP07|NDB46_MESEU:A0A146CJ26|A0A146CJ26_MESEU,DB Search
SLTTDMAAK,95.75,936.4586,9,0.6,469.23685,2,22.9593,11520,Vasilevskiy_L_different_L076_RZ_20240206_AV-1.raw,1.03E7,1,1,"",,A0A146CJ24|A0A146CJ24_MESEU:E4VP38|E4VP38_MESEU:A0A0C4G490|A0A0C4G490_MESMA:Q8MTW7|Q8MTW7_MESMA:A0A0B4KJR4|A0A0B4KJR4_MESMA,DB Search
SMGFPFDR,102.40,955.4222,8,0.6,478.71863,2,52.7325,35060,Vasilevskiy_L_different_L076_RZ_20240206_AV-1.raw,,0,0,"",,A0A0K0LC91|A0A0K0LC91_9SCOR:C6H0Z8|C6H0Z8_PANIM:A0A1E1WVN1|A0A1E1WVN1_TITOB,DB Search
SMSEYAC(+57.02)PVIEK,96.43,1412.6316,12,-0.1,707.32300,2,36.0065,21743,Vasilevskiy_L_different_L076_RZ_20240206_AV-1.raw,8.55E6,1,1,"Carbamidomethylation",,A0A088DB26|A0A088DB26_MESEU:A0A0K0LC08|A0A0K0LC08_9SCOR:E4VP34|E4VP34_MESEU:P0CH57|NDB51_MESEU:A0A0K0LCJ0|A0A0K0LCJ0_9SCOR:Q9NJC6|KBX2_MESMA:A0A0K0LC09|A0A0K0LC09_9SCOR:A0A0K0LC11|A0A0K0LC11_9SCOR:A0A0U4GZ05|A0A0U4GZ05_ODODO:A0A088D9U2|A0A088D9U2_MESEU:B8XH36|B8XH36_BUTOS:A0A143MGJ8|A0A143MGJ8_MESEU:A0A0K0LC05|A0A0K0LC05_9SCOR:A0A088DAE8|A0A088DAE8_MESEU,DB Search
SNFKIEAAAC(+57.02)YSSDC(+57.02)RVK,28.16,2104.9670,18,-0.3,702.66272,3,50.0832,32874,Vasilevskiy_L_different_L076_RZ_20240206_AV-1.raw,2.5E5,1,1,"Carbamidomethylation;Carbamidomethylation",,A0A088DAE2|A0A088DAE2_MESEU,DB Search
SNGLEMTEEDFC(+57.02)K,88.57,1558.6279,13,0.5,780.32166,2,44.2620,28314,Vasilevskiy_L_different_L076_RZ_20240206_AV-1.raw,,0,0,"Carbamidomethylation",,A0A088DB34|A0A088DB34_MESEU:A0A088D9T4|A0A088D9T4_MESEU,DB Search
SPIVFSSNR,99.73,1005.5244,9,0.7,503.76981,2,29.4927,16466,Vasilevskiy_L_different_L076_RZ_20240206_AV-1.raw,,0,0,"",,A0A0K0LC52|A0A0K0LC52_9SCOR,DB Search
SQ(+0.98)YWYYETNK,96.56,1381.5826,10,-0.5,691.79828,2,42.3434,26633,Vasilevskiy_L_different_L076_RZ_20240206_AV-1.raw,1.62E6,1,1,"Deamidation (NQ)","Q2:Deamidation (NQ):0.00",E4VP15|E4VP15_MESEU,DB Search
SQLKEEFLK,100.56,1120.6128,9,0.4,374.54501,3,28.3627,15673,Vasilevskiy_L_different_L076_RZ_20240206_AV-1.raw,2.01E5,1,1,"",,A0AA49QCI2|A0AA49QCI2_9SCOR,DB Search
SQVGPSSVEIK,96.52,1129.5979,11,-1.4,565.80542,2,27.0951,14588,Vasilevskiy_L_different_L076_RZ_20240206_AV-1.raw,2.24E5,1,1,"",,A0A2I9LPE8|A0A2I9LPE8_9SCOR:A0AA49QCI2|A0AA49QCI2_9SCOR,DB Search
SQYWYY,76.37,908.3705,6,0.5,455.19275,2,58.5869,39775,Vasilevskiy_L_different_L076_RZ_20240206_AV-1.raw,3.39E5,1,1,"",,E4VP15|E4VP15_MESEU,DB Search
SQYWYYETN,103.01,1252.5037,9,0.5,627.25940,2,51.7901,34305,Vasilevskiy_L_different_L076_RZ_20240206_AV-1.raw,,0,0,"",,E4VP15|E4VP15_MESEU,DB Search
SQYWYYETN(+0.98)K,104.99,1381.5826,10,-0.5,691.79828,2,42.3434,26692,Vasilevskiy_L_different_L076_RZ_20240206_AV-1.raw,7.41E6,2,2,"Deamidation (NQ)","N9:Deamidation (NQ):79.54",E4VP15|E4VP15_MESEU,DB Search
SQYWYYETN(+0.98)KC(+57.02)K,100.37,1669.7083,12,2.0,835.86304,2,34.0198,20168,Vasilevskiy_L_different_L076_RZ_20240206_AV-1.raw,7.5E5,2,2,"Deamidation (NQ);Carbamidomethylation","N9:Deamidation (NQ):147.18",E4VP15|E4VP15_MESEU,DB Search
SQYWYYETNK,105.01,1380.5986,10,0.9,461.20724,3,40.6542,25498,Vasilevskiy_L_different_L076_RZ_20240206_AV-1.raw,7.5E8,3,3,"",,E4VP15|E4VP15_MESEU,DB Search
SQYWYYETNKC(+57.02)K,80.07,1668.7242,12,-2.0,557.24756,3,32.1419,18685,Vasilevskiy_L_different_L076_RZ_20240206_AV-1.raw,1.28E5,1,1,"Carbamidomethylation",,E4VP15|E4VP15_MESEU,DB Search
SQYWYYETNKC(+57.02)KG,87.89,1725.7457,13,-0.7,863.87952,2,32.0975,18566,Vasilevskiy_L_different_L076_RZ_20240206_AV-1.raw,,0,0,"Carbamidomethylation",,E4VP15|E4VP15_MESEU,DB Search
SSKPHIR,79.53,823.4664,7,0.5,275.49622,3,14.7036,4920,Vasilevskiy_L_different_L076_RZ_20240206_AV-1.raw,2.05E4,1,1,"",,A0A2I9LP25|A0A2I9LP25_9SCOR,DB Search
STAGDTHLGGEDFDNR,104.25,1690.7183,16,0.3,564.58020,3,24.4178,12647,Vasilevskiy_L_different_L076_RZ_20240206_AV-1.raw,4.14E5,1,1,"",,A0A1W7RAC4|A0A1W7RAC4_9SCOR:A0A2I9LP41|A0A2I9LP41_9SCOR,DB Search
STDILVLR,95.68,915.5389,8,0.3,458.77689,2,47.5298,30902,Vasilevskiy_L_different_L076_RZ_20240206_AV-1.raw,1.53E8,2,2,"",,E4VNZ8|E4VNZ8_MESEU:E4VNZ7|E4VNZ7_MESEU,DB Search
SVALVPK,41.95,712.4483,7,0.6,357.23163,2,24.6580,12789,Vasilevskiy_L_different_L076_RZ_20240206_AV-1.raw,1.15E6,1,1,"",,A0A2I9LPU9|A0A2I9LPU9_9SCOR,DB Search
SVDETLR,75.53,818.4134,7,0.1,410.21399,2,20.0717,9324,Vasilevskiy_L_different_L076_RZ_20240206_AV-1.raw,,0,0,"",,A0A1W7R9D4|A0A1W7R9D4_9SCOR:A0A2I9LPF5|A0A2I9LPF5_9SCOR,DB Search
SVLDDLNNQL,95.66,1129.5615,10,1.1,565.78864,2,60.0073,41025,Vasilevskiy_L_different_L076_RZ_20240206_AV-1.raw,1.32E5,1,1,"",,A0A0U4FPA4|A0A0U4FPA4_ODODO:F1CIZ9|F1CIZ9_HOTJU,DB Search
SWNDNLITK,99.95,1089.5454,9,0.4,545.78021,2,39.9800,24723,Vasilevskiy_L_different_L076_RZ_20240206_AV-1.raw,1.33E6,1,1,"",,E4VP06|E4VP06_MESEU:E4VP31|E4VP31_MESEU:A0A146CIV8|A0A146CIV8_MESEU:A0A059UD55|A0A059UD55_MESGB,DB Search
SYC(+57.02)SLGIGNSEEC(+57.02),109.20,1474.5704,13,1.6,738.29370,2,40.5742,25529,Vasilevskiy_L_different_L076_RZ_20240206_AV-1.raw,3.27E6,1,1,"Carbamidomethylation;Carbamidomethylation",,F1CIZ9|F1CIZ9_HOTJU,DB Search
SYC(+57.02)SLGIGNSEEC(+57.02)L,104.46,1587.6545,14,2.4,794.83643,2,55.3061,37080,Vasilevskiy_L_different_L076_RZ_20240206_AV-1.raw,4.84E5,1,1,"Carbamidomethylation;Carbamidomethylation",,F1CIZ9|F1CIZ9_HOTJU,DB Search
SYELPDGQVITIGNER,105.02,1789.8846,16,-1.0,895.94867,2,58.9249,40009,Vasilevskiy_L_different_L076_RZ_20240206_AV-1.raw,1.02E6,1,1,"",,A0A1W7RB59|A0A1W7RB59_9SCOR:E6Y2S5|E6Y2S5_MESMA:A0A1W7RB46|A0A1W7RB46_9SCOR:A0A2I9LNI8|A0A2I9LNI8_9SCOR:C5J8B7|C5J8B7_OPICY:A0A2I9LNM3|A0A2I9LNM3_9SCOR,DB Search
SYQC(+57.02)FPVC(+57.02)K,104.62,1187.5104,9,0.3,594.76263,2,30.8268,17558,Vasilevskiy_L_different_L076_RZ_20240206_AV-1.raw,3.6E4,1,1,"Carbamidomethylation;Carbamidomethylation",,Q9BKB7|KGX21_MESEU:A0A088DAE4|A0A088DAE4_MESEU:P59938|KGX22_MESMA,DB Search
SYSLTTDMAAK,100.75,1186.5540,11,-0.5,594.28400,2,33.2170,19383,Vasilevskiy_L_different_L076_RZ_20240206_AV-1.raw,5.4E5,1,1,"",,A0A146CJ24|A0A146CJ24_MESEU:E4VP38|E4VP38_MESEU:A0A0C4G490|A0A0C4G490_MESMA:Q8MTW7|Q8MTW7_MESMA:A0A0B4KJR4|A0A0B4KJR4_MESMA,DB Search
SYYGC(+57.02)QK,94.82,904.3749,7,0.5,453.19495,2,17.9244,7523,Vasilevskiy_L_different_L076_RZ_20240206_AV-1.raw,5.21E5,1,1,"Carbamidomethylation",,A0A146CJ36|A0A146CJ36_MESEU,DB Search
T(+42.01)ITLEVEPS,27.68,1029.5229,9,-5.8,515.76581,2,62.4065,42997,Vasilevskiy_L_different_L076_RZ_20240206_AV-1.raw,8.19E4,1,1,"Acetylation (Protein N-term)","T1:Acetylation (Protein N-term):1000.00",H2CYP6|H2CYP6_PANCV:A0A1W7R9R2|A0A1W7R9R2_9SCOR:A0A2I9LPN2|A0A2I9LPN2_9SCOR:A0A2I9LPH5|A0A2I9LPH5_9SCOR:A0A5J6YGB0|A0A5J6YGB0_9SCOR:A0A2I9LPM5|A0A2I9LPM5_9SCOR:A0A3S8V4Q4|A0A3S8V4Q4_9SCOR:A0A1W7R9R4|A0A1W7R9R4_9SCOR,DB Search
TAAEFLTPNM(+15.99)GLTDIK,88.11,1736.8655,16,-4.9,869.43573,2,55.0025,36930,Vasilevskiy_L_different_L076_RZ_20240206_AV-1.raw,,0,0,"Oxidation (M)","M10:Oxidation (M):1000.00",P80476|HCY6_ANDAU,DB Search
TAAEFLTPNMGLTDIK,96.48,1720.8705,16,-0.5,861.44208,2,62.7693,43207,Vasilevskiy_L_different_L076_RZ_20240206_AV-1.raw,2.82E6,2,2,"",,P80476|HCY6_ANDAU,DB Search
TAENFR,88.17,736.3504,6,0.0,369.18246,2,17.9907,7602,Vasilevskiy_L_different_L076_RZ_20240206_AV-1.raw,3.5E5,1,1,"",,A0A2I9LPF3|A0A2I9LPF3_9SCOR:A0A1W7R9W4|A0A1W7R9W4_9SCOR,DB Search
TAGFVK,82.15,621.3486,6,-0.2,311.68152,2,19.8381,9156,Vasilevskiy_L_different_L076_RZ_20240206_AV-1.raw,5.27E5,1,1,"",,A0A2I9LNU5|A0A2I9LNU5_9SCOR:A0A1W7RAV1|A0A1W7RAV1_9SCOR:A0A0K0LC52|A0A0K0LC52_9SCOR,DB Search
TAGIAFPNTVC(+57.02)R,90.03,1305.6499,12,0.5,653.83258,2,42.1717,26571,Vasilevskiy_L_different_L076_RZ_20240206_AV-1.raw,2.38E5,1,1,"Carbamidomethylation",,E4VNZ8|E4VNZ8_MESEU:E4VNZ7|E4VNZ7_MESEU,DB Search
TANVITTLTK,94.43,1060.6128,10,2.0,531.31476,2,38.1728,23396,Vasilevskiy_L_different_L076_RZ_20240206_AV-1.raw,3.2E5,1,1,"",,A0A2I9LP22|A0A2I9LP22_9SCOR,DB Search
TC(+57.02)ALN(+0.98)PYC(+57.02)DSEC(+57.02)KKN(+0.98)GADGSYC(+57.02)QWLGR,103.75,3211.3103,27,4.2,803.83820,4,48.6844,31777,Vasilevskiy_L_different_L076_RZ_20240206_AV-1.raw,2.64E5,1,1,"Carbamidomethylation;Deamidation (NQ);Carbamidomethylation;Carbamidomethylation;Deamidation (NQ); more","C2:Deamidation (NQ):104.02;N5:Deamidation (NQ):47.82",P09982|SCXE_MESEU,DB Search
TC(+57.02)ALNPYC(+57.02)DSEC(+57.02)KK,105.00,1744.7219,14,1.6,582.58215,3,22.8116,11672,Vasilevskiy_L_different_L076_RZ_20240206_AV-1.raw,2.18E8,1,1,"Carbamidomethylation;Carbamidomethylation;Carbamidomethylation",,D8UWD8|SCXN9_MESEU:P09982|SCXE_MESEU:P86403|SCXN2_MESEU,DB Search
TC(+57.02)ALNPYC(+57.02)N(+0.98)SEC(+57.02)K,95.14,1616.6270,13,0.0,809.32074,2,27.8804,15222,Vasilevskiy_L_different_L076_RZ_20240206_AV-1.raw,1.36E8,1,1,"Carbamidomethylation;Carbamidomethylation;Deamidation (NQ);Carbamidomethylation","C2:Deamidation (NQ):87.75",A0A146CJ08|A0A146CJ08_MESEU,DB Search
TC(+57.02)ALNPYC(+57.02)N(+0.98)SEC(+57.02)KK,104.95,1744.7219,14,-0.2,582.58112,3,22.5442,11233,Vasilevskiy_L_different_L076_RZ_20240206_AV-1.raw,,0,0,"Carbamidomethylation;Carbamidomethylation;Deamidation (NQ);Carbamidomethylation","C2:Deamidation (NQ):77.13",A0A146CJ08|A0A146CJ08_MESEU,DB Search
TC(+57.02)ATVFYPPN(+0.98)C(+57.02)R,92.99,1485.6381,12,9.1,743.83307,2,38.7138,23837,Vasilevskiy_L_different_L076_RZ_20240206_AV-1.raw,2.58E5,1,1,"Carbamidomethylation;Deamidation (NQ);Carbamidomethylation","C2:Deamidation (NQ):1000.00",F1CJ59|F1CJ59_HOTJU:F1CJA0|F1CJA0_HOTJU,DB Search
TC(+57.02)ATVFYPPNC(+57.02)R,96.83,1484.6541,12,0.6,743.33472,2,36.4223,23214,Vasilevskiy_L_different_L076_RZ_20240206_AV-1.raw,3.14E8,2,2,"Carbamidomethylation;Carbamidomethylation",,F1CJ59|F1CJ59_HOTJU:F1CJA0|F1CJA0_HOTJU,DB Search
TC(+57.02)ELVDMNGIC(+57.02)VIETEHDLFYHIC(+57.02)R,83.30,3123.3921,25,0.2,1042.13818,3,67.3194,47090,Vasilevskiy_L_different_L076_RZ_20240206_AV-1.raw,,0,0,"Carbamidomethylation;Carbamidomethylation;Carbamidomethylation",,A0A088D9Q2|A0A088D9Q2_MESEU,DB Search
TC(+57.02)ELVN(+0.98)MN(+0.98)GIC(+57.02)VIETEHDLFYHIC(+57.02)R,110.20,3124.3762,25,0.8,782.10193,4,67.3947,47159,Vasilevskiy_L_different_L076_RZ_20240206_AV-1.raw,,0,0,"Carbamidomethylation;Deamidation (NQ);Deamidation (NQ);Carbamidomethylation;Carbamidomethylation","C2:Deamidation (NQ):1000.00;N6:Deamidation (NQ):1000.00",A0A088DB22|A0A088DB22_MESEU,DB Search
TC(+57.02)ELVN(+0.98)MNGIC(+57.02)VIETEHGLFYHIC(+57.02)R,110.46,3065.3867,25,4.2,1533.70703,2,65.2232,45348,Vasilevskiy_L_different_L076_RZ_20240206_AV-1.raw,,0,0,"Carbamidomethylation;Deamidation (NQ);Carbamidomethylation;Carbamidomethylation","C2:Deamidation (NQ):0.00",A0A088DAZ3|A0A088DAZ3_MESEU:A0A088DAC7|A0A088DAC7_MESEU,DB Search
TC(+57.02)ELVNM(+15.99)NGIC(+57.02)VIETEHGLFYHIC(+57.02)R,110.60,3080.3977,25,2.1,771.10828,4,61.1274,42035,Vasilevskiy_L_different_L076_RZ_20240206_AV-1.raw,2.32E5,1,1,"Carbamidomethylation;Oxidation (M);Carbamidomethylation;Carbamidomethylation","C2:Oxidation (M):1000.00",A0A088DAZ3|A0A088DAZ3_MESEU:A0A088DAC7|A0A088DAC7_MESEU,DB Search
TC(+57.02)ELVNMN(+0.98)GIC(+57.02)VIETEHGLFYHIC(+57.02)R,105.02,3065.3867,25,0.5,767.35431,4,65.0121,45170,Vasilevskiy_L_different_L076_RZ_20240206_AV-1.raw,,0,0,"Carbamidomethylation;Deamidation (NQ);Carbamidomethylation;Carbamidomethylation","C2:Deamidation (NQ):67.96",A0A088DAZ3|A0A088DAZ3_MESEU:A0A088DAC7|A0A088DAC7_MESEU,DB Search
TC(+57.02)ELVNMNGIC(+57.02)VIETEHGLFYHIC(+57.02)R,113.88,3064.4028,25,-4.8,1022.46997,3,65.0188,45176,Vasilevskiy_L_different_L076_RZ_20240206_AV-1.raw,1.36E7,2,2,"Carbamidomethylation;Carbamidomethylation;Carbamidomethylation",,A0A088DAZ3|A0A088DAZ3_MESEU:A0A088DAC7|A0A088DAC7_MESEU,DB Search
TC(+57.02)GYHDC(+57.02)VLYC(+57.02)QMFGQQGK,105.02,2350.9592,19,-1.1,784.65948,3,50.7270,33396,Vasilevskiy_L_different_L076_RZ_20240206_AV-1.raw,2.77E5,1,1,"Carbamidomethylation;Carbamidomethylation;Carbamidomethylation",,A0A088D9U7|A0A088D9U7_MESEU,DB Search
TC(+57.02)HGDSGGPM(+15.99)VITK,96.62,1474.6544,14,0.7,492.55911,3,18.2169,7727,Vasilevskiy_L_different_L076_RZ_20240206_AV-1.raw,4.23E6,2,2,"Carbamidomethylation;Oxidation (M)","C2:Oxidation (M):1000.00",E4VP22|E4VP22_MESEU:E4VP23|E4VP23_MESEU:E4VP49|E4VP49_MESEU,DB Search
TC(+57.02)HGDSGGPMVITK,95.97,1458.6595,14,0.6,487.22742,3,21.1552,10128,Vasilevskiy_L_different_L076_RZ_20240206_AV-1.raw,8.86E7,3,3,"Carbamidomethylation",,E4VP22|E4VP22_MESEU:E4VP23|E4VP23_MESEU:E4VP49|E4VP49_MESEU,DB Search
TC(+57.02)HITAQK,98.50,957.4702,8,3.2,320.16504,3,15.4175,5484,Vasilevskiy_L_different_L076_RZ_20240206_AV-1.raw,2.27E7,2,2,"Carbamidomethylation",,A0A059UI24|A0A059UI24_MESGB,DB Search
TC(+57.02)NILLPGEN(+0.98)ER,54.70,1415.6715,12,-0.4,708.84271,2,36.6174,22219,Vasilevskiy_L_different_L076_RZ_20240206_AV-1.raw,1.03E6,1,1,"Carbamidomethylation;Deamidation (NQ)","C2:Deamidation (NQ):67.12",A0A5P8U2N1|A0A5P8U2N1_MESEU,DB Search
TC(+57.02)NILLPGENER,68.72,1414.6875,12,0.2,708.35114,2,35.1854,21209,Vasilevskiy_L_different_L076_RZ_20240206_AV-1.raw,1.62E8,2,2,"Carbamidomethylation",,A0A5P8U2N1|A0A5P8U2N1_MESEU,DB Search
TC(+57.02)NYGPAGN(+0.98)LEGSEAYQ(+0.98)VGSPC(+57.02)SAC(+57.02)PENTK,109.55,3219.3066,30,9.0,1074.11914,3,49.7500,32587,Vasilevskiy_L_different_L076_RZ_20240206_AV-1.raw,7.05E5,1,1,"Carbamidomethylation;Deamidation (NQ);Deamidation (NQ);Carbamidomethylation;Carbamidomethylation","C2:Deamidation (NQ):30.57;N9:Deamidation (NQ):13.48",A0A0C9RFK9|A0A0C9RFK9_TITBA,DB Search
TDAPIDNK,88.82,872.4240,8,0.3,437.21939,2,17.0914,6834,Vasilevskiy_L_different_L076_RZ_20240206_AV-1.raw,1.74E6,1,1,"",,E4VP53|E4VP53_MESEU,DB Search
TDHNM(+15.99)AK,85.79,831.3545,7,-0.4,416.68436,2,15.4323,5472,Vasilevskiy_L_different_L076_RZ_20240206_AV-1.raw,3.7E4,1,1,"Oxidation (M)","M5:Oxidation (M):1000.00",A0A0D4CZV2|A0A0D4CZV2_MESEU:F1DI80|CTXL2_MESEU:P60269|CTXI4_MESEU:A0A5P8U2Q5|A0A5P8U2Q5_MESEU:P86401|CTXL_MESEU,DB Search
TDHNMAK,88.48,815.3596,7,-0.2,408.68698,2,17.4363,7084,Vasilevskiy_L_different_L076_RZ_20240206_AV-1.raw,4.35E6,1,1,"",,A0A0D4CZV2|A0A0D4CZV2_MESEU:F1DI80|CTXL2_MESEU:P60269|CTXI4_MESEU:A0A5P8U2Q5|A0A5P8U2Q5_MESEU:P86401|CTXL_MESEU,DB Search
TDRDC(+57.02)IMC(+57.02)GLGISC(+57.02)K,84.79,1784.7678,15,-4.6,595.92712,3,35.2315,21029,Vasilevskiy_L_different_L076_RZ_20240206_AV-1.raw,4.35E5,1,1,"Carbamidomethylation;Carbamidomethylation;Carbamidomethylation",,A0A146CJ70|A0A146CJ70_MESEU,DB Search
TEAFGLIDVK,95.47,1091.5862,10,0.5,546.80066,2,56.1429,37690,Vasilevskiy_L_different_L076_RZ_20240206_AV-1.raw,2.93E7,1,1,"",,A0A088DAY7|A0A088DAY7_MESEU:B3EWY1|KA167_MESGB:F5CJW0|F5CJW0_MESEU:A0A088D9P9|A0A088D9P9_MESEU:A0A088DAC3|A0A088DAC3_MESEU:Q9NBG9|KA162_MESMA:D3JXM1|KA164_MESEU:Q8MQL0|KA163_MESMA,DB Search
TEAMC(+57.02)MPC(+57.02)FTTRPDMAQQC(+57.02)R,70.24,2490.0042,20,-3.1,831.00604,3,59.3771,40536,Vasilevskiy_L_different_L076_RZ_20240206_AV-1.raw,6.4E4,1,1,"Carbamidomethylation;Carbamidomethylation;Carbamidomethylation",,E4VP45|E4VP45_MESEU:A0A143MGK4|A0A143MGK4_MESEU:E4VP46|E4VP46_MESEU:R4H559|R4H559_MESEU:A0A146CIP8|A0A146CIP8_MESEU:R4H5A4|R4H5A4_MESEU:A0A146CIP9|A0A146CIP9_MESEU,DB Search
TEHDLFYHIC(+57.02)R,99.65,1489.6772,11,-1.2,497.56573,3,34.9122,20884,Vasilevskiy_L_different_L076_RZ_20240206_AV-1.raw,,0,0,"Carbamidomethylation",,A0A088D9Q2|A0A088D9Q2_MESEU:A0A088DB22|A0A088DB22_MESEU,DB Search
TEYC(+57.02)SC(+57.02)GWPQHLLVPK,96.39,1973.9127,16,1.5,658.97919,3,51.7656,34283,Vasilevskiy_L_different_L076_RZ_20240206_AV-1.raw,,0,0,"Carbamidomethylation;Carbamidomethylation",,A0A1E1WVS7|A0A1E1WVS7_TITOB:C6H0Z8|C6H0Z8_PANIM,DB Search
TFDNKDFR,99.61,1041.4879,8,0.8,348.17020,3,21.6475,10514,Vasilevskiy_L_different_L076_RZ_20240206_AV-1.raw,1.27E6,2,2,"",,F1CJ20|F1CJ20_HOTJU,DB Search
TFDWYLK,96.53,971.4752,7,0.6,486.74518,2,58.0323,39398,Vasilevskiy_L_different_L076_RZ_20240206_AV-1.raw,,0,0,"",,A0A2I9LPG6|A0A2I9LPG6_9SCOR,DB Search
TFFPEEISSMVLTK,105.02,1627.8168,14,1.4,814.91681,2,67.9965,47682,Vasilevskiy_L_different_L076_RZ_20240206_AV-1.raw,2.94E5,1,1,"",,A0A2I9LP41|A0A2I9LP41_9SCOR,DB Search
TFQSFSK,96.47,843.4127,7,1.0,422.71402,2,24.2180,12420,Vasilevskiy_L_different_L076_RZ_20240206_AV-1.raw,3.43E5,1,1,"",,F1CIY2|F1CIY2_HOTJU:A0A0K0LBR9|A0A0K0LBR9_9SCOR,DB Search
TFVM(+15.99)VKPDGVQR,30.37,1391.7231,12,4.7,464.91718,3,25.7324,13687,Vasilevskiy_L_different_L076_RZ_20240206_AV-1.raw,2.79E4,1,1,"Oxidation (M)","M4:Oxidation (M):1000.00",A0A2I9LPD1|A0A2I9LPD1_9SCOR,DB Search
TFVMVKPDGVQR,100.12,1375.7281,12,0.2,459.58340,3,32.0708,18467,Vasilevskiy_L_different_L076_RZ_20240206_AV-1.raw,1.33E6,2,2,"",,A0A2I9LPD1|A0A2I9LPD1_9SCOR,DB Search
TGLLEGGPSAEVELVK,96.52,1597.8562,16,0.7,799.93597,2,55.5394,37385,Vasilevskiy_L_different_L076_RZ_20240206_AV-1.raw,3.81E4,1,1,"",,A0A2I9LPH0|A0A2I9LPH0_9SCOR,DB Search
TGSKDC(+57.02)PASDGYIM(+15.99)GDR,105.02,1844.7668,17,0.4,615.92981,3,21.1552,10087,Vasilevskiy_L_different_L076_RZ_20240206_AV-1.raw,9.92E5,2,2,"Carbamidomethylation;Oxidation (M)","C6:Oxidation (M):1000.00",E4VNZ8|E4VNZ8_MESEU:E4VNZ7|E4VNZ7_MESEU,DB Search
TGSKDC(+57.02)PASDGYIMGDR,105.01,1828.7720,17,-0.1,610.59790,3,26.8110,14227,Vasilevskiy_L_different_L076_RZ_20240206_AV-1.raw,6.54E7,3,3,"Carbamidomethylation",,E4VNZ8|E4VNZ8_MESEU:E4VNZ7|E4VNZ7_MESEU,DB Search
THINIVVIGHVDSGK,103.70,1587.8733,15,1.0,530.29889,3,35.9853,21776,Vasilevskiy_L_different_L076_RZ_20240206_AV-1.raw,,0,0,"",,A0A1W7RAM5|A0A1W7RAM5_9SCOR:A0A2I9LNY0|A0A2I9LNY0_9SCOR:A0A0U1SPK7|A0A0U1SPK7_ISOMC,DB Search
THTEAMC(+57.02)MPC(+57.02)FTTRPDMAQQC(+57.02)R,110.76,2728.1106,22,-1.2,683.03412,4,42.2959,26698,Vasilevskiy_L_different_L076_RZ_20240206_AV-1.raw,,0,0,"Carbamidomethylation;Carbamidomethylation;Carbamidomethylation",,E4VP45|E4VP45_MESEU:A0A143MGK4|A0A143MGK4_MESEU:E4VP46|E4VP46_MESEU:A0A146CIP8|A0A146CIP8_MESEU:A0A146CIP9|A0A146CIP9_MESEU,DB Search
THTHALGK,93.81,863.4613,8,0.2,288.82779,3,14.5724,4773,Vasilevskiy_L_different_L076_RZ_20240206_AV-1.raw,5.68E5,2,2,"",,A0A2I9LP74|A0A2I9LP74_9SCOR:A0A1E1WVQ8|A0A1E1WVQ8_TITOB:A0AA49QC82|A0AA49QC82_9SCOR:A0A7S8RGB6|A0A7S8RGB6_TITSE,DB Search
TIC(+57.02)LTDK,87.15,849.4266,7,-0.3,850.43365,1,23.9750,12193,Vasilevskiy_L_different_L076_RZ_20240206_AV-1.raw,1.48E7,2,2,"Carbamidomethylation",,E4VP22|E4VP22_MESEU:E4VP49|E4VP49_MESEU,DB Search
TIC(+57.02)LTDKGYDLE,80.52,1426.6649,12,0.5,714.34015,2,47.3825,30555,Vasilevskiy_L_different_L076_RZ_20240206_AV-1.raw,1.05E8,1,1,"Carbamidomethylation",,E4VP22|E4VP22_MESEU:E4VP49|E4VP49_MESEU,DB Search
TIC(+57.02)WVQK,91.40,933.4742,7,0.4,467.74457,2,32.6443,19068,Vasilevskiy_L_different_L076_RZ_20240206_AV-1.raw,4.19E5,1,1,"Carbamidomethylation",,E4VP53|E4VP53_MESEU:E4VP23|E4VP23_MESEU:E4VP49|E4VP49_MESEU:A0A146CIZ6|A0A146CIZ6_MESEU,DB Search
TIIQ(+0.98)TAVH,70.14,882.4811,8,-0.8,442.24744,2,29.6757,16619,Vasilevskiy_L_different_L076_RZ_20240206_AV-1.raw,,0,0,"Deamidation (NQ)","Q4:Deamidation (NQ):1000.00",Q9N661|KBX1_MESMA:A0A059UI30|KBX1_MESGB,DB Search
TIIQ(+0.98)TAVHKLGK,27.25,1308.7765,12,4.7,328.20294,4,43.4308,27626,Vasilevskiy_L_different_L076_RZ_20240206_AV-1.raw,,0,0,"Deamidation (NQ)","Q4:Deamidation (NQ):1000.00",Q9N661|KBX1_MESMA:A0A059UI30|KBX1_MESGB,DB Search
TIIQTAVH,84.28,881.4971,8,0.5,441.75601,2,28.5680,15684,Vasilevskiy_L_different_L076_RZ_20240206_AV-1.raw,1.15E8,1,1,"",,Q9N661|KBX1_MESMA:A0A059UI30|KBX1_MESGB,DB Search
TIIQTAVHK,104.68,1009.5920,9,1.1,337.53833,3,22.1984,11376,Vasilevskiy_L_different_L076_RZ_20240206_AV-1.raw,1.44E8,2,2,"",,Q9N661|KBX1_MESMA:A0A059UI30|KBX1_MESGB,DB Search
TILGEN(+0.98)EYC(+57.02)R,94.92,1254.5551,10,0.2,628.28491,2,32.9642,19280,Vasilevskiy_L_different_L076_RZ_20240206_AV-1.raw,,0,0,"Deamidation (NQ);Carbamidomethylation","N6:Deamidation (NQ):1000.00",Q6WJF5|LV1A_MESMA,DB Search
TILGENEYC(+57.02)R,96.05,1253.5710,10,0.2,627.79291,2,32.1377,18474,Vasilevskiy_L_different_L076_RZ_20240206_AV-1.raw,9.77E6,1,1,"Carbamidomethylation",,Q6WJF5|LV1A_MESMA,DB Search
TILQ(+0.98)TAVH,70.14,882.4811,8,-0.8,442.24744,2,29.6757,16619,Vasilevskiy_L_different_L076_RZ_20240206_AV-1.raw,,0,0,"Deamidation (NQ)","Q4:Deamidation (NQ):1000.00",A0A5P8U361|A0A5P8U361_MESEU:B8XH40|KBX1_BUTOS:A0A143MI92|A0A143MI92_MESEU:A0A088D9S1|A0A088D9S1_MESEU:A0A088DB53|A0A088DB53_MESEU,DB Search
TILQ(+0.98)TAVHKLGK,27.25,1308.7765,12,4.7,328.20294,4,43.4308,27626,Vasilevskiy_L_different_L076_RZ_20240206_AV-1.raw,,0,0,"Deamidation (NQ)","Q4:Deamidation (NQ):1000.00",A0A5P8U361|A0A5P8U361_MESEU:B8XH40|KBX1_BUTOS:A0A143MI92|A0A143MI92_MESEU,DB Search
TILQTAVH,84.28,881.4971,8,0.5,441.75601,2,28.5680,15684,Vasilevskiy_L_different_L076_RZ_20240206_AV-1.raw,1.15E8,1,1,"",,A0A5P8U361|A0A5P8U361_MESEU:B8XH40|KBX1_BUTOS:A0A143MI92|A0A143MI92_MESEU:A0A088D9S1|A0A088D9S1_MESEU:A0A088DB53|A0A088DB53_MESEU,DB Search
TILQTAVHK,104.68,1009.5920,9,1.1,337.53833,3,22.1984,11376,Vasilevskiy_L_different_L076_RZ_20240206_AV-1.raw,1.44E8,2,2,"",,A0A5P8U361|A0A5P8U361_MESEU:B8XH40|KBX1_BUTOS:A0A143MI92|A0A143MI92_MESEU:A0A088D9S1|A0A088D9S1_MESEU:A0A088DB53|A0A088DB53_MESEU,DB Search
TITLEVEPSDTIENVK,98.60,1786.9200,16,-1.0,894.46637,2,52.4145,34688,Vasilevskiy_L_different_L076_RZ_20240206_AV-1.raw,2.12E6,1,1,"",,H2CYP6|H2CYP6_PANCV:A0A1W7R9R2|A0A1W7R9R2_9SCOR:A0A2I9LPN2|A0A2I9LPN2_9SCOR:A0A2I9LPH5|A0A2I9LPH5_9SCOR:A0A5J6YGB0|A0A5J6YGB0_9SCOR:A0A2I9LPM5|A0A2I9LPM5_9SCOR:A0A3S8V4Q4|A0A3S8V4Q4_9SCOR:A0A1W7R9R4|A0A1W7R9R4_9SCOR,DB Search
TIVSGLC(+57.02)HLA,24.68,1069.5590,10,-0.3,535.78662,2,48.6981,31779,Vasilevskiy_L_different_L076_RZ_20240206_AV-1.raw,,0,0,"Carbamidomethylation",,A0A2I9LNS6|A0A2I9LNS6_9SCOR,DB Search
TKPTM(+15.99)FTDIR,104.78,1224.6172,10,0.1,409.21307,3,24.4517,12645,Vasilevskiy_L_different_L076_RZ_20240206_AV-1.raw,1.63E6,2,2,"Oxidation (M)","M5:Oxidation (M):1000.00",A0A146CIZ6|A0A146CIZ6_MESEU,DB Search
TKPTM(+15.99)FTDVR,100.68,1210.6016,10,0.6,606.30841,2,20.9558,9954,Vasilevskiy_L_different_L076_RZ_20240206_AV-1.raw,2.4E6,2,2,"Oxidation (M)","M5:Oxidation (M):1000.00",E4VP53|E4VP53_MESEU:E4VP23|E4VP23_MESEU:E4VP49|E4VP49_MESEU,DB Search
TKPTMF,87.71,723.3625,6,1.1,362.68893,2,28.6555,15790,Vasilevskiy_L_different_L076_RZ_20240206_AV-1.raw,2.88E6,1,1,"",,E4VP53|E4VP53_MESEU:E4VP23|E4VP23_MESEU:E4VP49|E4VP49_MESEU:A0A146CIZ6|A0A146CIZ6_MESEU,DB Search
TKPTMFTDIR,99.63,1208.6223,10,0.7,605.31885,2,32.9716,19570,Vasilevskiy_L_different_L076_RZ_20240206_AV-1.raw,1.4E8,2,2,"",,A0A146CIZ6|A0A146CIZ6_MESEU,DB Search
TKPTMFTDVR,103.76,1194.6067,10,1.2,399.20999,3,27.5574,14653,Vasilevskiy_L_different_L076_RZ_20240206_AV-1.raw,3.32E8,2,2,"",,E4VP53|E4VP53_MESEU:E4VP23|E4VP23_MESEU:E4VP49|E4VP49_MESEU,DB Search
TLHPFAFR,98.97,987.5290,8,0.2,330.18369,3,39.6665,24643,Vasilevskiy_L_different_L076_RZ_20240206_AV-1.raw,4.03E4,1,1,"",,A0A2I9LP74|A0A2I9LP74_9SCOR,DB Search
TLLQ(+0.98)ALDAMEPPTRPLDKPLRLPLQDVYK,117.76,3331.8213,29,7.3,833.96869,4,66.9806,46802,Vasilevskiy_L_different_L076_RZ_20240206_AV-1.raw,7.03E4,1,1,"Deamidation (NQ)","Q4:Deamidation (NQ):26.20",A0A1W7RAM5|A0A1W7RAM5_9SCOR:Q9BNV5|Q9BNV5_CENSC:Q9BNV0|Q9BNV0_HADAR:A0A2I9LNY0|A0A2I9LNY0_9SCOR:A0A1W7RAN3|A0A1W7RAN3_9SCOR,DB Search
TLLQALDAMEPPTRPLDKPLR,110.29,2374.3042,21,1.3,594.58411,4,63.4505,43859,Vasilevskiy_L_different_L076_RZ_20240206_AV-1.raw,4.47E5,2,2,"",,A0A1W7RAM5|A0A1W7RAM5_9SCOR:Q9BNV5|Q9BNV5_CENSC:Q9BNV0|Q9BNV0_HADAR:A0A2I9LNY0|A0A2I9LNY0_9SCOR:A0A1W7RAN3|A0A1W7RAN3_9SCOR,DB Search
TLSDAMC(+57.02)MPC(+57.02)FTTDHNMAK,95.54,2229.8984,19,0.0,744.30682,3,51.7864,34236,Vasilevskiy_L_different_L076_RZ_20240206_AV-1.raw,4.15E5,1,1,"Carbamidomethylation;Carbamidomethylation",,A0A0D4CZV2|A0A0D4CZV2_MESEU,DB Search
TLSDYNIQK,94.32,1080.5452,9,0.5,541.28009,2,26.0025,13900,Vasilevskiy_L_different_L076_RZ_20240206_AV-1.raw,5.4E5,1,1,"",,H2CYP6|H2CYP6_PANCV:A0A1W7R9R2|A0A1W7R9R2_9SCOR:A0A2I9LPN2|A0A2I9LPN2_9SCOR:A0A2I9LPH5|A0A2I9LPH5_9SCOR:A0A5J6YGB0|A0A5J6YGB0_9SCOR:A0A2I9LPM5|A0A2I9LPM5_9SCOR:A0A3S8V4Q4|A0A3S8V4Q4_9SCOR:A0A1W7R9R4|A0A1W7R9R4_9SCOR,DB Search
TLVEFASALAK,96.05,1148.6440,11,0.5,575.32959,2,60.8417,41675,Vasilevskiy_L_different_L076_RZ_20240206_AV-1.raw,7.24E5,1,1,"",,E4VP13|E4VP13_MESEU:A0A0K0LCP5|A0A0K0LCP5_9SCOR,DB Search
TMSLC(+57.02)NM(+15.99)SDC(+57.02)QER,100.12,1646.6157,13,1.2,824.31616,2,22.8118,11497,Vasilevskiy_L_different_L076_RZ_20240206_AV-1.raw,4.29E5,1,1,"Carbamidomethylation;Oxidation (M);Carbamidomethylation","C5:Oxidation (M):119.54",A0A088D9R6|A0A088D9R6_MESEU,DB Search
TMSLC(+57.02)NMSDC(+57.02)QER,96.49,1630.6208,13,-0.4,816.31738,2,32.4544,18737,Vasilevskiy_L_different_L076_RZ_20240206_AV-1.raw,1.68E7,1,1,"Carbamidomethylation;Carbamidomethylation",,A0A088D9R6|A0A088D9R6_MESEU,DB Search
TNDDDNEVYDIAILK,112.12,1736.8104,15,0.6,579.94446,3,59.4780,40650,Vasilevskiy_L_different_L076_RZ_20240206_AV-1.raw,8.32E5,2,2,"",,E4VP53|E4VP53_MESEU,DB Search
TNKC(+57.02)N(+0.98)GKL,85.61,934.4542,8,1.4,468.23502,2,15.7150,5726,Vasilevskiy_L_different_L076_RZ_20240206_AV-1.raw,2.9E5,1,1,"Carbamidomethylation;Deamidation (NQ)","C4:Deamidation (NQ):62.26",P0C5H3|SCB1_LEIHE:A0A0K0LBV3|A0A0K0LBV3_9SCOR:Q9UAC9|SCAS_MESMA:A0A146CIX0|A0A146CIX0_MESEU,DB Search
TPAIGIDLGTTYSC(+57.02)VGVFQHGK,104.11,2320.1521,22,1.4,774.39240,3,60.8192,41657,Vasilevskiy_L_different_L076_RZ_20240206_AV-1.raw,3.43E5,1,1,"Carbamidomethylation",,A0A1W7RAC4|A0A1W7RAC4_9SCOR:A0A2I9LP41|A0A2I9LP41_9SCOR,DB Search
TPFPVK,24.48,687.3956,6,0.6,344.70526,2,26.1614,14117,Vasilevskiy_L_different_L076_RZ_20240206_AV-1.raw,1.92E8,1,1,"",,A0A146CJ70|A0A146CJ70_MESEU,DB Search
TQ(+0.98)FGC(+57.02)PAYQ(+0.98)GYC(+57.02)DDHC(+57.02)QDIEK,112.71,2592.9832,21,5.3,865.33960,3,36.8252,22431,Vasilevskiy_L_different_L076_RZ_20240206_AV-1.raw,,0,0,"Deamidation (NQ);Carbamidomethylation;Deamidation (NQ);Carbamidomethylation;Carbamidomethylation","Q2:Deamidation (NQ):100.06;C5:Deamidation (NQ):38.35",A9XE60|KBX11_MESEU:E4VP14|E4VP14_MESEU:E4VP56|E4VP56_MESEU,DB Search
TQ(+0.98)FGC(+57.02)PAYQGYC(+57.02)DDHC(+57.02)QDIEK,111.83,2591.9993,21,-1.2,865.00592,3,38.7223,23793,Vasilevskiy_L_different_L076_RZ_20240206_AV-1.raw,1.62E5,1,1,"Deamidation (NQ);Carbamidomethylation;Carbamidomethylation;Carbamidomethylation","Q2:Deamidation (NQ):9.49",A9XE60|KBX11_MESEU:E4VP14|E4VP14_MESEU:E4VP56|E4VP56_MESEU,DB Search
TQ(+0.98)FGC(+57.02)PAYQGYC(+57.02)DDHC(+57.02)QDIEKK,105.49,2720.0942,22,0.2,681.03094,4,33.2454,19551,Vasilevskiy_L_different_L076_RZ_20240206_AV-1.raw,1.47E7,1,1,"Deamidation (NQ);Carbamidomethylation;Carbamidomethylation;Carbamidomethylation","Q2:Deamidation (NQ):77.80",A9XE60|KBX11_MESEU:E4VP14|E4VP14_MESEU:E4VP56|E4VP56_MESEU,DB Search
TQFGC(+57.02)PA,96.06,779.3272,7,0.7,390.67117,2,25.6658,13608,Vasilevskiy_L_different_L076_RZ_20240206_AV-1.raw,4.32E5,1,1,"Carbamidomethylation",,Q0GY46|KBX1_TITTR:A0AA49QDN0|A0AA49QDN0_9SCOR:P69939|KBX1_ANDAU:Q0GY44|KBX1_TITDI:A9XE60|KBX11_MESEU:A0A0K0LC02|A0A0K0LC02_9SCOR:P69940|KBX1_TITSE:E4VP14|E4VP14_MESEU:E4VP56|E4VP56_MESEU:A0A088D9S1|A0A088D9S1_MESEU:A0A088DB53|A0A088DB53_MESEU:Q5G8A6|KBX1_TITCO:A0A5P8U361|A0A5P8U361_MESEU:P0C2F3|KBX1_TITST:B8XH40|KBX1_BUTOS:Q9N661|KBX1_MESMA:A0A143MI92|A0A143MI92_MESEU:A0A1E1WVU0|A0A1E1WVU0_TITOB:A0A0U4H7F5|A0A0U4H7F5_ODODO:A0A0C9RFQ9|A0A0C9RFQ9_TITBA:A0A059UI30|KBX1_MESGB,DB Search
TQFGC(+57.02)PAY,105.46,942.3906,8,0.6,472.20285,2,37.1014,22649,Vasilevskiy_L_different_L076_RZ_20240206_AV-1.raw,5.83E5,1,1,"Carbamidomethylation",,Q0GY46|KBX1_TITTR:A0AA49QDN0|A0AA49QDN0_9SCOR:P69939|KBX1_ANDAU:Q0GY44|KBX1_TITDI:A9XE60|KBX11_MESEU:A0A0K0LC02|A0A0K0LC02_9SCOR:P69940|KBX1_TITSE:E4VP14|E4VP14_MESEU:E4VP56|E4VP56_MESEU:A0A088D9S1|A0A088D9S1_MESEU:A0A088DB53|A0A088DB53_MESEU:Q5G8A6|KBX1_TITCO:A0A5P8U361|A0A5P8U361_MESEU:P0C2F3|KBX1_TITST:B8XH40|KBX1_BUTOS:Q9N661|KBX1_MESMA:A0A143MI92|A0A143MI92_MESEU:A0A1E1WVU0|A0A1E1WVU0_TITOB:A0A0U4H7F5|A0A0U4H7F5_ODODO:A0A0C9RFQ9|A0A0C9RFQ9_TITBA:A0A059UI30|KBX1_MESGB,DB Search
TQFGC(+57.02)PAYEGYC(+57.02)N(+0.98)DHC(+57.02)NDIERK,89.20,2734.0847,22,5.8,912.37415,3,28.3250,15629,Vasilevskiy_L_different_L076_RZ_20240206_AV-1.raw,,0,0,"Carbamidomethylation;Carbamidomethylation;Deamidation (NQ);Carbamidomethylation","C5:Deamidation (NQ):0.00",A0AA49QDN0|A0AA49QDN0_9SCOR:P0C2F3|KBX1_TITST:P69940|KBX1_TITSE,DB Search
TQFGC(+57.02)PAYEGYC(+57.02)NNHC(+57.02)QDIE,118.22,2461.9363,20,-7.8,821.64624,3,42.5368,26887,Vasilevskiy_L_different_L076_RZ_20240206_AV-1.raw,,0,0,"Carbamidomethylation;Carbamidomethylation;Carbamidomethylation",,Q5G8A6|KBX1_TITCO:A0A0C9RFQ9|A0A0C9RFQ9_TITBA,DB Search
TQFGC(+57.02)PAYQ,93.18,1070.4491,9,3.3,536.23358,2,32.5101,18964,Vasilevskiy_L_different_L076_RZ_20240206_AV-1.raw,3.7E5,1,1,"Carbamidomethylation",,P69939|KBX1_ANDAU:A9XE60|KBX11_MESEU:A0A0K0LC02|A0A0K0LC02_9SCOR:E4VP14|E4VP14_MESEU:E4VP56|E4VP56_MESEU:A0A088D9S1|A0A088D9S1_MESEU:A0A088DB53|A0A088DB53_MESEU:A0A5P8U361|A0A5P8U361_MESEU:B8XH40|KBX1_BUTOS:Q9N661|KBX1_MESMA:A0A143MI92|A0A143MI92_MESEU:A0A0U4H7F5|A0A0U4H7F5_ODODO:A0A059UI30|KBX1_MESGB,DB Search
TQFGC(+57.02)PAYQ(+0.98)GYC(+57.02)DDHC(+57.02)Q(+0.98)DIEK,109.11,2592.9832,21,7.3,865.34131,3,37.6896,23097,Vasilevskiy_L_different_L076_RZ_20240206_AV-1.raw,1.78E5,1,1,"Carbamidomethylation;Deamidation (NQ);Carbamidomethylation;Carbamidomethylation;Deamidation (NQ)","C5:Deamidation (NQ):19.74;Q9:Deamidation (NQ):23.84",A9XE60|KBX11_MESEU:E4VP14|E4VP14_MESEU:E4VP56|E4VP56_MESEU,DB Search
TQFGC(+57.02)PAYQ(+0.98)GYC(+57.02)DDHC(+57.02)QDIEK,110.70,2591.9993,21,-1.2,865.00592,3,38.7223,23834,Vasilevskiy_L_different_L076_RZ_20240206_AV-1.raw,3.23E5,1,1,"Carbamidomethylation;Deamidation (NQ);Carbamidomethylation;Carbamidomethylation","C5:Deamidation (NQ):26.14",A9XE60|KBX11_MESEU:E4VP14|E4VP14_MESEU:E4VP56|E4VP56_MESEU,DB Search
TQFGC(+57.02)PAYQ(+0.98)GYC(+57.02)DDHC(+57.02)QDIEKK,94.43,2720.0942,22,-0.1,907.70520,3,31.4363,18439,Vasilevskiy_L_different_L076_RZ_20240206_AV-1.raw,3E7,3,3,"Carbamidomethylation;Deamidation (NQ);Carbamidomethylation;Carbamidomethylation","C5:Deamidation (NQ):13.99",A9XE60|KBX11_MESEU:E4VP14|E4VP14_MESEU:E4VP56|E4VP56_MESEU,DB Search
TQFGC(+57.02)PAYQG,107.83,1127.4706,10,2.0,564.74371,2,32.8087,19080,Vasilevskiy_L_different_L076_RZ_20240206_AV-1.raw,1.78E5,1,1,"Carbamidomethylation",,P69939|KBX1_ANDAU:A9XE60|KBX11_MESEU:A0A0K0LC02|A0A0K0LC02_9SCOR:E4VP14|E4VP14_MESEU:E4VP56|E4VP56_MESEU:A0A088D9S1|A0A088D9S1_MESEU:A0A088DB53|A0A088DB53_MESEU:A0A5P8U361|A0A5P8U361_MESEU:B8XH40|KBX1_BUTOS:Q9N661|KBX1_MESMA:A0A143MI92|A0A143MI92_MESEU:A0A0U4H7F5|A0A0U4H7F5_ODODO:A0A059UI30|KBX1_MESGB,DB Search
TQFGC(+57.02)PAYQGY,110.20,1290.5339,11,0.1,646.27429,2,44.8807,28642,Vasilevskiy_L_different_L076_RZ_20240206_AV-1.raw,2.91E6,1,1,"Carbamidomethylation",,P69939|KBX1_ANDAU:A9XE60|KBX11_MESEU:A0A0K0LC02|A0A0K0LC02_9SCOR:E4VP14|E4VP14_MESEU:E4VP56|E4VP56_MESEU:A0A088D9S1|A0A088D9S1_MESEU:A0A088DB53|A0A088DB53_MESEU:A0A5P8U361|A0A5P8U361_MESEU:B8XH40|KBX1_BUTOS:Q9N661|KBX1_MESMA:A0A143MI92|A0A143MI92_MESEU:A0A0U4H7F5|A0A0U4H7F5_ODODO:A0A059UI30|KBX1_MESGB,DB Search
TQFGC(+57.02)PAYQGYC(+57.02)DDHC(+57.02)Q(+0.98)DIEK,111.26,2591.9993,21,-0.4,865.00665,3,37.7198,23116,Vasilevskiy_L_different_L076_RZ_20240206_AV-1.raw,,0,0,"Carbamidomethylation;Carbamidomethylation;Carbamidomethylation;Deamidation (NQ)","C5:Deamidation (NQ):8.41",A9XE60|KBX11_MESEU:E4VP14|E4VP14_MESEU:E4VP56|E4VP56_MESEU,DB Search
TQFGC(+57.02)PAYQGYC(+57.02)DDHC(+57.02)Q(+0.98)DIEKK,105.38,2720.0942,22,-1.1,1361.05286,2,31.3812,17981,Vasilevskiy_L_different_L076_RZ_20240206_AV-1.raw,1.8E7,3,3,"Carbamidomethylation;Carbamidomethylation;Carbamidomethylation;Deamidation (NQ)","C5:Deamidation (NQ):58.11",A9XE60|KBX11_MESEU:E4VP14|E4VP14_MESEU:E4VP56|E4VP56_MESEU,DB Search
TQFGC(+57.02)PAYQGYC(+57.02)DDHC(+57.02)Q(+0.98)DIKKE,103.67,2720.0942,22,-0.1,907.70520,3,31.4363,17991,Vasilevskiy_L_different_L076_RZ_20240206_AV-1.raw,9.18E7,2,2,"Carbamidomethylation;Carbamidomethylation;Carbamidomethylation;Deamidation (NQ)","C5:Deamidation (NQ):53.45",A0A5P8U361|A0A5P8U361_MESEU:P69939|KBX1_ANDAU:B8XH40|KBX1_BUTOS:Q9N661|KBX1_MESMA:A0A0K0LC02|A0A0K0LC02_9SCOR:A0A0U4H7F5|A0A0U4H7F5_ODODO,DB Search
TQFGC(+57.02)PAYQGYC(+57.02)DDHC(+57.02)QDIEK,105.36,2591.0151,21,-0.7,864.67834,3,34.0755,20193,Vasilevskiy_L_different_L076_RZ_20240206_AV-1.raw,7.46E8,3,3,"Carbamidomethylation;Carbamidomethylation;Carbamidomethylation",,A9XE60|KBX11_MESEU:E4VP14|E4VP14_MESEU:E4VP56|E4VP56_MESEU,DB Search
TQFGC(+57.02)PAYQGYC(+57.02)DDHC(+57.02)QDIEKK,105.41,2719.1101,22,2.7,680.78662,4,29.8011,17579,Vasilevskiy_L_different_L076_RZ_20240206_AV-1.raw,2.49E10,5,5,"Carbamidomethylation;Carbamidomethylation;Carbamidomethylation",,A9XE60|KBX11_MESEU:E4VP14|E4VP14_MESEU:E4VP56|E4VP56_MESEU,DB Search
TQFGC(+57.02)PAYQGYC(+57.02)DDHC(+57.02)QDIK,112.01,2461.9727,20,-1.3,821.66376,3,34.3156,20427,Vasilevskiy_L_different_L076_RZ_20240206_AV-1.raw,1.81E5,1,1,"Carbamidomethylation;Carbamidomethylation;Carbamidomethylation",,A0A5P8U361|A0A5P8U361_MESEU:P69939|KBX1_ANDAU:B8XH40|KBX1_BUTOS:Q9N661|KBX1_MESMA:A0A0K0LC02|A0A0K0LC02_9SCOR:A0A143MI92|A0A143MI92_MESEU:A0A0U4H7F5|A0A0U4H7F5_ODODO:A0A059UI30|KBX1_MESGB,DB Search
TQFGC(+57.02)PAYQGYC(+57.02)DDHC(+57.02)QDIKKE,112.70,2719.1101,22,2.7,680.78662,4,29.8011,16763,Vasilevskiy_L_different_L076_RZ_20240206_AV-1.raw,2.5E9,1,1,"Carbamidomethylation;Carbamidomethylation;Carbamidomethylation",,A0A5P8U361|A0A5P8U361_MESEU:P69939|KBX1_ANDAU:B8XH40|KBX1_BUTOS:Q9N661|KBX1_MESMA:A0A0K0LC02|A0A0K0LC02_9SCOR:A0A0U4H7F5|A0A0U4H7F5_ODODO,DB Search
TQFGC(+57.02)PAYQGYC(+57.02)DDHC(+57.02)QDIKKQ,91.75,2718.1260,22,-6.2,907.04370,3,33.0403,19343,Vasilevskiy_L_different_L076_RZ_20240206_AV-1.raw,,0,0,"Carbamidomethylation;Carbamidomethylation;Carbamidomethylation",,A0A143MI92|A0A143MI92_MESEU:A0A059UI30|KBX1_MESGB,DB Search
TQFGC(+57.02)PAYQGYC(+57.02)DDHC(+57.02)QDIKKQ(+0.98),112.66,2719.1101,22,2.7,680.78662,4,29.8011,17242,Vasilevskiy_L_different_L076_RZ_20240206_AV-1.raw,5.01E9,1,1,"Carbamidomethylation;Carbamidomethylation;Carbamidomethylation;Deamidation (NQ)","C5:Deamidation (NQ):17.25",A0A143MI92|A0A143MI92_MESEU:A0A059UI30|KBX1_MESGB,DB Search
TQTN(+0.98)DDTIC(+57.02)WVQK,105.01,1608.7090,13,0.6,805.36224,2,40.5069,25332,Vasilevskiy_L_different_L076_RZ_20240206_AV-1.raw,1.4E5,1,1,"Deamidation (NQ);Carbamidomethylation","N4:Deamidation (NQ):67.96",A0A146CIZ6|A0A146CIZ6_MESEU,DB Search
TQTNDDTIC(+57.02)WVQK,105.02,1607.7250,13,-5.9,804.86505,2,40.7362,25512,Vasilevskiy_L_different_L076_RZ_20240206_AV-1.raw,9.46E7,1,1,"Carbamidomethylation",,A0A146CIZ6|A0A146CIZ6_MESEU,DB Search
TRPDM(+15.99)AQQC(+57.02)R,104.38,1277.5605,10,0.6,639.78790,2,14.7698,4937,Vasilevskiy_L_different_L076_RZ_20240206_AV-1.raw,2.27E5,1,1,"Oxidation (M);Carbamidomethylation","M5:Oxidation (M):1000.00",E4VP45|E4VP45_MESEU:P15220|CTXI1_MESEU:A0A143MGK4|A0A143MGK4_MESEU:E4VP46|E4VP46_MESEU:R4H559|R4H559_MESEU:A0A146CIP8|A0A146CIP8_MESEU:R4H5A4|R4H5A4_MESEU:P86402|CTXL1_MESEU:A0A146CIP9|A0A146CIP9_MESEU,DB Search
TRPDMAQQC(+57.02)R,104.75,1261.5656,10,0.0,631.79004,2,16.5979,6437,Vasilevskiy_L_different_L076_RZ_20240206_AV-1.raw,6.15E6,3,3,"Carbamidomethylation",,E4VP45|E4VP45_MESEU:P15220|CTXI1_MESEU:A0A143MGK4|A0A143MGK4_MESEU:E4VP46|E4VP46_MESEU:R4H559|R4H559_MESEU:A0A146CIP8|A0A146CIP8_MESEU:R4H5A4|R4H5A4_MESEU:P86402|CTXL1_MESEU:A0A146CIP9|A0A146CIP9_MESEU,DB Search
TRPN(+0.98)M(+15.99)AQQC(+57.02)R,102.82,1277.5605,10,0.2,426.86084,3,14.7675,4941,Vasilevskiy_L_different_L076_RZ_20240206_AV-1.raw,1.86E5,1,1,"Deamidation (NQ);Oxidation (M);Carbamidomethylation","N4:Deamidation (NQ):68.47",A0A023UH07|A0A023UH07_MESGB:A0A023UGK1|A0A023UGK1_MESGB,DB Search
TRPN(+0.98)MAQQC(+57.02)R,100.44,1261.5656,10,0.1,631.79010,2,20.4625,9633,Vasilevskiy_L_different_L076_RZ_20240206_AV-1.raw,7.43E7,1,1,"Deamidation (NQ);Carbamidomethylation","N4:Deamidation (NQ):73.31",A0A023UH07|A0A023UH07_MESGB:A0A023UGK1|A0A023UGK1_MESGB,DB Search
TSLYWWDGC(+57.02)QVQ(+0.98)IK,101.35,1783.8240,14,-0.2,892.91907,2,65.0763,45280,Vasilevskiy_L_different_L076_RZ_20240206_AV-1.raw,3.4E5,1,1,"Carbamidomethylation;Deamidation (NQ)","C9:Deamidation (NQ):22.85",A0A0U1TZ48|A0A0U1TZ48_ISOMC,DB Search
TSM(+15.99)SEYAC(+57.02)PVIEK,94.32,1529.6742,13,-0.6,765.84387,2,29.2789,16288,Vasilevskiy_L_different_L076_RZ_20240206_AV-1.raw,,0,0,"Oxidation (M);Carbamidomethylation","M3:Oxidation (M):1000.00",A0A088DB26|A0A088DB26_MESEU:A0A0K0LC08|A0A0K0LC08_9SCOR:E4VP34|E4VP34_MESEU:P0CH57|NDB51_MESEU:A0A0K0LCJ0|A0A0K0LCJ0_9SCOR:Q9NJC6|KBX2_MESMA:A0A0K0LC09|A0A0K0LC09_9SCOR:A0A0K0LC11|A0A0K0LC11_9SCOR:A0A0U4GZ05|A0A0U4GZ05_ODODO:A0A088D9U2|A0A088D9U2_MESEU:B8XH36|B8XH36_BUTOS:A0A143MGJ8|A0A143MGJ8_MESEU:A0A0K0LC05|A0A0K0LC05_9SCOR:A0A088DAE8|A0A088DAE8_MESEU,DB Search
TSMSEYAC(+57.02)PVIEK,96.50,1513.6792,13,0.0,757.84692,2,38.8971,23766,Vasilevskiy_L_different_L076_RZ_20240206_AV-1.raw,7.45E6,1,1,"Carbamidomethylation",,A0A088DB26|A0A088DB26_MESEU:A0A0K0LC08|A0A0K0LC08_9SCOR:E4VP34|E4VP34_MESEU:P0CH57|NDB51_MESEU:A0A0K0LCJ0|A0A0K0LCJ0_9SCOR:Q9NJC6|KBX2_MESMA:A0A0K0LC09|A0A0K0LC09_9SCOR:A0A0K0LC11|A0A0K0LC11_9SCOR:A0A0U4GZ05|A0A0U4GZ05_ODODO:A0A088D9U2|A0A088D9U2_MESEU:B8XH36|B8XH36_BUTOS:A0A143MGJ8|A0A143MGJ8_MESEU:A0A0K0LC05|A0A0K0LC05_9SCOR:A0A088DAE8|A0A088DAE8_MESEU,DB Search
TSWLDGK,98.52,805.3970,7,-0.1,403.70575,2,32.4112,18658,Vasilevskiy_L_different_L076_RZ_20240206_AV-1.raw,5.69E5,1,1,"",,A0A0U1TYG6|A0A0U1TYG6_ISOMC:A0A2I9LPF3|A0A2I9LPF3_9SCOR,DB Search
TTDHN(+0.98)M(+15.99)AK,82.19,933.3862,8,-6.3,467.69742,2,15.4470,5480,Vasilevskiy_L_different_L076_RZ_20240206_AV-1.raw,,0,0,"Deamidation (NQ);Oxidation (M)","N5:Deamidation (NQ):1000.00;M6:Oxidation (M):1000.00",A0A0D4CZV2|A0A0D4CZV2_MESEU:F1DI80|CTXL2_MESEU:P60269|CTXI4_MESEU:A0A5P8U2Q5|A0A5P8U2Q5_MESEU:P86401|CTXL_MESEU,DB Search
TTDHNM(+15.99)AK,92.50,932.4022,8,0.6,467.20865,2,15.4330,5480,Vasilevskiy_L_different_L076_RZ_20240206_AV-1.raw,1.93E5,1,1,"Oxidation (M)","M6:Oxidation (M):1000.00",A0A0D4CZV2|A0A0D4CZV2_MESEU:F1DI80|CTXL2_MESEU:P60269|CTXI4_MESEU:A0A5P8U2Q5|A0A5P8U2Q5_MESEU:P86401|CTXL_MESEU,DB Search
TTDHNMAK,90.11,916.4073,8,0.6,459.21118,2,17.4475,7083,Vasilevskiy_L_different_L076_RZ_20240206_AV-1.raw,7.86E6,1,1,"",,A0A0D4CZV2|A0A0D4CZV2_MESEU:F1DI80|CTXL2_MESEU:P60269|CTXI4_MESEU:A0A5P8U2Q5|A0A5P8U2Q5_MESEU:P86401|CTXL_MESEU,DB Search
TTGIVLDSGDGVSHTVPIYEGYALPHAILR,109.67,3150.6350,30,1.5,788.66718,4,63.1868,43655,Vasilevskiy_L_different_L076_RZ_20240206_AV-1.raw,2.14E5,1,1,"",,A0A1W7RB59|A0A1W7RB59_9SCOR:A0A1W7RB46|A0A1W7RB46_9SCOR:A0A2I9LNI8|A0A2I9LNI8_9SCOR:A0A2I9LNM3|A0A2I9LNM3_9SCOR,DB Search
TTPSYVAFTDTER,96.39,1486.6940,13,0.6,744.35468,2,42.0327,26483,Vasilevskiy_L_different_L076_RZ_20240206_AV-1.raw,1.96E5,1,1,"",,A0A1W7RAC4|A0A1W7RAC4_9SCOR:A0A2I9LP41|A0A2I9LP41_9SCOR,DB Search
TTRPDMAQQC(+57.02)R,104.56,1362.6133,11,0.6,455.21198,3,16.6832,6454,Vasilevskiy_L_different_L076_RZ_20240206_AV-1.raw,5.32E7,1,1,"Carbamidomethylation",,E4VP45|E4VP45_MESEU:P15220|CTXI1_MESEU:A0A143MGK4|A0A143MGK4_MESEU:E4VP46|E4VP46_MESEU:R4H559|R4H559_MESEU:A0A146CIP8|A0A146CIP8_MESEU:R4H5A4|R4H5A4_MESEU:P86402|CTXL1_MESEU:A0A146CIP9|A0A146CIP9_MESEU,DB Search
TTRPNM(+15.99)AQQC(+57.02)R,27.14,1377.6241,11,-4.7,460.21317,3,15.0334,5198,Vasilevskiy_L_different_L076_RZ_20240206_AV-1.raw,8.93E5,1,1,"Oxidation (M);Carbamidomethylation","M6:Oxidation (M):1000.00",A0A023UH07|A0A023UH07_MESGB:A0A023UGK1|A0A023UGK1_MESGB,DB Search
TVIQNVNR,93.08,942.5247,8,0.3,472.26974,2,19.9651,9246,Vasilevskiy_L_different_L076_RZ_20240206_AV-1.raw,4.38E5,1,1,"",,P86100|HYAL1_MESMA,DB Search
TVLGENEYC(+57.02)R,94.12,1239.5554,10,0.7,620.78540,2,25.9365,13843,Vasilevskiy_L_different_L076_RZ_20240206_AV-1.raw,1.38E6,1,1,"Carbamidomethylation",,A0A146CJ25|A0A146CJ25_MESEU,DB Search
TVLQ(+0.98)TVVH,78.22,896.4967,8,-3.2,449.25418,2,33.4827,19711,Vasilevskiy_L_different_L076_RZ_20240206_AV-1.raw,,0,0,"Deamidation (NQ)","Q4:Deamidation (NQ):1000.00",A9XE59|KBX12_MESEU:A0A0K0LCI9|A0A0K0LCI9_9SCOR:A9XE60|KBX11_MESEU:A0A0K0LC06|A0A0K0LC06_9SCOR:A0A0K0LBZ4|A0A0K0LBZ4_9SCOR:A0A0K0LC02|A0A0K0LC02_9SCOR:E4VP14|E4VP14_MESEU:E4VP56|E4VP56_MESEU,DB Search
TVLQ(+0.98)TVVHK,95.30,1024.5917,9,-0.5,513.30286,2,26.0007,13893,Vasilevskiy_L_different_L076_RZ_20240206_AV-1.raw,3.45E5,2,2,"Deamidation (NQ)","Q4:Deamidation (NQ):1000.00",A9XE59|KBX12_MESEU:A0A0K0LCI9|A0A0K0LCI9_9SCOR:A9XE60|KBX11_MESEU:A0A0K0LC06|A0A0K0LC06_9SCOR:A0A0K0LBZ4|A0A0K0LBZ4_9SCOR:A0A0K0LC02|A0A0K0LC02_9SCOR:E4VP14|E4VP14_MESEU:E4VP56|E4VP56_MESEU,DB Search
TVLQTVVH,104.61,895.5127,8,1.1,448.76410,2,31.6925,18084,Vasilevskiy_L_different_L076_RZ_20240206_AV-1.raw,1.74E8,1,1,"",,A9XE59|KBX12_MESEU:A0A0K0LCI9|A0A0K0LCI9_9SCOR:A9XE60|KBX11_MESEU:A0A0K0LC06|A0A0K0LC06_9SCOR:A0A0K0LBZ4|A0A0K0LBZ4_9SCOR:A0A0K0LC02|A0A0K0LC02_9SCOR:E4VP14|E4VP14_MESEU:E4VP56|E4VP56_MESEU,DB Search
TVLQTVVHK,104.74,1023.6077,9,0.4,342.20996,3,24.0028,12115,Vasilevskiy_L_different_L076_RZ_20240206_AV-1.raw,3.26E8,2,2,"",,A9XE59|KBX12_MESEU:A0A0K0LCI9|A0A0K0LCI9_9SCOR:A9XE60|KBX11_MESEU:A0A0K0LC06|A0A0K0LC06_9SCOR:A0A0K0LBZ4|A0A0K0LBZ4_9SCOR:A0A0K0LC02|A0A0K0LC02_9SCOR:E4VP14|E4VP14_MESEU:E4VP56|E4VP56_MESEU,DB Search
TVPSMDFK,32.41,923.4423,8,0.1,462.72845,2,34.7009,20708,Vasilevskiy_L_different_L076_RZ_20240206_AV-1.raw,,0,0,"",,P86100|HYAL1_MESMA,DB Search
TVTNAVVTVPAYFNDSQR,99.95,1980.9905,18,2.0,661.33875,3,55.3396,37199,Vasilevskiy_L_different_L076_RZ_20240206_AV-1.raw,1.3E5,1,1,"",,A0A1W7RAC4|A0A1W7RAC4_9SCOR:A0A2I9LP41|A0A2I9LP41_9SCOR,DB Search
TVYEEVKK,54.95,994.5335,8,-1.0,332.51810,3,21.1515,10124,Vasilevskiy_L_different_L076_RZ_20240206_AV-1.raw,,0,0,"",,A0A2I9LNV5|A0A2I9LNV5_9SCOR,DB Search
TYGN(+0.98)GC(+57.02)WC(+57.02)IALPDN(+0.98)VPIRIPGK,110.67,2502.2036,22,4.1,835.07855,3,64.9410,45140,Vasilevskiy_L_different_L076_RZ_20240206_AV-1.raw,7.22E6,2,2,"Deamidation (NQ);Carbamidomethylation;Carbamidomethylation;Deamidation (NQ)","N4:Deamidation (NQ):1000.00;C6:Deamidation (NQ):1000.00",D8UWD5|SCXN8_MESEU:E7CZZ0|SCXNB_MESEU:E7D082|SCX5B_MESEU:P86405|SCXN5_MESEU,DB Search
TYGN(+0.98)GC(+57.02)WC(+57.02)IVLPDNVPIR,108.18,2133.9976,18,-9.1,712.33331,3,66.0135,46078,Vasilevskiy_L_different_L076_RZ_20240206_AV-1.raw,1.01E5,1,1,"Deamidation (NQ);Carbamidomethylation;Carbamidomethylation","N4:Deamidation (NQ):32.22",P86404|SCXN4_MESEU,DB Search
TYNGYNGNWVNDIAILK,104.89,1953.9585,17,1.1,977.98761,2,66.8490,46718,Vasilevskiy_L_different_L076_RZ_20240206_AV-1.raw,3.64E4,1,1,"",,E4VP22|E4VP22_MESEU:E4VP49|E4VP49_MESEU,DB Search
VAAGIVC(+57.02)K,85.48,816.4528,8,0.1,409.23367,2,20.2773,9453,Vasilevskiy_L_different_L076_RZ_20240206_AV-1.raw,1.02E7,1,1,"Carbamidomethylation",,Q95P89|SCS1_MESMA,DB Search
VAIEEWEN(+0.98)SAK,93.08,1275.5983,11,0.7,638.80682,2,40.8280,25561,Vasilevskiy_L_different_L076_RZ_20240206_AV-1.raw,4.27E6,2,2,"Deamidation (NQ)","N8:Deamidation (NQ):1000.00",P86100|HYAL1_MESMA,DB Search
VAIEEWENSAK,92.97,1274.6143,11,2.3,638.31586,2,38.8634,24121,Vasilevskiy_L_different_L076_RZ_20240206_AV-1.raw,3.61E8,1,1,"",,P86100|HYAL1_MESMA,DB Search
VAIEEWENSAKEWMLK,96.48,1961.9557,16,0.9,981.98602,2,66.0470,46000,Vasilevskiy_L_different_L076_RZ_20240206_AV-1.raw,3.29E6,2,2,"",,P86100|HYAL1_MESMA,DB Search
VAIQ(+0.98)EWENSAK,94.59,1274.6143,11,2.3,638.31586,2,38.8634,23335,Vasilevskiy_L_different_L076_RZ_20240206_AV-1.raw,1.2E8,1,1,"Deamidation (NQ)","Q4:Deamidation (NQ):67.69",A0A7T9L322|A0A7T9L322_ANDCR,DB Search
VALPDNVPIK,91.09,1064.6229,10,-0.1,533.31873,2,46.2785,29892,Vasilevskiy_L_different_L076_RZ_20240206_AV-1.raw,7.09E5,1,1,"",,D5HR54|D5HR54_ANDMA:Q86SD9|SCX3_ANDAM:P01480|SCX3_ANDAU,DB Search
VAMGFSSGK,103.82,882.4269,9,0.8,442.22107,2,25.2248,13182,Vasilevskiy_L_different_L076_RZ_20240206_AV-1.raw,1.09E6,1,1,"",,P83407|KA191_MESMA:A0A088DAE2|A0A088DAE2_MESEU,DB Search
VAPEEHPVLLTEAPLNPK,100.27,1953.0571,18,0.4,652.02655,3,46.2451,29778,Vasilevskiy_L_different_L076_RZ_20240206_AV-1.raw,5E6,1,1,"",,A0A1W7RB59|A0A1W7RB59_9SCOR:E6Y2S5|E6Y2S5_MESMA:A0A1W7RB46|A0A1W7RB46_9SCOR:A0A2I9LNI8|A0A2I9LNI8_9SCOR:F1CJ72|F1CJ72_HOTJU:A0A2I9LNM3|A0A2I9LNM3_9SCOR,DB Search
VDAHC(+57.02)NN(+0.98)LC(+57.02)TENGAK,98.98,1702.7039,15,8.9,852.36682,2,40.8460,25600,Vasilevskiy_L_different_L076_RZ_20240206_AV-1.raw,,0,0,"Carbamidomethylation;Deamidation (NQ);Carbamidomethylation","C5:Deamidation (NQ):17.01",E7CZZ2|E7CZZ2_MESEU:E7D079|E7D079_MESEU,DB Search
VDC(+57.02)DKETSVAVR,104.93,1377.6558,12,-0.4,689.83490,2,18.5095,8035,Vasilevskiy_L_different_L076_RZ_20240206_AV-1.raw,6.4E5,2,2,"Carbamidomethylation",,A0A2I9LNZ2|A0A2I9LNZ2_9SCOR,DB Search
VDC(+57.02)N(+0.98)VAQC(+57.02)DKDC(+57.02)K,105.01,1611.6327,13,0.6,538.21851,3,17.9271,7521,Vasilevskiy_L_different_L076_RZ_20240206_AV-1.raw,7.9E5,2,2,"Carbamidomethylation;Deamidation (NQ);Carbamidomethylation;Carbamidomethylation","C3:Deamidation (NQ):56.34",A0A088DB18|A0A088DB18_MESEU,DB Search
VDC(+57.02)NVAQ(+0.98)C(+57.02)DKDC(+57.02)K,104.99,1611.6327,13,0.7,538.21857,3,17.3581,6959,Vasilevskiy_L_different_L076_RZ_20240206_AV-1.raw,3.06E6,2,2,"Carbamidomethylation;Deamidation (NQ);Carbamidomethylation;Carbamidomethylation","C3:Deamidation (NQ):68.31",A0A088DB18|A0A088DB18_MESEU,DB Search
VDC(+57.02)NVAQC(+57.02)DK,93.45,1207.4961,10,0.5,604.75568,2,17.5341,7157,Vasilevskiy_L_different_L076_RZ_20240206_AV-1.raw,3.42E6,1,1,"Carbamidomethylation;Carbamidomethylation",,A0A088DB18|A0A088DB18_MESEU,DB Search
VDC(+57.02)NVAQC(+57.02)DKDC(+57.02)K,95.71,1610.6487,13,0.2,806.33179,2,16.8233,6470,Vasilevskiy_L_different_L076_RZ_20240206_AV-1.raw,6.52E8,2,2,"Carbamidomethylation;Carbamidomethylation;Carbamidomethylation",,A0A088DB18|A0A088DB18_MESEU,DB Search
VDC(+57.02)NVAQC(+57.02)DKDC(+57.02)KAR,95.71,1837.7869,15,-5.7,613.59943,3,16.5893,6376,Vasilevskiy_L_different_L076_RZ_20240206_AV-1.raw,,0,0,"Carbamidomethylation;Carbamidomethylation;Carbamidomethylation",,A0A088DB18|A0A088DB18_MESEU,DB Search
VDFPN(+0.98)KGGK,68.28,961.4869,9,1.1,321.50327,3,19.7699,9135,Vasilevskiy_L_different_L076_RZ_20240206_AV-1.raw,2.54E5,1,1,"Deamidation (NQ)","N5:Deamidation (NQ):1000.00",A0A088DB13|A0A088DB13_MESEU:E4VP04|KAXU3_MESEU:A0A0S2CX25|A0A0S2CX25_MESEU:A0A088DAE0|A0A088DAE0_MESEU,DB Search
VDFPNK,32.87,718.3650,6,1.1,360.19016,2,22.8392,11484,Vasilevskiy_L_different_L076_RZ_20240206_AV-1.raw,4.13E8,1,1,"",,A0A088DB13|A0A088DB13_MESEU:E4VP04|KAXU3_MESEU:A0A0S2CX25|A0A0S2CX25_MESEU:A0A088DAE0|A0A088DAE0_MESEU,DB Search
VDFPNKGGK,83.62,960.5029,9,0.0,481.25870,2,18.7284,8134,Vasilevskiy_L_different_L076_RZ_20240206_AV-1.raw,2.05E7,2,2,"",,A0A088DB13|A0A088DB13_MESEU:E4VP04|KAXU3_MESEU:A0A0S2CX25|A0A0S2CX25_MESEU:A0A088DAE0|A0A088DAE0_MESEU,DB Search
VDNFIQ(+0.98)TRENLNNLR,29.09,1845.9333,15,-9.1,616.31281,3,58.5201,39748,Vasilevskiy_L_different_L076_RZ_20240206_AV-1.raw,2.06E5,1,1,"Deamidation (NQ)","Q6:Deamidation (NQ):0.00",A0A8E5FP31|A0A8E5FP31_9POLY,DB Search
VEAVSC(+57.02)EDC(+57.02)PEHC(+57.02)ATK,105.03,1890.7546,16,0.7,631.25928,3,18.8189,8244,Vasilevskiy_L_different_L076_RZ_20240206_AV-1.raw,3.35E7,2,2,"Carbamidomethylation;Carbamidomethylation;Carbamidomethylation",,E4VP43|KAX8R_MESEU:P86400|KAX86_MESEU,DB Search
VEAVSC(+57.02)EDC(+57.02)PEHC(+57.02)ATKDQR,100.19,2289.9412,19,-0.3,573.49243,4,17.9590,7584,Vasilevskiy_L_different_L076_RZ_20240206_AV-1.raw,6.82E5,1,1,"Carbamidomethylation;Carbamidomethylation;Carbamidomethylation",,E4VP43|KAX8R_MESEU:P86400|KAX86_MESEU,DB Search
VEAVSC(+57.02)EDC(+57.02)PPHC(+57.02)ATK,105.02,1858.7648,16,-0.3,620.59534,3,19.0609,8490,Vasilevskiy_L_different_L076_RZ_20240206_AV-1.raw,,0,0,"Carbamidomethylation;Carbamidomethylation;Carbamidomethylation",,C0HJQ5|KAX87_MESEU,DB Search
VEGAC(+57.02)SKPC(+57.02)R,79.06,1162.5223,10,1.4,388.51526,3,15.0008,5152,Vasilevskiy_L_different_L076_RZ_20240206_AV-1.raw,1.62E6,1,1,"Carbamidomethylation;Carbamidomethylation",,A7KJJ7|KA261_MESMA,DB Search
VETGVLKPGMVVTFAPVNLTTEVK,105.02,2528.3923,24,-0.2,843.80457,3,65.1390,45283,Vasilevskiy_L_different_L076_RZ_20240206_AV-1.raw,2.76E5,1,1,"",,A0A1W7RAM5|A0A1W7RAM5_9SCOR:Q9BNV5|Q9BNV5_CENSC:Q9BNV0|Q9BNV0_HADAR:A0A2I9LNY0|A0A2I9LNY0_9SCOR,DB Search
VFC(+57.02)VDFPNK,97.99,1124.5325,9,-0.9,563.27301,2,48.6827,31768,Vasilevskiy_L_different_L076_RZ_20240206_AV-1.raw,,0,0,"Carbamidomethylation",,A0A088DB13|A0A088DB13_MESEU:E4VP04|KAXU3_MESEU:A0A0S2CX25|A0A0S2CX25_MESEU:A0A088DAE0|A0A088DAE0_MESEU,DB Search
VFDKDGNGFISAAELR,21.30,1737.8685,16,0.8,580.29724,3,50.1160,32930,Vasilevskiy_L_different_L076_RZ_20240206_AV-1.raw,7.14E4,1,1,"",,A0A2I9LNT8|A0A2I9LNT8_9SCOR:A0A1W7RAV6|A0A1W7RAV6_9SCOR,DB Search
VFNHFC(+57.02)ENIC(+57.02)ETYGGSGYC(+57.02)YFWK,105.02,2937.1985,23,0.1,980.07355,3,63.6982,44079,Vasilevskiy_L_different_L076_RZ_20240206_AV-1.raw,,0,0,"Carbamidomethylation;Carbamidomethylation;Carbamidomethylation",,M4GX67|SCBTY_MESMA,DB Search
VFVTRPDVPK,74.87,1156.6604,10,-1.9,386.56003,3,26.9410,14500,Vasilevskiy_L_different_L076_RZ_20240206_AV-1.raw,,0,0,"",,A0A1W7RAF2|A0A1W7RAF2_9SCOR,DB Search
VGC(+57.02)EEC(+57.02)PM(+15.99)YC(+57.02)K,94.53,1447.5240,11,0.1,724.76935,2,20.1081,9280,Vasilevskiy_L_different_L076_RZ_20240206_AV-1.raw,4.62E6,1,1,"Carbamidomethylation;Carbamidomethylation;Oxidation (M);Carbamidomethylation","C3:Oxidation (M):1000.00",A0A088DAZ8|A0A088DAZ8_MESEU,DB Search
VGC(+57.02)EEC(+57.02)PMYC(+57.02)K,94.52,1431.5292,11,0.0,716.77185,2,23.9077,12084,Vasilevskiy_L_different_L076_RZ_20240206_AV-1.raw,1.29E8,1,1,"Carbamidomethylation;Carbamidomethylation;Carbamidomethylation",,A0A088DAZ8|A0A088DAZ8_MESEU,DB Search
VGC(+57.02)EEC(+57.02)PVYC(+57.02)K,93.05,1399.5570,11,0.1,700.78589,2,22.5104,11126,Vasilevskiy_L_different_L076_RZ_20240206_AV-1.raw,4.43E7,1,1,"Carbamidomethylation;Carbamidomethylation;Carbamidomethylation",,A0A088D9Q6|A0A088D9Q6_MESEU,DB Search
VGIC(+57.02)N(+0.98)GDEC(+57.02)K,94.47,1151.4587,10,0.9,576.73712,2,20.5905,9688,Vasilevskiy_L_different_L076_RZ_20240206_AV-1.raw,1.18E8,2,2,"Carbamidomethylation;Deamidation (NQ);Carbamidomethylation","C4:Deamidation (NQ):1000.00",A0A088DAY3|A0A088DAY3_MESEU,DB Search
VGIC(+57.02)N(+0.98)GDEC(+57.02)KC(+57.02),90.90,1311.4894,11,-0.2,656.75183,2,21.2594,10227,Vasilevskiy_L_different_L076_RZ_20240206_AV-1.raw,2.43E6,2,2,"Carbamidomethylation;Deamidation (NQ);Carbamidomethylation;Carbamidomethylation","C4:Deamidation (NQ):1000.00",A0A088DAY3|A0A088DAY3_MESEU,DB Search
VGIC(+57.02)NGDEC(+57.02)K,103.18,1150.4747,10,2.5,576.24603,2,19.7820,9060,Vasilevskiy_L_different_L076_RZ_20240206_AV-1.raw,1.25E8,3,3,"Carbamidomethylation;Carbamidomethylation",,A0A088DAY3|A0A088DAY3_MESEU,DB Search
VGIC(+57.02)NGDEC(+57.02)KC(+57.02),90.88,1310.5054,11,0.6,656.26031,2,19.8409,9138,Vasilevskiy_L_different_L076_RZ_20240206_AV-1.raw,4.18E6,1,1,"Carbamidomethylation;Carbamidomethylation;Carbamidomethylation",,A0A088DAY3|A0A088DAY3_MESEU,DB Search
VGINVK,26.69,628.3908,6,1.0,315.20297,2,21.3185,10157,Vasilevskiy_L_different_L076_RZ_20240206_AV-1.raw,7.15E8,2,2,"",,P86396|KAX3D_MESEU:A0A088D9R0|A0A088D9R0_MESEU:Q9NII7|KAX36_MESMA:C0HJQ6|KAX3J_MESEU,DB Search
VGSHITGGDIYGIVQENTLIK,64.67,2213.1692,21,0.9,738.73102,3,59.9964,41031,Vasilevskiy_L_different_L076_RZ_20240206_AV-1.raw,,0,0,"",,A0A1W7R931|A0A1W7R931_9SCOR:A0A2I9LPZ8|A0A2I9LPZ8_9SCOR,DB Search
VHLVGIDIFTAK,96.51,1311.7550,12,-4.6,438.25696,3,60.2621,41248,Vasilevskiy_L_different_L076_RZ_20240206_AV-1.raw,,0,0,"",,A0A2I9LPT6|A0A2I9LPT6_9SCOR:A0A1W7R9F6|A0A1W7R9F6_9SCOR,DB Search
VHNELR,79.54,766.4086,6,0.0,256.47681,3,15.6518,5650,Vasilevskiy_L_different_L076_RZ_20240206_AV-1.raw,2.49E7,2,2,"",,A0A2I9LNW3|A0A2I9LNW3_9SCOR,DB Search
VIAC(+57.02)IGELLEER,104.99,1400.7333,12,1.8,701.37518,2,64.5581,44794,Vasilevskiy_L_different_L076_RZ_20240206_AV-1.raw,,0,0,"Carbamidomethylation",,A0A8K1NDZ5|A0A8K1NDZ5_ANDCR:A0A8K1NCY9|A0A8K1NCY9_ANDCR:A0A8K1NDR3|A0A8K1NDR3_HEMLE:D0US02|D0US02_HETSP:L0GB07|L0GB07_UROYA:D0US00|D0US00_HADAR,DB Search
VIC(+57.02)TVDN(+0.98)IVSTR,20.98,1376.6969,12,-0.7,459.90594,3,44.8121,28695,Vasilevskiy_L_different_L076_RZ_20240206_AV-1.raw,,0,0,"Carbamidomethylation;Deamidation (NQ)","C3:Deamidation (NQ):1000.00",A0A2I9LNZ4|A0A2I9LNZ4_9SCOR,DB Search
VIDVESTGPR,103.63,1071.5560,10,1.0,536.78583,2,24.4517,12672,Vasilevskiy_L_different_L076_RZ_20240206_AV-1.raw,7.17E5,1,1,"",,A0A1W7RAR2|A0A1W7RAR2_9SCOR:A0A2I9LNV5|A0A2I9LNV5_9SCOR,DB Search
VIEHGC(+57.02)DYYC(+57.02)SISC(+57.02)IN(+0.98)K,67.96,2117.8857,17,8.2,706.97498,3,37.6560,23075,Vasilevskiy_L_different_L076_RZ_20240206_AV-1.raw,,0,0,"Carbamidomethylation;Carbamidomethylation;Carbamidomethylation;Deamidation (NQ)","C6:Deamidation (NQ):1000.00",A0A088D9S4|A0A088D9S4_MESEU:A0A088DB58|A0A088DB58_MESEU,DB Search
VIEHGC(+57.02)DYYC(+57.02)SISC(+57.02)INK,103.15,2116.9016,17,-0.4,1059.45764,2,37.5727,23015,Vasilevskiy_L_different_L076_RZ_20240206_AV-1.raw,7.4E6,2,2,"Carbamidomethylation;Carbamidomethylation;Carbamidomethylation",,A0A088D9S4|A0A088D9S4_MESEU:A0A088DB58|A0A088DB58_MESEU,DB Search
VIEVLKDENLR,98.04,1326.7507,11,0.2,443.25760,3,36.1545,21911,Vasilevskiy_L_different_L076_RZ_20240206_AV-1.raw,3.72E5,1,1,"",,E4VNZ8|E4VNZ8_MESEU:E4VNZ7|E4VNZ7_MESEU,DB Search
VIGVAAGK,103.09,713.4435,8,1.2,357.72946,2,22.5983,11279,Vasilevskiy_L_different_L076_RZ_20240206_AV-1.raw,1.41E9,3,3,"",,Q86SD8|KA155_ANDAU:Q867F4|KA154_ANDAU:P60233|KA151_ANDAU:A0A143MGR2|A0A143MGR2_MESEU:P60208|KA153_ANDMA,DB Search
VIILGDSGVGK,103.02,1056.6179,11,2.1,529.31732,2,38.6094,23743,Vasilevskiy_L_different_L076_RZ_20240206_AV-1.raw,,0,0,"",,A0A2I9LPI6|A0A2I9LPI6_9SCOR:A0A1W7R9V0|A0A1W7R9V0_9SCOR,DB Search
VILISFDGFR,94.19,1165.6495,10,-0.5,583.83173,2,67.7643,47513,Vasilevskiy_L_different_L076_RZ_20240206_AV-1.raw,3.29E5,1,1,"",,A0A1E1WVL0|A0A1E1WVL0_TITOB,DB Search
VINNESC(+57.02)N(+0.98)GEC(+57.02)KR,105.00,1579.6719,13,0.6,527.56488,3,15.7166,5740,Vasilevskiy_L_different_L076_RZ_20240206_AV-1.raw,1.71E6,2,2,"Carbamidomethylation;Deamidation (NQ);Carbamidomethylation","C7:Deamidation (NQ):61.69",A0A0K0LBV3|A0A0K0LBV3_9SCOR:E4VP32|E4VP32_MESEU:A0A146CIX0|A0A146CIX0_MESEU:R4H5E1|R4H5E1_MESEU,DB Search
VINNESC(+57.02)NGEC(+57.02)K,96.52,1422.5868,12,-0.8,712.30011,2,16.1500,6087,Vasilevskiy_L_different_L076_RZ_20240206_AV-1.raw,,0,0,"Carbamidomethylation;Carbamidomethylation",,A0A0K0LBV3|A0A0K0LBV3_9SCOR:E4VP32|E4VP32_MESEU:A0A146CIX0|A0A146CIX0_MESEU:R4H5E1|R4H5E1_MESEU,DB Search
VINNESC(+57.02)NSEC(+57.02)K,96.74,1452.5973,12,-0.5,727.30554,2,16.0928,6037,Vasilevskiy_L_different_L076_RZ_20240206_AV-1.raw,2.28E6,1,1,"Carbamidomethylation;Carbamidomethylation",,Q9UAC9|SCAS_MESMA:R4H564|R4H564_MESEU:P86406|SCXNF_MESEU:E4VP18|E4VP18_MESEU:Q9UAC8|SCAT_MESMA,DB Search
VIPNFMC(+57.02)QGGDFTR,103.89,1640.7439,14,0.6,821.37976,2,57.0811,38564,Vasilevskiy_L_different_L076_RZ_20240206_AV-1.raw,9.56E5,1,1,"Carbamidomethylation",,A0A2I9LPF3|A0A2I9LPF3_9SCOR:A0A1W7R9W4|A0A1W7R9W4_9SCOR,DB Search
VKDGYIVDDKN(+0.98)C(+57.02)AYFC(+57.02)GR,109.39,2179.9666,18,-4.8,545.99634,4,34.0891,20312,Vasilevskiy_L_different_L076_RZ_20240206_AV-1.raw,2.78E6,1,1,"Deamidation (NQ);Carbamidomethylation;Carbamidomethylation","N11:Deamidation (NQ):1000.00",G4V3T9|SCAA2_MESMA,DB Search
VKDGYIVDDKNC(+57.02)AYFC(+57.02)GR,109.34,2178.9827,18,-9.1,545.74799,4,30.1130,18200,Vasilevskiy_L_different_L076_RZ_20240206_AV-1.raw,9.76E8,1,1,"Carbamidomethylation;Carbamidomethylation",,G4V3T9|SCAA2_MESMA,DB Search
VKDGYIVDDVN(+0.98)C(+57.02)TYFC(+57.02)GR,27.89,2180.9507,18,2.8,546.24646,4,33.3568,19884,Vasilevskiy_L_different_L076_RZ_20240206_AV-1.raw,4.11E7,1,1,"Deamidation (NQ);Carbamidomethylation;Carbamidomethylation","N11:Deamidation (NQ):1000.00",P01484|SCX2_ANDAU,DB Search
VKDTDDVPMILVGNK,29.81,1642.8600,15,0.1,548.62732,3,47.6641,30911,Vasilevskiy_L_different_L076_RZ_20240206_AV-1.raw,5.65E4,1,1,"",,A0A1W7R9U9|A0A1W7R9U9_9SCOR:A0A2I9LPJ0|A0A2I9LPJ0_9SCOR,DB Search
VKDVIAPVASTVIQNVNR,99.72,1922.0948,18,1.6,641.70660,3,53.1003,35352,Vasilevskiy_L_different_L076_RZ_20240206_AV-1.raw,1.81E5,1,1,"",,P86100|HYAL1_MESMA,DB Search
VLDIFR,36.65,761.4435,6,0.5,381.72925,2,51.3509,33938,Vasilevskiy_L_different_L076_RZ_20240206_AV-1.raw,,0,0,"",,A0A1W7RAN8|A0A1W7RAN8_9SCOR,DB Search
VLDIWDSTK,90.60,1075.5549,9,0.6,1076.56287,1,51.3913,33963,Vasilevskiy_L_different_L076_RZ_20240206_AV-1.raw,9.9E5,1,1,"",,O77091|SIXP_MESMA:A0A146CIT2|A0A146CIT2_MESEU,DB Search
VLDIWDSTKK,97.35,1203.6499,10,0.4,402.22406,3,41.7382,26189,Vasilevskiy_L_different_L076_RZ_20240206_AV-1.raw,1E7,2,2,"",,A0A146CIT2|A0A146CIT2_MESEU,DB Search
VLDKVEETIK,104.19,1172.6652,10,-0.1,391.89563,3,26.1227,13995,Vasilevskiy_L_different_L076_RZ_20240206_AV-1.raw,,0,0,"",,A0A1W7RAC4|A0A1W7RAC4_9SCOR,DB Search
VLELFER,89.29,904.5018,7,0.8,453.25854,2,52.2415,34754,Vasilevskiy_L_different_L076_RZ_20240206_AV-1.raw,9.74E5,1,1,"",,A0A1E1WVN1|A0A1E1WVN1_TITOB,DB Search
VLIVNSDLKPLK,103.88,1337.8282,12,-0.4,446.94983,3,41.9006,26305,Vasilevskiy_L_different_L076_RZ_20240206_AV-1.raw,1.68E6,2,2,"",,F1CJ43|F1CJ43_HOTJU,DB Search
VLQTVVHK,93.79,922.5600,8,-0.5,462.28705,2,24.0296,12383,Vasilevskiy_L_different_L076_RZ_20240206_AV-1.raw,1.91E5,1,1,"",,A9XE59|KBX12_MESEU:A0A0K0LCI9|A0A0K0LCI9_9SCOR:A9XE60|KBX11_MESEU:A0A0K0LC06|A0A0K0LC06_9SCOR:A0A0K0LBZ4|A0A0K0LBZ4_9SCOR:A0A0K0LC02|A0A0K0LC02_9SCOR:E4VP14|E4VP14_MESEU:E4VP56|E4VP56_MESEU,DB Search
VLSVPEQTPFTAVLK,104.25,1627.9185,15,1.2,814.96747,2,63.8462,44246,Vasilevskiy_L_different_L076_RZ_20240206_AV-1.raw,2.8E5,1,1,"",,A0A5J6YIC3|A0A5J6YIC3_9SCOR,DB Search
VLYPNDNFFEGK,44.89,1441.6877,12,-1.0,721.85046,2,54.9740,36954,Vasilevskiy_L_different_L076_RZ_20240206_AV-1.raw,4.38E4,1,1,"",,A0A2I9LP26|A0A2I9LP26_9SCOR:A0A1W7RAF7|A0A1W7RAF7_9SCOR,DB Search
VLYTC(+57.02)NYGPAGN(+0.98)LEGSEAYQ(+0.98)VGSPC(+57.02)SAC(+57.02)PENTK,78.36,3594.5225,33,7.3,1199.19019,3,56.7445,38306,Vasilevskiy_L_different_L076_RZ_20240206_AV-1.raw,4.36E5,1,1,"Carbamidomethylation;Deamidation (NQ);Deamidation (NQ);Carbamidomethylation;Carbamidomethylation","C5:Deamidation (NQ):16.36;N12:Deamidation (NQ):0.00",A0A0C9RFK9|A0A0C9RFK9_TITBA,DB Search
VNNEYC(+57.02)NHSC(+57.02)K,29.68,1423.5609,11,0.0,475.52759,3,15.7023,5692,Vasilevskiy_L_different_L076_RZ_20240206_AV-1.raw,,0,0,"Carbamidomethylation;Carbamidomethylation",,E4VP15|E4VP15_MESEU,DB Search
VNQIGSVTESIK,95.89,1273.6877,12,0.3,637.85132,2,33.3702,19620,Vasilevskiy_L_different_L076_RZ_20240206_AV-1.raw,,0,0,"",,A0A7U1GK49|A0A7U1GK49_ANDCR:A0A7U1GJT2|A0A7U1GJT2_HEMLE:A0A2I9LNP4|A0A2I9LNP4_9SCOR,DB Search
VPGDC(+57.02)HLQ,105.91,924.4124,8,1.3,463.21405,2,19.7722,9110,Vasilevskiy_L_different_L076_RZ_20240206_AV-1.raw,1.61E6,1,1,"Carbamidomethylation",,E7CZY8|SCXN3_MESEU:D8UWD2|D8UWD2_MESEU,DB Search
VPIRIPGE,89.66,879.5178,8,1.1,440.76666,2,40.1494,25203,Vasilevskiy_L_different_L076_RZ_20240206_AV-1.raw,1.66E6,1,1,"",,D8UWD8|SCXN9_MESEU:A0A146CJ08|A0A146CJ08_MESEU:P86403|SCXN2_MESEU,DB Search
VPIRIPGEC(+57.02),88.36,1039.5485,9,-0.9,520.78101,2,40.7853,25801,Vasilevskiy_L_different_L076_RZ_20240206_AV-1.raw,2.02E6,1,1,"Carbamidomethylation",,D8UWD8|SCXN9_MESEU:A0A146CJ08|A0A146CJ08_MESEU:P86403|SCXN2_MESEU,DB Search
VPIRIPGEC(+57.02)R,104.94,1195.6495,10,-0.1,399.55710,3,30.9573,17661,Vasilevskiy_L_different_L076_RZ_20240206_AV-1.raw,3.47E7,2,2,"Carbamidomethylation",,D8UWD8|SCXN9_MESEU:A0A146CJ08|A0A146CJ08_MESEU:P86403|SCXN2_MESEU,DB Search
VPTGGC(+57.02)PFSDLLC(+57.02)AK,96.87,1620.7639,15,1.6,811.39056,2,60.8079,41616,Vasilevskiy_L_different_L076_RZ_20240206_AV-1.raw,1.46E6,1,1,"Carbamidomethylation;Carbamidomethylation",,A0A088DB40|A0A088DB40_MESEU,DB Search
VPTPDVSVVDLTC(+57.02)R,96.49,1556.7869,14,-1.9,779.39917,2,53.3862,35592,Vasilevskiy_L_different_L076_RZ_20240206_AV-1.raw,2.26E5,1,1,"Carbamidomethylation",,A0A8K1K274|A0A8K1K274_HEMLE:A0A1W7RAH3|A0A1W7RAH3_9SCOR,DB Search
VQLC(+57.02)IILVNNK,104.81,1312.7537,11,0.9,657.38470,2,57.1414,38676,Vasilevskiy_L_different_L076_RZ_20240206_AV-1.raw,,0,0,"Carbamidomethylation",,A0A088D9R3|A0A088D9R3_MESEU,DB Search
VRDGYIADDK,104.87,1150.5618,10,0.0,1151.56909,1,18.6920,8176,Vasilevskiy_L_different_L076_RZ_20240206_AV-1.raw,5.36E8,3,3,"",,Q9GNG8|SC15_MESMA:P01490|SCXA_MESEU:P86408|SCXN1_MESEU:Q9GUA7|SCA3_MESMA:Q95P69|SCAA_MESMA:A0A0B5GD34|A0A0B5GD34_MESEU:Q1EG63|Q1EG63_MESMA:P82815|SCBK_MESMA:Q9GYX2|SCA1_MESMA:Q4TUA4|SCA4_MESMA:A0A143FHE4|A0A143FHE4_MESEU:Q49S27|Q49S27_MESMA,DB Search
VRDGYIADDKDC(+57.02)AY,76.04,1659.7198,14,7.5,554.25140,3,25.0765,13146,Vasilevskiy_L_different_L076_RZ_20240206_AV-1.raw,,0,0,"Carbamidomethylation",,P01490|SCXA_MESEU,DB Search
VRDGYIADDKDC(+57.02)AYFC(+57.02)GR,105.57,2179.9414,18,2.3,545.99390,4,32.8796,19175,Vasilevskiy_L_different_L076_RZ_20240206_AV-1.raw,3.53E7,5,5,"Carbamidomethylation;Carbamidomethylation",,P01490|SCXA_MESEU,DB Search
VRDGYIADDKDC(+57.02)AYFC(+57.02)GRN(+0.98)AYC(+57.02)DEEC(+57.02)K,77.63,3350.3372,27,4.1,838.59503,4,32.6876,19048,Vasilevskiy_L_different_L076_RZ_20240206_AV-1.raw,2.12E5,1,1,"Carbamidomethylation;Carbamidomethylation;Deamidation (NQ);Carbamidomethylation;Carbamidomethylation","C12:Deamidation (NQ):1000.00",P01490|SCXA_MESEU,DB Search
VRDGYIADDKDC(+57.02)AYFC(+57.02)GRNAYC(+57.02)DEEC(+57.02)K,105.02,3349.3533,27,0.3,838.34583,4,32.3951,18757,Vasilevskiy_L_different_L076_RZ_20240206_AV-1.raw,7.12E6,2,2,"Carbamidomethylation;Carbamidomethylation;Carbamidomethylation;Carbamidomethylation",,P01490|SCXA_MESEU,DB Search
VRDGYIADDKN,96.03,1264.6047,11,0.1,422.54224,3,18.3747,7917,Vasilevskiy_L_different_L076_RZ_20240206_AV-1.raw,9.53E5,2,2,"",,P82815|SCBK_MESMA,DB Search
VRDGYIADDKN(+0.98)C(+57.02)AYFC(+57.02)GR,105.00,2179.9414,18,9.5,727.66138,3,36.8215,22428,Vasilevskiy_L_different_L076_RZ_20240206_AV-1.raw,,0,0,"Deamidation (NQ);Carbamidomethylation;Carbamidomethylation","N11:Deamidation (NQ):1000.00",Q9GNG8|SC15_MESMA:P86408|SCXN1_MESEU:Q9GUA7|SCA3_MESMA:Q95P69|SCAA_MESMA:A0A0B5GD34|A0A0B5GD34_MESEU:Q1EG63|Q1EG63_MESMA:P82815|SCBK_MESMA:Q4TUA4|SCA4_MESMA:A0A143FHE4|A0A143FHE4_MESEU:Q49S27|Q49S27_MESMA,DB Search
VRDGYIADDKNC(+57.02),96.63,1424.6354,12,0.4,475.88596,3,19.1270,8570,Vasilevskiy_L_different_L076_RZ_20240206_AV-1.raw,5.84E5,2,2,"Carbamidomethylation",,P82815|SCBK_MESMA,DB Search
VRDGYIADDKNC(+57.02)AY,110.47,1658.7358,14,0.6,830.37567,2,24.8392,12948,Vasilevskiy_L_different_L076_RZ_20240206_AV-1.raw,2.21E7,5,5,"Carbamidomethylation",,P82815|SCBK_MESMA,DB Search
VRDGYIADDKNC(+57.02)AYF,100.15,1805.8042,15,0.7,602.94244,3,40.2071,25078,Vasilevskiy_L_different_L076_RZ_20240206_AV-1.raw,2.24E6,2,2,"Carbamidomethylation",,P82815|SCBK_MESMA,DB Search
VRDGYIADDKNC(+57.02)AYFC(+57.02),107.11,1965.8350,16,-1.6,656.28455,3,36.8854,22379,Vasilevskiy_L_different_L076_RZ_20240206_AV-1.raw,8.12E5,1,1,"Carbamidomethylation;Carbamidomethylation",,P82815|SCBK_MESMA,DB Search
VRDGYIADDKNC(+57.02)AYFC(+57.02)GR,111.95,2178.9575,18,-4.2,1090.48145,2,33.2153,19492,Vasilevskiy_L_different_L076_RZ_20240206_AV-1.raw,6.37E9,13,13,"Carbamidomethylation;Carbamidomethylation",,Q9GNG8|SC15_MESMA:P86408|SCXN1_MESEU:Q9GUA7|SCA3_MESMA:Q95P69|SCAA_MESMA:A0A0B5GD34|A0A0B5GD34_MESEU:Q1EG63|Q1EG63_MESMA:P82815|SCBK_MESMA:Q4TUA4|SCA4_MESMA:A0A143FHE4|A0A143FHE4_MESEU:Q49S27|Q49S27_MESMA,DB Search
VRDGYIADDKNC(+57.02)AYFC(+57.02)GRN(+0.98)AYC(+57.02)DEEC(+57.02)K,109.37,3349.3533,27,0.2,670.87805,5,32.3951,18881,Vasilevskiy_L_different_L076_RZ_20240206_AV-1.raw,2.35E6,1,1,"Carbamidomethylation;Carbamidomethylation;Deamidation (NQ);Carbamidomethylation;Carbamidomethylation","C12:Deamidation (NQ):47.82",P86408|SCXN1_MESEU:A0A0B5GD34|A0A0B5GD34_MESEU:A0A143FHE4|A0A143FHE4_MESEU,DB Search
VRNEIALGK,78.99,998.5872,9,0.7,333.86993,3,21.4275,10357,Vasilevskiy_L_different_L076_RZ_20240206_AV-1.raw,,0,0,"",,A0A0U1SCI0|A0A0U1SCI0_ISOMC,DB Search
VSC(+57.02)EDC(+57.02)PEHC(+57.02)ATK,110.96,1591.6064,13,0.5,531.54303,3,15.8351,5810,Vasilevskiy_L_different_L076_RZ_20240206_AV-1.raw,1.02E10,7,7,"Carbamidomethylation;Carbamidomethylation;Carbamidomethylation",,E4VP43|KAX8R_MESEU:P86400|KAX86_MESEU,DB Search
VSC(+57.02)EDC(+57.02)PEHC(+57.02)ATKDQ(+0.98)R,104.11,1991.7771,16,0.2,664.93311,3,16.5102,6260,Vasilevskiy_L_different_L076_RZ_20240206_AV-1.raw,1.1E7,4,4,"Carbamidomethylation;Carbamidomethylation;Carbamidomethylation;Deamidation (NQ)","C3:Deamidation (NQ):1000.00",E4VP43|KAX8R_MESEU:P86400|KAX86_MESEU,DB Search
VSC(+57.02)EDC(+57.02)PEHC(+57.02)ATKDQR,105.02,1990.7931,16,0.6,498.70587,4,15.9125,5811,Vasilevskiy_L_different_L076_RZ_20240206_AV-1.raw,1.07E8,3,3,"Carbamidomethylation;Carbamidomethylation;Carbamidomethylation",,E4VP43|KAX8R_MESEU:P86400|KAX86_MESEU,DB Search
VSC(+57.02)EDC(+57.02)PPHC(+57.02)ATK,105.02,1559.6167,13,-0.5,1560.62317,1,16.6775,6456,Vasilevskiy_L_different_L076_RZ_20240206_AV-1.raw,2.86E8,3,3,"Carbamidomethylation;Carbamidomethylation;Carbamidomethylation",,C0HJQ5|KAX87_MESEU,DB Search
VSC(+57.02)EDC(+57.02)PPHC(+57.02)ATKDQ(+0.98)R,100.00,1959.7874,16,1.4,654.27063,3,16.5687,6364,Vasilevskiy_L_different_L076_RZ_20240206_AV-1.raw,1.52E5,1,1,"Carbamidomethylation;Carbamidomethylation;Carbamidomethylation;Deamidation (NQ)","C3:Deamidation (NQ):1000.00",C0HJQ5|KAX87_MESEU,DB Search
VSC(+57.02)EDC(+57.02)PPHC(+57.02)ATKDQR,103.80,1958.8033,16,1.1,653.94244,3,15.9983,5953,Vasilevskiy_L_different_L076_RZ_20240206_AV-1.raw,,0,0,"Carbamidomethylation;Carbamidomethylation;Carbamidomethylation",,C0HJQ5|KAX87_MESEU,DB Search
VSC(+57.02)SASSQC(+57.02)WPIC(+57.02)EK,104.87,1797.7484,15,-2.7,899.87909,2,38.7390,23869,Vasilevskiy_L_different_L076_RZ_20240206_AV-1.raw,1.47E5,1,1,"Carbamidomethylation;Carbamidomethylation;Carbamidomethylation",,A0A088DAD7|A0A088DAD7_MESEU,DB Search
VSEC(+57.02)LLN(+0.98)NYC(+57.02)N(+0.98)NIC(+57.02)TK,105.02,2002.8435,16,9.3,1002.43835,2,43.8967,28010,Vasilevskiy_L_different_L076_RZ_20240206_AV-1.raw,,0,0,"Carbamidomethylation;Deamidation (NQ);Carbamidomethylation;Deamidation (NQ);Carbamidomethylation","C4:Deamidation (NQ):17.01;N7:Deamidation (NQ):9.34",O61668|SIX1_MESMA,DB Search
VSEC(+57.02)LLN(+0.98)NYC(+57.02)NNIC(+57.02)TK,105.02,2001.8595,16,0.7,1001.93774,2,47.2392,30693,Vasilevskiy_L_different_L076_RZ_20240206_AV-1.raw,7.81E5,2,2,"Carbamidomethylation;Deamidation (NQ);Carbamidomethylation;Carbamidomethylation","C4:Deamidation (NQ):33.98",O61668|SIX1_MESMA,DB Search
VSEC(+57.02)LLNN(+0.98)YC(+57.02)NNIC(+57.02)TK,105.02,2001.8595,16,0.2,1001.93719,2,47.8928,31227,Vasilevskiy_L_different_L076_RZ_20240206_AV-1.raw,3.24E5,2,2,"Carbamidomethylation;Deamidation (NQ);Carbamidomethylation;Carbamidomethylation","C4:Deamidation (NQ):17.01",O61668|SIX1_MESMA,DB Search
VSEC(+57.02)LLNNYC(+57.02)N(+0.98)NIC(+57.02)TK,105.00,2001.8595,16,-0.7,1001.93634,2,43.6956,27670,Vasilevskiy_L_different_L076_RZ_20240206_AV-1.raw,9.68E5,2,2,"Carbamidomethylation;Carbamidomethylation;Deamidation (NQ);Carbamidomethylation","C4:Deamidation (NQ):12.28",O61668|SIX1_MESMA,DB Search
VSEC(+57.02)LLNNYC(+57.02)NNIC(+57.02)TK,110.34,2000.8754,16,-3.0,1001.44196,2,45.4298,29193,Vasilevskiy_L_different_L076_RZ_20240206_AV-1.raw,5.48E7,2,2,"Carbamidomethylation;Carbamidomethylation;Carbamidomethylation",,O61668|SIX1_MESMA,DB Search
VTAGMGC(+57.02)AMC(+57.02)K,104.63,1184.4811,11,-1.0,593.24719,2,22.6284,11304,Vasilevskiy_L_different_L076_RZ_20240206_AV-1.raw,,0,0,"Carbamidomethylation;Carbamidomethylation",,A0A088DB45|A0A088DB45_MESEU,DB Search
VTDELNC(+57.02)SGYLISSSY,110.51,1806.7982,16,0.3,904.40662,2,59.9737,41021,Vasilevskiy_L_different_L076_RZ_20240206_AV-1.raw,3.09E5,1,1,"Carbamidomethylation",,E4VP21|E4VP21_MESEU,DB Search
VTDELNC(+57.02)SGYLISSSYILTAAH,100.18,2413.1472,22,1.5,805.39087,3,66.7819,46654,Vasilevskiy_L_different_L076_RZ_20240206_AV-1.raw,1.5E5,1,1,"Carbamidomethylation",,E4VP21|E4VP21_MESEU,DB Search
VTDELNC(+57.02)SGYLISSSYILTAAHC(+57.02)MISPLQDMIAR,22.73,3828.8196,34,-0.3,958.21185,4,69.5178,49046,Vasilevskiy_L_different_L076_RZ_20240206_AV-1.raw,3.8E5,1,1,"Carbamidomethylation;Carbamidomethylation",,E4VP21|E4VP21_MESEU,DB Search
VTDIGK,36.81,631.3541,6,0.4,316.68445,2,16.5810,6391,Vasilevskiy_L_different_L076_RZ_20240206_AV-1.raw,4.98E4,1,1,"",,E4VP21|E4VP21_MESEU,DB Search
VTETVLAAVYK,104.64,1192.6703,11,-0.7,597.34204,2,47.0480,30514,Vasilevskiy_L_different_L076_RZ_20240206_AV-1.raw,,0,0,"",,A0A1W7RAI5|A0A1W7RAI5_9SCOR,DB Search
VTIWNAVK,89.24,929.5334,8,1.4,465.77466,2,45.1417,28954,Vasilevskiy_L_different_L076_RZ_20240206_AV-1.raw,,0,0,"",,Q6WJF5|LV1A_MESMA:A0A146CJ25|A0A146CJ25_MESEU,DB Search
VTVQQLER,89.75,971.5400,8,0.7,486.77759,2,26.4843,14172,Vasilevskiy_L_different_L076_RZ_20240206_AV-1.raw,5.23E6,1,1,"",,A0A0K0LCJ8|A0A0K0LCJ8_9SCOR,DB Search
VVC(+57.02)GEEEM(+15.99)VVYPYEE,86.92,1846.7640,15,-0.8,924.38861,2,49.6228,32372,Vasilevskiy_L_different_L076_RZ_20240206_AV-1.raw,7.2E5,1,1,"Carbamidomethylation;Oxidation (M)","C3:Oxidation (M):1000.00",D2CFI7|LA1_MESMA,DB Search
VVC(+57.02)GEEEMVVYP,109.55,1409.6206,12,0.8,705.81818,2,55.1353,36917,Vasilevskiy_L_different_L076_RZ_20240206_AV-1.raw,9.02E5,1,1,"Carbamidomethylation",,D2CFI7|LA1_MESMA,DB Search
VVC(+57.02)GEEEMVVYPYEE,110.45,1830.7692,15,-0.4,916.39154,2,58.0555,39755,Vasilevskiy_L_different_L076_RZ_20240206_AV-1.raw,3.14E7,2,2,"Carbamidomethylation",,D2CFI7|LA1_MESMA,DB Search
VVDKYC(+57.02)SEDPLDC(+57.02)N(+0.98)EHC(+57.02)K,64.64,2267.9133,18,8.3,567.99030,4,25.1319,13187,Vasilevskiy_L_different_L076_RZ_20240206_AV-1.raw,,0,0,"Carbamidomethylation;Carbamidomethylation;Deamidation (NQ);Carbamidomethylation","C6:Deamidation (NQ):1000.00",A0A088D9S2|A0A088D9S2_MESEU,DB Search
VVDKYC(+57.02)SEDPLDC(+57.02)NEHC(+57.02)K,105.02,2266.9292,18,0.1,756.65045,3,25.1892,13164,Vasilevskiy_L_different_L076_RZ_20240206_AV-1.raw,4.11E6,2,2,"Carbamidomethylation;Carbamidomethylation;Carbamidomethylation",,A0A088D9S2|A0A088D9S2_MESEU,DB Search
VVGM(+15.99)C(+57.02)MDGEC(+57.02)TC(+57.02)VSGQ(+0.98)PR,85.02,2058.7937,18,9.7,687.27850,3,25.7192,13662,Vasilevskiy_L_different_L076_RZ_20240206_AV-1.raw,,0,0,"Oxidation (M);Carbamidomethylation;Carbamidomethylation;Carbamidomethylation;Deamidation (NQ)","M4:Oxidation (M):8.22",A0A088D9P7|A0A088D9P7_MESEU,DB Search
VVGM(+15.99)C(+57.02)MDGEC(+57.02)TC(+57.02)VSGQPR,107.03,2057.8098,18,0.6,686.94427,3,25.8341,13662,Vasilevskiy_L_different_L076_RZ_20240206_AV-1.raw,3.91E6,2,2,"Oxidation (M);Carbamidomethylation;Carbamidomethylation;Carbamidomethylation","M4:Oxidation (M):8.22",A0A088D9P7|A0A088D9P7_MESEU,DB Search
VVGMC(+57.02)M(+15.99)DGEC(+57.02)TC(+57.02)VSGQ(+0.98)PR,93.04,2058.7937,18,9.3,687.27826,3,26.8799,14456,Vasilevskiy_L_different_L076_RZ_20240206_AV-1.raw,,0,0,"Carbamidomethylation;Oxidation (M);Carbamidomethylation;Carbamidomethylation;Deamidation (NQ)","C5:Oxidation (M):0.00",A0A088D9P7|A0A088D9P7_MESEU,DB Search
VVGMC(+57.02)M(+15.99)DGEC(+57.02)TC(+57.02)VSGQP,97.75,1901.7086,17,0.1,951.86163,2,33.9058,20053,Vasilevskiy_L_different_L076_RZ_20240206_AV-1.raw,,0,0,"Carbamidomethylation;Oxidation (M);Carbamidomethylation;Carbamidomethylation","C5:Oxidation (M):8.22",A0A088D9P7|A0A088D9P7_MESEU,DB Search
VVGMC(+57.02)M(+15.99)DGEC(+57.02)TC(+57.02)VSGQPR,105.02,2057.8098,18,-0.3,686.94366,3,26.9993,14474,Vasilevskiy_L_different_L076_RZ_20240206_AV-1.raw,3.2E6,2,2,"Carbamidomethylation;Oxidation (M);Carbamidomethylation;Carbamidomethylation","C5:Oxidation (M):6.59",A0A088D9P7|A0A088D9P7_MESEU,DB Search
VVGMC(+57.02)MDGEC(+57.02)TC(+57.02)VS,104.74,1603.5809,14,1.6,802.79901,2,42.6537,26933,Vasilevskiy_L_different_L076_RZ_20240206_AV-1.raw,1.04E6,1,1,"Carbamidomethylation;Carbamidomethylation;Carbamidomethylation",,A0A088D9P7|A0A088D9P7_MESEU,DB Search
VVGMC(+57.02)MDGEC(+57.02)TC(+57.02)VSGQP,110.79,1885.7137,17,-1.2,943.86298,2,44.8669,28986,Vasilevskiy_L_different_L076_RZ_20240206_AV-1.raw,1.39E7,2,2,"Carbamidomethylation;Carbamidomethylation;Carbamidomethylation",,A0A088D9P7|A0A088D9P7_MESEU,DB Search
VVGMC(+57.02)MDGEC(+57.02)TC(+57.02)VSGQPR,113.80,2041.8148,18,-4.8,681.60895,3,36.8748,22472,Vasilevskiy_L_different_L076_RZ_20240206_AV-1.raw,1.61E8,4,4,"Carbamidomethylation;Carbamidomethylation;Carbamidomethylation",,A0A088D9P7|A0A088D9P7_MESEU,DB Search
VVIIGIIIHTK,96.62,1204.7906,11,0.3,402.60428,3,58.0974,39470,Vasilevskiy_L_different_L076_RZ_20240206_AV-1.raw,1.46E5,1,1,"",,E4VNZ8|E4VNZ8_MESEU:E4VNZ7|E4VNZ7_MESEU,DB Search
VVLIGDSGVGK,48.53,1042.6022,11,2.7,522.30981,2,34.9305,20899,Vasilevskiy_L_different_L076_RZ_20240206_AV-1.raw,,0,0,"",,A0A1W7R9U7|A0A1W7R9U7_9SCOR,DB Search
VVLIGVIK,68.02,839.5844,8,0.0,420.79947,2,50.6598,33333,Vasilevskiy_L_different_L076_RZ_20240206_AV-1.raw,3.06E5,1,1,"",,F1CJ26|F1CJ26_HOTJU,DB Search
VVSGYVIK,95.07,863.5117,8,0.1,432.76315,2,27.8342,15091,Vasilevskiy_L_different_L076_RZ_20240206_AV-1.raw,7.83E6,1,1,"",,A0A2I9LP74|A0A2I9LP74_9SCOR,DB Search
VWC(+57.02)VIN(+0.98)N(+0.98)ESC(+57.02)N(+0.98)GEC(+57.02)K,109.07,1870.7172,15,8.3,936.37366,2,42.0380,26493,Vasilevskiy_L_different_L076_RZ_20240206_AV-1.raw,,0,0,"Carbamidomethylation;Deamidation (NQ);Deamidation (NQ);Carbamidomethylation;Deamidation (NQ); more","C3:Deamidation (NQ):1000.00;N6:Deamidation (NQ):1000.00;N7:Deamidation (NQ):1000.00",A0A0K0LBV3|A0A0K0LBV3_9SCOR:E4VP32|E4VP32_MESEU:R4H5E1|R4H5E1_MESEU,DB Search
VWC(+57.02)VIN(+0.98)N(+0.98)ESC(+57.02)N(+0.98)GEC(+57.02)KR,92.44,2026.8182,16,9.4,1014.42596,2,36.3035,22026,Vasilevskiy_L_different_L076_RZ_20240206_AV-1.raw,,0,0,"Carbamidomethylation;Deamidation (NQ);Deamidation (NQ);Carbamidomethylation;Deamidation (NQ); more","C3:Deamidation (NQ):1000.00;N6:Deamidation (NQ):1000.00;N7:Deamidation (NQ):1000.00",A0A0K0LBV3|A0A0K0LBV3_9SCOR:E4VP32|E4VP32_MESEU:R4H5E1|R4H5E1_MESEU,DB Search
VWC(+57.02)VIN(+0.98)N(+0.98)ESC(+57.02)NGEC(+57.02)KR,86.46,2025.8342,16,7.1,676.29016,3,34.1041,20218,Vasilevskiy_L_different_L076_RZ_20240206_AV-1.raw,,0,0,"Carbamidomethylation;Deamidation (NQ);Deamidation (NQ);Carbamidomethylation;Carbamidomethylation","C3:Deamidation (NQ):39.44;N6:Deamidation (NQ):42.68",A0A0K0LBV3|A0A0K0LBV3_9SCOR:E4VP32|E4VP32_MESEU:R4H5E1|R4H5E1_MESEU,DB Search
VWC(+57.02)VIN(+0.98)N(+0.98)ESC(+57.02)NSEC(+57.02)K,96.14,1899.7438,15,0.8,950.87988,2,40.7268,25505,Vasilevskiy_L_different_L076_RZ_20240206_AV-1.raw,,0,0,"Carbamidomethylation;Deamidation (NQ);Deamidation (NQ);Carbamidomethylation;Carbamidomethylation","C3:Deamidation (NQ):12.72;N6:Deamidation (NQ):14.19",Q9UAC9|SCAS_MESMA:R4H564|R4H564_MESEU:P86406|SCXNF_MESEU:E4VP18|E4VP18_MESEU,DB Search
VWC(+57.02)VIN(+0.98)NESC(+57.02)N(+0.98)GEC(+57.02)K,105.02,1869.7332,15,0.3,935.87415,2,42.0717,26518,Vasilevskiy_L_different_L076_RZ_20240206_AV-1.raw,4.43E6,2,2,"Carbamidomethylation;Deamidation (NQ);Carbamidomethylation;Deamidation (NQ);Carbamidomethylation","C3:Deamidation (NQ):17.01;N6:Deamidation (NQ):42.68",A0A0K0LBV3|A0A0K0LBV3_9SCOR:E4VP32|E4VP32_MESEU:R4H5E1|R4H5E1_MESEU,DB Search
VWC(+57.02)VIN(+0.98)NESC(+57.02)N(+0.98)GEC(+57.02)KR,97.49,2025.8342,16,0.8,676.28589,3,36.2686,22048,Vasilevskiy_L_different_L076_RZ_20240206_AV-1.raw,9.95E5,2,2,"Carbamidomethylation;Deamidation (NQ);Carbamidomethylation;Deamidation (NQ);Carbamidomethylation","C3:Deamidation (NQ):17.01;N6:Deamidation (NQ):25.11",A0A0K0LBV3|A0A0K0LBV3_9SCOR:E4VP32|E4VP32_MESEU:R4H5E1|R4H5E1_MESEU,DB Search
VWC(+57.02)VIN(+0.98)NESC(+57.02)N(+0.98)SEC(+57.02)K,105.02,1899.7438,15,-0.1,950.87903,2,42.5225,27049,Vasilevskiy_L_different_L076_RZ_20240206_AV-1.raw,1.67E6,1,1,"Carbamidomethylation;Deamidation (NQ);Carbamidomethylation;Deamidation (NQ);Carbamidomethylation","C3:Deamidation (NQ):14.02;N6:Deamidation (NQ):61.69",Q9UAC9|SCAS_MESMA:R4H564|R4H564_MESEU:P86406|SCXNF_MESEU:E4VP18|E4VP18_MESEU,DB Search
VWC(+57.02)VIN(+0.98)NESC(+57.02)NGEC(+57.02)K,101.30,1868.7491,15,-0.8,623.92316,3,41.1231,25839,Vasilevskiy_L_different_L076_RZ_20240206_AV-1.raw,7.59E6,2,2,"Carbamidomethylation;Deamidation (NQ);Carbamidomethylation;Carbamidomethylation","C3:Deamidation (NQ):0.00",A0A0K0LBV3|A0A0K0LBV3_9SCOR:E4VP32|E4VP32_MESEU:R4H5E1|R4H5E1_MESEU,DB Search
VWC(+57.02)VIN(+0.98)NESC(+57.02)NGEC(+57.02)KR,99.53,2024.8502,16,0.6,675.95776,3,34.1490,20196,Vasilevskiy_L_different_L076_RZ_20240206_AV-1.raw,1.72E6,1,1,"Carbamidomethylation;Deamidation (NQ);Carbamidomethylation;Carbamidomethylation","C3:Deamidation (NQ):17.01",A0A0K0LBV3|A0A0K0LBV3_9SCOR:E4VP32|E4VP32_MESEU:R4H5E1|R4H5E1_MESEU,DB Search
VWC(+57.02)VIN(+0.98)NESC(+57.02)NSEC(+57.02)K,105.02,1898.7598,15,-0.9,950.38629,2,41.8242,26246,Vasilevskiy_L_different_L076_RZ_20240206_AV-1.raw,3.71E8,6,6,"Carbamidomethylation;Deamidation (NQ);Carbamidomethylation;Carbamidomethylation","C3:Deamidation (NQ):0.00",Q9UAC9|SCAS_MESMA:R4H564|R4H564_MESEU:P86406|SCXNF_MESEU:E4VP18|E4VP18_MESEU,DB Search
VWC(+57.02)VINN,76.41,903.4272,7,0.6,452.72119,2,47.9641,31290,Vasilevskiy_L_different_L076_RZ_20240206_AV-1.raw,8.96E5,2,2,"Carbamidomethylation",,A0A5P8U2P2|A0A5P8U2P2_MESEU:P0C5H3|SCB1_LEIHE:P0DPT3|SCXIT_ANDMA:A0A0K0LBV3|A0A0K0LBV3_9SCOR:Q9UAC9|SCAS_MESMA:R4H564|R4H564_MESEU:P86406|SCXNF_MESEU:P21150|SIX4_ANDAU:E4VP18|E4VP18_MESEU:R4H5E1|R4H5E1_MESEU:P0CI60|SNAY5_LYCMC,DB Search
VWC(+57.02)VINN(+0.98)ESC(+57.02)N(+0.98)GEC(+57.02)K,105.02,1869.7332,15,-1.6,935.87238,2,42.1196,26554,Vasilevskiy_L_different_L076_RZ_20240206_AV-1.raw,4.55E4,1,1,"Carbamidomethylation;Deamidation (NQ);Carbamidomethylation;Deamidation (NQ);Carbamidomethylation","C3:Deamidation (NQ):17.01;N7:Deamidation (NQ):56.99",A0A0K0LBV3|A0A0K0LBV3_9SCOR:E4VP32|E4VP32_MESEU:R4H5E1|R4H5E1_MESEU,DB Search
VWC(+57.02)VINN(+0.98)ESC(+57.02)N(+0.98)GEC(+57.02)KR,112.21,2025.8342,16,0.0,676.28534,3,34.7355,20737,Vasilevskiy_L_different_L076_RZ_20240206_AV-1.raw,4.25E5,1,1,"Carbamidomethylation;Deamidation (NQ);Carbamidomethylation;Deamidation (NQ);Carbamidomethylation","C3:Deamidation (NQ):17.01;N7:Deamidation (NQ):38.32",A0A0K0LBV3|A0A0K0LBV3_9SCOR:E4VP32|E4VP32_MESEU:R4H5E1|R4H5E1_MESEU,DB Search
VWC(+57.02)VINN(+0.98)ESC(+57.02)NGEC(+57.02)K,101.99,1868.7491,15,8.3,935.38965,2,38.4156,23604,Vasilevskiy_L_different_L076_RZ_20240206_AV-1.raw,,0,0,"Carbamidomethylation;Deamidation (NQ);Carbamidomethylation;Carbamidomethylation","C3:Deamidation (NQ):0.00",A0A0K0LBV3|A0A0K0LBV3_9SCOR:E4VP32|E4VP32_MESEU:R4H5E1|R4H5E1_MESEU,DB Search
VWC(+57.02)VINN(+0.98)ESC(+57.02)NSEC(+57.02)K,105.02,1898.7598,15,-0.5,950.38666,2,40.8931,25505,Vasilevskiy_L_different_L076_RZ_20240206_AV-1.raw,2.72E8,4,4,"Carbamidomethylation;Deamidation (NQ);Carbamidomethylation;Carbamidomethylation","C3:Deamidation (NQ):0.00",Q9UAC9|SCAS_MESMA:R4H564|R4H564_MESEU:P86406|SCXNF_MESEU:E4VP18|E4VP18_MESEU,DB Search
VWC(+57.02)VINNE,99.13,1032.4698,8,1.2,517.24280,2,49.2596,32165,Vasilevskiy_L_different_L076_RZ_20240206_AV-1.raw,3.16E5,1,1,"Carbamidomethylation",,P0DPT3|SCXIT_ANDMA:A0A0K0LBV3|A0A0K0LBV3_9SCOR:Q9UAC9|SCAS_MESMA:R4H564|R4H564_MESEU:P86406|SCXNF_MESEU:P21150|SIX4_ANDAU:E4VP18|E4VP18_MESEU:R4H5E1|R4H5E1_MESEU,DB Search
VWC(+57.02)VINNESC(+57.02)N,96.42,1393.5754,11,1.7,697.79620,2,46.4418,29942,Vasilevskiy_L_different_L076_RZ_20240206_AV-1.raw,2.26E6,1,1,"Carbamidomethylation;Carbamidomethylation",,P0DPT3|SCXIT_ANDMA:A0A0K0LBV3|A0A0K0LBV3_9SCOR:Q9UAC9|SCAS_MESMA:R4H564|R4H564_MESEU:P86406|SCXNF_MESEU:E4VP18|E4VP18_MESEU:R4H5E1|R4H5E1_MESEU,DB Search
VWC(+57.02)VINNESC(+57.02)N(+0.98)GEC(+57.02)K,105.02,1868.7491,15,0.5,935.38232,2,39.7261,25103,Vasilevskiy_L_different_L076_RZ_20240206_AV-1.raw,1.2E8,2,2,"Carbamidomethylation;Carbamidomethylation;Deamidation (NQ);Carbamidomethylation","C3:Deamidation (NQ):42.68",A0A0K0LBV3|A0A0K0LBV3_9SCOR:E4VP32|E4VP32_MESEU:R4H5E1|R4H5E1_MESEU,DB Search
VWC(+57.02)VINNESC(+57.02)N(+0.98)GEC(+57.02)KR,105.02,2024.8502,16,0.5,675.95770,3,32.7087,19040,Vasilevskiy_L_different_L076_RZ_20240206_AV-1.raw,2.03E8,3,3,"Carbamidomethylation;Carbamidomethylation;Deamidation (NQ);Carbamidomethylation","C3:Deamidation (NQ):42.89",A0A0K0LBV3|A0A0K0LBV3_9SCOR:E4VP32|E4VP32_MESEU:R4H5E1|R4H5E1_MESEU,DB Search
VWC(+57.02)VINNESC(+57.02)N(+0.98)SEC(+57.02)K,105.02,1898.7598,15,1.7,633.92828,3,39.4581,24206,Vasilevskiy_L_different_L076_RZ_20240206_AV-1.raw,1.94E8,4,4,"Carbamidomethylation;Carbamidomethylation;Deamidation (NQ);Carbamidomethylation","C3:Deamidation (NQ):61.69",Q9UAC9|SCAS_MESMA:R4H564|R4H564_MESEU:P86406|SCXNF_MESEU:E4VP18|E4VP18_MESEU,DB Search
VWC(+57.02)VINNESC(+57.02)NGEC(+57.02),100.32,1739.6702,14,2.0,870.84412,2,47.6237,30981,Vasilevskiy_L_different_L076_RZ_20240206_AV-1.raw,,0,0,"Carbamidomethylation;Carbamidomethylation;Carbamidomethylation",,P0DPT3|SCXIT_ANDMA:A0A0K0LBV3|A0A0K0LBV3_9SCOR:R4H5E1|R4H5E1_MESEU,DB Search
VWC(+57.02)VINNESC(+57.02)NGEC(+57.02)K,105.02,1867.7651,15,0.2,623.59576,3,37.3429,22744,Vasilevskiy_L_different_L076_RZ_20240206_AV-1.raw,1.07E8,3,3,"Carbamidomethylation;Carbamidomethylation;Carbamidomethylation",,A0A0K0LBV3|A0A0K0LBV3_9SCOR:E4VP32|E4VP32_MESEU:R4H5E1|R4H5E1_MESEU,DB Search
VWC(+57.02)VINNESC(+57.02)NGEC(+57.02)KR,109.96,2023.8662,16,0.1,675.62946,3,31.3991,17711,Vasilevskiy_L_different_L076_RZ_20240206_AV-1.raw,9.86E7,2,2,"Carbamidomethylation;Carbamidomethylation;Carbamidomethylation",,A0A0K0LBV3|A0A0K0LBV3_9SCOR:E4VP32|E4VP32_MESEU:R4H5E1|R4H5E1_MESEU,DB Search
VWC(+57.02)VINNESC(+57.02)NGEC(+57.02)KRRG,40.72,2236.9888,18,5.9,746.67462,3,39.5782,24549,Vasilevskiy_L_different_L076_RZ_20240206_AV-1.raw,,0,0,"Carbamidomethylation;Carbamidomethylation;Carbamidomethylation",,A0A0K0LBV3|A0A0K0LBV3_9SCOR:R4H5E1|R4H5E1_MESEU,DB Search
VWC(+57.02)VINNESC(+57.02)NSEC(+57.02)K,105.02,1897.7758,15,-2.0,949.89319,2,45.4018,29170,Vasilevskiy_L_different_L076_RZ_20240206_AV-1.raw,7.25E8,5,5,"Carbamidomethylation;Carbamidomethylation;Carbamidomethylation",,Q9UAC9|SCAS_MESMA:R4H564|R4H564_MESEU:P86406|SCXNF_MESEU:E4VP18|E4VP18_MESEU,DB Search
VYDDENWFEIISTEK,96.52,1886.8574,15,1.2,944.43713,2,67.9965,47711,Vasilevskiy_L_different_L076_RZ_20240206_AV-1.raw,2.11E5,1,1,"",,E4VP53|E4VP53_MESEU,DB Search
VYDIAILK,94.10,933.5535,8,1.3,467.78464,2,51.9721,34448,Vasilevskiy_L_different_L076_RZ_20240206_AV-1.raw,2.21E5,1,1,"",,E4VP53|E4VP53_MESEU,DB Search
VYEC(+57.02)YNPK,101.41,1071.4695,8,0.5,536.74231,2,20.8953,9833,Vasilevskiy_L_different_L076_RZ_20240206_AV-1.raw,6.08E6,1,1,"Carbamidomethylation",,A0A5P8U2M3|A0A5P8U2M3_MESEU:P09981|SCX9_MESEU:A0A7D5FUD4|A0A7D5FUD4_MESEU:A0A5P8U2P7|A0A5P8U2P7_MESEU:A0A5P8U2Q8|A0A5P8U2Q8_MESEU,DB Search
VYTC(+57.02)ALN(+0.98)PYC(+57.02)DSEC(+57.02)K,64.26,1879.7427,15,8.4,940.88654,2,38.0715,23371,Vasilevskiy_L_different_L076_RZ_20240206_AV-1.raw,,0,0,"Carbamidomethylation;Deamidation (NQ);Carbamidomethylation;Carbamidomethylation","C4:Deamidation (NQ):1000.00",D8UWD8|SCXN9_MESEU:P09982|SCXE_MESEU:P86403|SCXN2_MESEU,DB Search
VYTC(+57.02)ALN(+0.98)PYC(+57.02)DSEC(+57.02)KK,102.18,2007.8376,16,5.0,1004.93109,2,30.9433,17650,Vasilevskiy_L_different_L076_RZ_20240206_AV-1.raw,,0,0,"Carbamidomethylation;Deamidation (NQ);Carbamidomethylation;Carbamidomethylation","C4:Deamidation (NQ):1000.00",D8UWD8|SCXN9_MESEU:P09982|SCXE_MESEU:P86403|SCXN2_MESEU,DB Search
VYTC(+57.02)ALNPYC(+57.02)DSEC(+57.02)K,105.02,1878.7587,15,-0.9,940.38580,2,37.9576,23285,Vasilevskiy_L_different_L076_RZ_20240206_AV-1.raw,1.45E7,1,1,"Carbamidomethylation;Carbamidomethylation;Carbamidomethylation",,D8UWD8|SCXN9_MESEU:P09982|SCXE_MESEU:P86403|SCXN2_MESEU,DB Search
VYTC(+57.02)ALNPYC(+57.02)DSEC(+57.02)KK,104.68,2006.8536,16,-0.1,669.95844,3,31.0756,17738,Vasilevskiy_L_different_L076_RZ_20240206_AV-1.raw,3.53E7,1,1,"Carbamidomethylation;Carbamidomethylation;Carbamidomethylation",,D8UWD8|SCXN9_MESEU:P09982|SCXE_MESEU:P86403|SCXN2_MESEU,DB Search
VYTC(+57.02)ALNPYC(+57.02)N(+0.98)SEC(+57.02)K,104.32,1878.7587,15,1.1,940.38763,2,38.0100,23324,Vasilevskiy_L_different_L076_RZ_20240206_AV-1.raw,1.82E6,1,1,"Carbamidomethylation;Carbamidomethylation;Deamidation (NQ);Carbamidomethylation","C4:Deamidation (NQ):52.86",A0A146CJ08|A0A146CJ08_MESEU,DB Search
VYTC(+57.02)ALNPYC(+57.02)N(+0.98)SEC(+57.02)KK,104.36,2006.8536,16,-1.2,1004.43286,2,31.0944,17679,Vasilevskiy_L_different_L076_RZ_20240206_AV-1.raw,4.9E6,1,1,"Carbamidomethylation;Carbamidomethylation;Deamidation (NQ);Carbamidomethylation","C4:Deamidation (NQ):49.79",A0A146CJ08|A0A146CJ08_MESEU,DB Search
VYYADK,75.07,757.3646,6,0.1,379.68964,2,18.4083,7897,Vasilevskiy_L_different_L076_RZ_20240206_AV-1.raw,4.5E7,1,1,"",,O77091|SIXP_MESMA:B8XH05|B8XH05_BUTOS:B8XH04|B8XH04_BUTOS,DB Search
VYYADKGY,72.85,977.4494,8,-0.5,489.73175,2,24.6608,12873,Vasilevskiy_L_different_L076_RZ_20240206_AV-1.raw,1.72E5,1,1,"",,O77091|SIXP_MESMA:B8XH05|B8XH05_BUTOS:B8XH04|B8XH04_BUTOS,DB Search
WAGQYGNAC(+57.02)WC(+57.02)YK,105.01,1662.6708,13,0.7,832.34320,2,46.9332,30296,Vasilevskiy_L_different_L076_RZ_20240206_AV-1.raw,7.95E5,1,1,"Carbamidomethylation;Carbamidomethylation",,P86408|SCXN1_MESEU:D8UWD3|SCXN7_MESEU:A0A143FHE4|A0A143FHE4_MESEU,DB Search
WC(+57.02)DDIHNWVPTWSR,96.47,1870.8209,14,-0.1,936.41766,2,62.4400,42983,Vasilevskiy_L_different_L076_RZ_20240206_AV-1.raw,1.84E6,1,1,"Carbamidomethylation",,Q9NBW2|SCBT_MESMA,DB Search
WC(+57.02)DN(+0.98)IHNWVPTWSR,100.55,1870.8209,14,0.2,624.61438,3,62.4400,42952,Vasilevskiy_L_different_L076_RZ_20240206_AV-1.raw,9.74E6,1,1,"Carbamidomethylation;Deamidation (NQ)","C2:Deamidation (NQ):27.07",M4GX67|SCBTY_MESMA,DB Search
WC(+57.02)EDHC(+57.02),101.33,905.2796,6,0.2,453.64719,2,18.9888,8356,Vasilevskiy_L_different_L076_RZ_20240206_AV-1.raw,5.48E6,1,1,"Carbamidomethylation;Carbamidomethylation",,T1E6Z4|T1E6Z4_9SCOR:A0A088DB26|A0A088DB26_MESEU:P0CI42-2|KBX23_LYCMC:Q9NJC6|KBX2_MESMA:E4VP57|E4VP57_MESEU:C6ZH27|KBX27_LYCMC:A0A0K0LC09|A0A0K0LC09_9SCOR:A0A0U1SEA1|A0A0U1SEA1_LYCMC:C6ZH27-2|KBX27_LYCMC:A0A088D9U2|A0A088D9U2_MESEU:T1E6Y1|T1E6Y1_9SCOR:P0CJ45|KBX21_LYCMC:B8XH36|B8XH36_BUTOS:A0A088DAE8|A0A088DAE8_MESEU:A0A0K0LC05|A0A0K0LC05_9SCOR:D9U2B1|KBX22_LYCMC:A0A0K0LC08|A0A0K0LC08_9SCOR:P0CH57|NDB51_MESEU:E4VP34|E4VP34_MESEU:A0A0K0LCJ0|A0A0K0LCJ0_9SCOR:P0CI42|KBX23_LYCMC:A0A0U1S7T8|A0A0U1S7T8_LYCMC:A0A0K0LC17|A0A0K0LC17_9SCOR:A0A0K0LC11|A0A0K0LC11_9SCOR:A0A143MGJ8|A0A143MGJ8_MESEU,DB Search
WC(+57.02)EDHC(+57.02)E,107.31,1034.3223,7,-0.3,518.16821,2,19.2983,8676,Vasilevskiy_L_different_L076_RZ_20240206_AV-1.raw,1.67E5,1,1,"Carbamidomethylation;Carbamidomethylation",,D9U2B1|KBX22_LYCMC:T1E6Z4|T1E6Z4_9SCOR:A0A088DB26|A0A088DB26_MESEU:A0A0K0LC08|A0A0K0LC08_9SCOR:P0CI42-2|KBX23_LYCMC:A0A0K0LCJ0|A0A0K0LCJ0_9SCOR:P0CI42|KBX23_LYCMC:A0A0U1S7T8|A0A0U1S7T8_LYCMC:C6ZH27|KBX27_LYCMC:A0A0K0LC09|A0A0K0LC09_9SCOR:A0A0K0LC17|A0A0K0LC17_9SCOR:A0A0K0LC11|A0A0K0LC11_9SCOR:A0A0U1SEA1|A0A0U1SEA1_LYCMC:C6ZH27-2|KBX27_LYCMC:A0A088D9U2|A0A088D9U2_MESEU:B8XH36|B8XH36_BUTOS:A0A143MGJ8|A0A143MGJ8_MESEU,DB Search
WC(+57.02)EDHC(+57.02)EA,88.92,1105.3594,8,0.6,553.68726,2,20.2377,9422,Vasilevskiy_L_different_L076_RZ_20240206_AV-1.raw,1.37E7,1,1,"Carbamidomethylation;Carbamidomethylation",,A0A088D9U2|A0A088D9U2_MESEU:A0A088DB26|A0A088DB26_MESEU:A0A0K0LC08|A0A0K0LC08_9SCOR:A0A0K0LCJ0|A0A0K0LCJ0_9SCOR:B8XH36|B8XH36_BUTOS:A0A0K0LC09|A0A0K0LC09_9SCOR:A0A0K0LC17|A0A0K0LC17_9SCOR:A0A143MGJ8|A0A143MGJ8_MESEU:A0A0K0LC11|A0A0K0LC11_9SCOR,DB Search
WC(+57.02)EDHC(+57.02)EAK,97.16,1233.4542,9,-1.1,1234.46021,1,17.1063,6813,Vasilevskiy_L_different_L076_RZ_20240206_AV-1.raw,1.68E7,1,1,"Carbamidomethylation;Carbamidomethylation",,A0A088D9U2|A0A088D9U2_MESEU:A0A0K0LC08|A0A0K0LC08_9SCOR:A0A0K0LCJ0|A0A0K0LCJ0_9SCOR:B8XH36|B8XH36_BUTOS:A0A0K0LC09|A0A0K0LC09_9SCOR:A0A0K0LC17|A0A0K0LC17_9SCOR:A0A143MGJ8|A0A143MGJ8_MESEU:A0A0K0LC11|A0A0K0LC11_9SCOR,DB Search
WC(+57.02)EDHC(+57.02)EAKK,102.57,1361.5492,10,0.9,454.85745,3,15.8164,5793,Vasilevskiy_L_different_L076_RZ_20240206_AV-1.raw,6.03E7,3,3,"Carbamidomethylation;Carbamidomethylation",,A0A088D9U2|A0A088D9U2_MESEU:A0A0K0LC08|A0A0K0LC08_9SCOR:A0A0K0LCJ0|A0A0K0LCJ0_9SCOR:B8XH36|B8XH36_BUTOS:A0A0K0LC09|A0A0K0LC09_9SCOR:A0A0K0LC17|A0A0K0LC17_9SCOR:A0A143MGJ8|A0A143MGJ8_MESEU:A0A0K0LC11|A0A0K0LC11_9SCOR,DB Search
WC(+57.02)EDHC(+57.02)Q(+0.98)AK,104.40,1233.4543,9,0.6,412.15894,3,17.1063,6750,Vasilevskiy_L_different_L076_RZ_20240206_AV-1.raw,8.26E8,2,2,"Carbamidomethylation;Carbamidomethylation;Deamidation (NQ)","C2:Deamidation (NQ):1000.00",E4VP34|E4VP34_MESEU:P0CH57|NDB51_MESEU:E4VP57|E4VP57_MESEU:A0A088DAE8|A0A088DAE8_MESEU,DB Search
WC(+57.02)EDHC(+57.02)QAK,91.59,1232.4702,9,0.6,411.83096,3,16.8364,6584,Vasilevskiy_L_different_L076_RZ_20240206_AV-1.raw,1.64E7,2,2,"Carbamidomethylation;Carbamidomethylation",,E4VP34|E4VP34_MESEU:P0CH57|NDB51_MESEU:E4VP57|E4VP57_MESEU:A0A088DAE8|A0A088DAE8_MESEU,DB Search
WC(+57.02)EGLPDK,92.53,1003.4433,8,0.2,502.72903,2,30.7330,17466,Vasilevskiy_L_different_L076_RZ_20240206_AV-1.raw,1.09E5,1,1,"Carbamidomethylation",,A0A146CIT8|A0A146CIT8_MESEU:B8XGZ2|B8XGZ2_BUTOS:B8XGY8|B8XGY8_BUTOS:B8XGZ5|B8XGZ5_BUTOS,DB Search
WC(+57.02)GAGNK,85.98,791.3384,7,-0.1,396.67645,2,17.1207,6859,Vasilevskiy_L_different_L076_RZ_20240206_AV-1.raw,2.8E6,1,1,"Carbamidomethylation",,A0A1L4BJ57|A0A1L4BJ57_HEMLE:A0AA49XAC4|A0AA49XAC4_ANDCR:A0AA50AAI4|A0AA50AAI4_ANDCR,DB Search
WC(+57.02)IDLPDNVPIR,94.35,1496.7445,12,-1.1,749.37872,2,64.9410,45138,Vasilevskiy_L_different_L076_RZ_20240206_AV-1.raw,1.23E5,1,1,"Carbamidomethylation",,A0A5P8U2M3|A0A5P8U2M3_MESEU:A0A5P8U2P7|A0A5P8U2P7_MESEU:A0A5P8U2Q8|A0A5P8U2Q8_MESEU,DB Search
WC(+57.02)IELPDN(+0.98)VPIRIPGK,101.90,1906.9974,16,4.3,954.51013,2,66.1670,46136,Vasilevskiy_L_different_L076_RZ_20240206_AV-1.raw,,0,0,"Carbamidomethylation;Deamidation (NQ)","C2:Deamidation (NQ):1000.00",G4WFQ2|SCXND_MESEU,DB Search
WC(+57.02)IELPDNVPIR,96.78,1510.7603,12,-0.1,504.59396,3,65.4863,45571,Vasilevskiy_L_different_L076_RZ_20240206_AV-1.raw,6.68E6,1,1,"Carbamidomethylation",,E7CZZ1|SCXNC_MESEU:P45697|SCM1_MESMA:Q6IZE0|Q6IZE0_MESMA:P59360|SCX2_MESMA:G4WFQ2|SCXND_MESEU:Q9NJC5|SC10_MESMA:P58488|SCM2_MESMA,DB Search
WC(+57.02)IELPDNVPIRIPGK,110.25,1906.0134,16,0.1,636.34515,3,66.1752,46124,Vasilevskiy_L_different_L076_RZ_20240206_AV-1.raw,9.2E6,1,1,"Carbamidomethylation",,G4WFQ2|SCXND_MESEU,DB Search
WC(+57.02)IQ(+0.98)LPDNVPIR,104.88,1510.7603,12,0.2,504.59412,3,65.6145,45670,Vasilevskiy_L_different_L076_RZ_20240206_AV-1.raw,,0,0,"Carbamidomethylation;Deamidation (NQ)","C2:Deamidation (NQ):58.99",P09981|SCX9_MESEU:P59854|SCX7_MESMA,DB Search
WC(+57.02)IQ(+0.98)LPDNVPIRIPGK,96.27,1906.0134,16,-0.4,954.01361,2,66.1752,46146,Vasilevskiy_L_different_L076_RZ_20240206_AV-1.raw,7.11E5,1,1,"Carbamidomethylation;Deamidation (NQ)","C2:Deamidation (NQ):83.66",P09981|SCX9_MESEU,DB Search
WC(+57.02)IQLPDNVPIR,97.14,1509.7762,12,0.6,504.26630,3,64.8723,44920,Vasilevskiy_L_different_L076_RZ_20240206_AV-1.raw,2.95E7,3,3,"Carbamidomethylation",,P09981|SCX9_MESEU:P59854|SCX7_MESMA,DB Search
WC(+57.02)IQLPDNVPIRIPGK,110.98,1905.0294,16,1.0,636.01770,3,65.5406,45623,Vasilevskiy_L_different_L076_RZ_20240206_AV-1.raw,4.25E7,3,3,"Carbamidomethylation",,P09981|SCX9_MESEU,DB Search
WDDELAAIAQAHANQC(+57.02)K,102.23,1939.8846,17,-0.1,647.63544,3,50.1160,32897,Vasilevskiy_L_different_L076_RZ_20240206_AV-1.raw,2.85E5,1,1,"Carbamidomethylation",,A0A0C9RFK9|A0A0C9RFK9_TITBA:A0A2I9LNW3|A0A2I9LNW3_9SCOR,DB Search
WFPASVN(+0.98)GK,96.64,1005.4919,9,0.1,503.75333,2,41.5608,25448,Vasilevskiy_L_different_L076_RZ_20240206_AV-1.raw,7.04E8,1,1,"Deamidation (NQ)","N7:Deamidation (NQ):1000.00",A0A088DB34|A0A088DB34_MESEU:Q5F1N4|KS4_MESMA:A0A088D9T4|A0A088D9T4_MESEU,DB Search
WFPASVNGK,109.77,1004.5079,9,-0.4,1005.51477,1,39.1761,24310,Vasilevskiy_L_different_L076_RZ_20240206_AV-1.raw,2.7E8,2,2,"",,A0A088DB34|A0A088DB34_MESEU:Q5F1N4|KS4_MESMA:A0A088D9T4|A0A088D9T4_MESEU,DB Search
WGEFAK,72.62,736.3544,6,0.8,369.18475,2,31.3630,17961,Vasilevskiy_L_different_L076_RZ_20240206_AV-1.raw,,0,0,"",,E4VP53|E4VP53_MESEU:E4VP22|E4VP22_MESEU:E4VP23|E4VP23_MESEU:E4VP49|E4VP49_MESEU,DB Search
WGEQIFC(+57.02),95.57,938.3956,7,-0.2,470.20499,2,59.9072,40903,Vasilevskiy_L_different_L076_RZ_20240206_AV-1.raw,7.53E5,1,1,"Carbamidomethylation",,A0A143MHJ7|A0A143MHJ7_MESEU,DB Search
WGEQIFC(+57.02)LH,84.96,1188.5386,9,0.4,595.27679,2,62.1605,42712,Vasilevskiy_L_different_L076_RZ_20240206_AV-1.raw,3.59E6,1,1,"Carbamidomethylation",,A0A143MHJ7|A0A143MHJ7_MESEU,DB Search
WGEQIFC(+57.02)LHQ(+0.98)GPDQK,71.15,1842.8359,15,2.3,615.28729,3,53.8840,36070,Vasilevskiy_L_different_L076_RZ_20240206_AV-1.raw,1.06E5,1,1,"Carbamidomethylation;Deamidation (NQ)","C7:Deamidation (NQ):8.26",A0A143MHJ7|A0A143MHJ7_MESEU,DB Search
WGEQIFC(+57.02)LHQGPDQK,105.01,1841.8519,15,3.1,921.93610,2,53.1924,35439,Vasilevskiy_L_different_L076_RZ_20240206_AV-1.raw,2.72E8,3,3,"Carbamidomethylation",,A0A143MHJ7|A0A143MHJ7_MESEU,DB Search
WHYETNK,80.98,976.4402,7,1.0,489.22787,2,30.9659,17970,Vasilevskiy_L_different_L076_RZ_20240206_AV-1.raw,3E6,2,2,"",,R4H564|R4H564_MESEU:E4VP32|E4VP32_MESEU:P86406|SCXNF_MESEU:R4H5E1|R4H5E1_MESEU,DB Search
WLGKYGNGC(+57.02)WC(+57.02)IELPDNVPIRVPGK,111.22,2927.4575,25,1.3,976.82764,3,62.0479,42701,Vasilevskiy_L_different_L076_RZ_20240206_AV-1.raw,1.23E5,1,1,"Carbamidomethylation;Carbamidomethylation",,Q6IZE0|Q6IZE0_MESMA,DB Search
WLSLQR,48.90,801.4497,6,0.1,401.73218,2,41.2229,25729,Vasilevskiy_L_different_L076_RZ_20240206_AV-1.raw,1.81E6,1,1,"",,F1CIX1|F1CIX1_HOTJU,DB Search
WTNIAC(+57.02)LIHNK,99.85,1368.6973,11,0.4,457.23987,3,49.9836,32819,Vasilevskiy_L_different_L076_RZ_20240206_AV-1.raw,3.27E5,2,2,"Carbamidomethylation",,A0A2I9LNV0|A0A2I9LNV0_9SCOR:A0A0C9RFL2|A0A0C9RFL2_TITBA:U6JRM9|U6JRM9_TITSE:A0A1E1WVU9|A0A1E1WVU9_TITOB,DB Search
WTNIAC(+57.02)LLHNK,99.85,1368.6973,11,0.4,457.23987,3,49.9836,32819,Vasilevskiy_L_different_L076_RZ_20240206_AV-1.raw,3.27E5,2,2,"Carbamidomethylation",,A0A1W7RAB2|A0A1W7RAB2_9SCOR,DB Search
WVN(+0.98)DIAILK,101.73,1071.5964,9,0.8,536.80591,2,59.9102,40967,Vasilevskiy_L_different_L076_RZ_20240206_AV-1.raw,5.23E5,2,2,"Deamidation (NQ)","N3:Deamidation (NQ):1000.00",E4VP22|E4VP22_MESEU:E4VP23|E4VP23_MESEU:E4VP49|E4VP49_MESEU,DB Search
WVNDIAILK,95.53,1070.6124,9,0.9,536.31396,2,57.6114,38939,Vasilevskiy_L_different_L076_RZ_20240206_AV-1.raw,2.56E7,1,1,"",,E4VP22|E4VP22_MESEU:E4VP23|E4VP23_MESEU:E4VP49|E4VP49_MESEU,DB Search
WVPTWSR,78.63,930.4712,7,0.7,466.24316,2,45.6252,29325,Vasilevskiy_L_different_L076_RZ_20240206_AV-1.raw,1.36E6,1,1,"",,M4GX67|SCBTY_MESMA:Q9NBW2|SCBT_MESMA,DB Search
WWIYAR,59.25,893.4548,6,0.7,447.73499,2,60.4445,41395,Vasilevskiy_L_different_L076_RZ_20240206_AV-1.raw,1.07E5,1,1,"",,P86100|HYAL1_MESMA:A0A7T9L322|A0A7T9L322_ANDCR,DB Search
WYYETNK,95.44,1002.4447,7,-2.4,502.22842,2,28.9844,16078,Vasilevskiy_L_different_L076_RZ_20240206_AV-1.raw,,0,0,"",,E4VP15|E4VP15_MESEU,DB Search
Y(+42.01)IADDRNC(+57.02)VYTC(+57.02)ALNPYC(+57.02)DSEC(+57.02)K,47.22,2928.1824,23,-2.7,733.05090,4,43.6802,27832,Vasilevskiy_L_different_L076_RZ_20240206_AV-1.raw,,0,0,"Acetylation (Protein N-term);Carbamidomethylation;Carbamidomethylation;Carbamidomethylation;Carbamidomethylation","Y1:Acetylation (Protein N-term):1000.00",P09982|SCXE_MESEU,DB Search
Y(+42.01)NC(+57.02)VYEC(+57.02)FRDSYC(+57.02)N(+0.98)DLC(+57.02)TKN(+0.98)GASSGYC(+57.02)QWAGK,91.08,3976.5532,32,-5.9,1326.51721,3,61.8310,42539,Vasilevskiy_L_different_L076_RZ_20240206_AV-1.raw,,0,0,"Acetylation (Protein N-term);Carbamidomethylation;Carbamidomethylation;Carbamidomethylation;Deamidation (NQ); more","Y1:Deamidation (NQ):0.00;C3:Deamidation (NQ):0.00",P01487|SCX3_LEIQU,DB Search
Y(+42.01)NC(+57.02)VYEC(+57.02)FRDSYC(+57.02)N(+0.98)DLC(+57.02)TKNGASSGYC(+57.02)QWAGK,88.14,3975.5691,32,-8.8,1326.18530,3,61.8734,42582,Vasilevskiy_L_different_L076_RZ_20240206_AV-1.raw,6.92E5,1,1,"Acetylation (Protein N-term);Carbamidomethylation;Carbamidomethylation;Carbamidomethylation;Deamidation (NQ); more","Y1:Deamidation (NQ):0.00",P01487|SCX3_LEIQU,DB Search
YAC(+57.02)PVIEK,94.69,978.4844,8,-0.3,490.24936,2,25.8410,13762,Vasilevskiy_L_different_L076_RZ_20240206_AV-1.raw,8.51E8,1,1,"Carbamidomethylation",,A0A088DB26|A0A088DB26_MESEU:A0A0K0LC08|A0A0K0LC08_9SCOR:E4VP34|E4VP34_MESEU:P0CH57|NDB51_MESEU:A0A0K0LCJ0|A0A0K0LCJ0_9SCOR:Q9NJC6|KBX2_MESMA:E4VP57|E4VP57_MESEU:A0A0K0LC09|A0A0K0LC09_9SCOR:A0A0K0LC11|A0A0K0LC11_9SCOR:A0A0U4GZ05|A0A0U4GZ05_ODODO:A0A088D9U2|A0A088D9U2_MESEU:B8XH36|B8XH36_BUTOS:A0A143MGJ8|A0A143MGJ8_MESEU:A0A0K0LC05|A0A0K0LC05_9SCOR:A0A088DAE8|A0A088DAE8_MESEU,DB Search
YANPGEFPWM(+15.99)VFIK,110.85,1713.8225,14,-0.1,572.28137,3,68.7898,48368,Vasilevskiy_L_different_L076_RZ_20240206_AV-1.raw,4.21E6,2,2,"Oxidation (M)","M10:Oxidation (M):1000.00",E4VP21|E4VP21_MESEU:F1CIY2|F1CIY2_HOTJU,DB Search
YANPGEFPWMVF,109.31,1456.6486,12,1.6,729.33270,2,69.8839,49345,Vasilevskiy_L_different_L076_RZ_20240206_AV-1.raw,1.19E6,1,1,"",,E4VP21|E4VP21_MESEU:F1CIY2|F1CIY2_HOTJU,DB Search
YANPGEFPWMVFIK,105.01,1697.8275,14,7.6,849.92749,2,69.4193,48901,Vasilevskiy_L_different_L076_RZ_20240206_AV-1.raw,5.27E7,4,4,"",,E4VP21|E4VP21_MESEU:F1CIY2|F1CIY2_HOTJU,DB Search
YAVPEGTLR,94.55,1004.5291,9,0.9,503.27225,2,30.4714,17164,Vasilevskiy_L_different_L076_RZ_20240206_AV-1.raw,1.11E8,1,1,"",,Q9N661|KBX1_MESMA:A0A143MI92|A0A143MI92_MESEU:A0A0U4H7F5|A0A0U4H7F5_ODODO:A0A059UI30|KBX1_MESGB,DB Search
YAVPESTLR,96.73,1034.5397,9,0.2,518.27722,2,30.4121,17210,Vasilevskiy_L_different_L076_RZ_20240206_AV-1.raw,1.65E8,1,1,"",,A0A5P8U361|A0A5P8U361_MESEU:A9XE59|KBX12_MESEU:B8XH40|KBX1_BUTOS:A9XE60|KBX11_MESEU:E4VP14|E4VP14_MESEU:E4VP56|E4VP56_MESEU:A0A088D9S1|A0A088D9S1_MESEU:A0A088DB53|A0A088DB53_MESEU,DB Search
YAVPESTLRT,94.40,1135.5873,10,-0.2,568.80084,2,32.3951,18641,Vasilevskiy_L_different_L076_RZ_20240206_AV-1.raw,3.23E6,1,1,"",,A0A5P8U361|A0A5P8U361_MESEU:A9XE59|KBX12_MESEU:B8XH40|KBX1_BUTOS:A9XE60|KBX11_MESEU:E4VP14|E4VP14_MESEU:E4VP56|E4VP56_MESEU:A0A088D9S1|A0A088D9S1_MESEU:A0A088DB53|A0A088DB53_MESEU,DB Search
YAYC(+57.02)WR,78.05,917.3854,6,0.6,459.70026,2,35.0196,20845,Vasilevskiy_L_different_L076_RZ_20240206_AV-1.raw,3.34E6,1,1,"Carbamidomethylation",,E4VP62|E4VP62_MESEU:A0A088D9T6|A0A088D9T6_MESEU,DB Search
YC(+57.02)DDHC(+57.02)QDIEKK,105.00,1609.6500,12,2.3,537.55853,3,16.5416,6340,Vasilevskiy_L_different_L076_RZ_20240206_AV-1.raw,,0,0,"Carbamidomethylation;Carbamidomethylation",,A9XE59|KBX12_MESEU:A9XE60|KBX11_MESEU:E4VP14|E4VP14_MESEU:E4VP56|E4VP56_MESEU,DB Search
YC(+57.02)DEEC(+57.02)KK,94.70,1130.4373,8,1.3,566.22662,2,15.9337,5904,Vasilevskiy_L_different_L076_RZ_20240206_AV-1.raw,,0,0,"Carbamidomethylation;Carbamidomethylation",,A0F0C1|A0F0C1_MESMA:P01490|SCXA_MESEU:P86408|SCXN1_MESEU:A0A0B5GD34|A0A0B5GD34_MESEU:D8UWD3|SCXN7_MESEU:A0A143FHE4|A0A143FHE4_MESEU,DB Search
YC(+57.02)EGAPK,87.94,823.3535,7,0.1,412.68402,2,16.4203,6239,Vasilevskiy_L_different_L076_RZ_20240206_AV-1.raw,9.8E6,1,1,"Carbamidomethylation",,A0A5P8U2P2|A0A5P8U2P2_MESEU:P0C5H3|SCB1_LEIHE:R4H564|R4H564_MESEU:P86406|SCXNF_MESEU:E4VP18|E4VP18_MESEU:E4VP15|E4VP15_MESEU:Q9UAC8|SCAT_MESMA,DB Search
YC(+57.02)ESPEK,50.70,911.3694,7,0.9,456.69241,2,16.3240,6170,Vasilevskiy_L_different_L076_RZ_20240206_AV-1.raw,2.57E7,1,1,"Carbamidomethylation",,A0A143MGX8|A0A143MGX8_MESEU:A0A088DB03|A0A088DB03_MESEU,DB Search
YC(+57.02)EVNSLGAMLIGK,96.77,1553.7582,14,0.9,777.88702,2,63.1534,43644,Vasilevskiy_L_different_L076_RZ_20240206_AV-1.raw,7.08E4,1,1,"Carbamidomethylation",,D2CFI7|LA1_MESMA,DB Search
YC(+57.02)KPDFGP,63.35,982.4218,8,9.6,492.22293,2,30.9284,17586,Vasilevskiy_L_different_L076_RZ_20240206_AV-1.raw,1.14E6,1,1,"Carbamidomethylation",,F1CIZ6|CL1A_HOTJU:B8XH22|CL758_BUTOS,DB Search
YC(+57.02)M(+15.99)TPK,69.55,814.3353,6,0.6,408.17520,2,15.9263,5897,Vasilevskiy_L_different_L076_RZ_20240206_AV-1.raw,,0,0,"Carbamidomethylation;Oxidation (M)","C2:Oxidation (M):1000.00",A0A088D9Q7|A0A088D9Q7_MESEU,DB Search
YC(+57.02)MTPK,74.52,798.3405,6,0.1,400.17752,2,19.9390,9154,Vasilevskiy_L_different_L076_RZ_20240206_AV-1.raw,1.98E7,1,1,"Carbamidomethylation",,A0A088D9Q7|A0A088D9Q7_MESEU,DB Search
YC(+57.02)NDLC(+57.02)TENGAESGYC(+57.02)QILGK,103.01,2451.0142,21,-0.7,818.01141,3,50.0046,32827,Vasilevskiy_L_different_L076_RZ_20240206_AV-1.raw,,0,0,"Carbamidomethylation;Carbamidomethylation;Carbamidomethylation",,P09981|SCX9_MESEU,DB Search
YC(+57.02)NDLC(+57.02)TENGAK,73.71,1443.5758,12,0.1,722.79529,2,21.4234,10353,Vasilevskiy_L_different_L076_RZ_20240206_AV-1.raw,,0,0,"Carbamidomethylation;Carbamidomethylation",,Q86BW9|MKTX2_MESMA:G4WFQ2|SCXND_MESEU,DB Search
YC(+57.02)NELC(+57.02)TK,91.98,1086.4474,8,-2.7,544.22949,2,24.7595,12925,Vasilevskiy_L_different_L076_RZ_20240206_AV-1.raw,,0,0,"Carbamidomethylation;Carbamidomethylation",,Q1EG64|Q1EG64_MESMA:P60256|SCXB_BUTOM:P17728|SCXA_LEIHE:Q9GQW3|SC12_MESMA:A0A0K0LBU4|A0A0K0LBU4_9SCOR:Q1EG65|Q1EG65_MESMA,DB Search
YC(+57.02)NSEC(+57.02)K,28.69,959.3477,7,0.9,480.68158,2,20.0083,9275,Vasilevskiy_L_different_L076_RZ_20240206_AV-1.raw,,0,0,"Carbamidomethylation;Carbamidomethylation",,Q68PG2|SCX13_CENEX:A0A146CJ08|A0A146CJ08_MESEU,DB Search
YC(+57.02)QIAP,86.24,750.3370,6,0.3,376.17590,2,31.1338,17718,Vasilevskiy_L_different_L076_RZ_20240206_AV-1.raw,3.39E6,1,1,"Carbamidomethylation",,P86100|HYAL1_MESMA:A0A0K0LBS4|A0A0K0LBS4_9SCOR:A0A7T9L322|A0A7T9L322_ANDCR,DB Search
YC(+57.02)QWFGR,92.30,1015.4334,7,0.6,508.72427,2,42.8406,27180,Vasilevskiy_L_different_L076_RZ_20240206_AV-1.raw,3.2E4,1,1,"Carbamidomethylation",,D8UWD8|SCXN9_MESEU:F1CJ49|F1CJ49_HOTJU:P84614|SCX28_HOTTS:A0A146CJ08|A0A146CJ08_MESEU:A0A0K0LBX2|A0A0K0LBX2_9SCOR:P86403|SCXN2_MESEU:Q86SE0|SCX2_ANDAM,DB Search
YC(+57.02)SEDPLDC(+57.02)N(+0.98)EHC(+57.02)K,101.28,1826.6545,14,1.3,609.89294,3,25.5336,13495,Vasilevskiy_L_different_L076_RZ_20240206_AV-1.raw,4.36E5,1,1,"Carbamidomethylation;Carbamidomethylation;Deamidation (NQ);Carbamidomethylation","C2:Deamidation (NQ):1000.00",A0A088D9S2|A0A088D9S2_MESEU,DB Search
YC(+57.02)SEDPLDC(+57.02)NEHC(+57.02)K,98.85,1825.6705,14,-0.4,609.56390,3,23.8859,12015,Vasilevskiy_L_different_L076_RZ_20240206_AV-1.raw,1.43E8,2,2,"Carbamidomethylation;Carbamidomethylation;Carbamidomethylation",,A0A088D9S2|A0A088D9S2_MESEU,DB Search
YC(+57.02)SEDPLEC(+57.02)NEHC(+57.02)K,105.02,1839.6862,14,-0.4,614.23578,3,24.0028,12139,Vasilevskiy_L_different_L076_RZ_20240206_AV-1.raw,1.29E7,2,2,"Carbamidomethylation;Carbamidomethylation;Carbamidomethylation",,E4VP20|E4VP20_MESEU,DB Search
YC(+57.02)TDMC(+57.02)K,29.28,976.3453,7,0.7,489.18027,2,39.2140,24245,Vasilevskiy_L_different_L076_RZ_20240206_AV-1.raw,,0,0,"Carbamidomethylation;Carbamidomethylation",,A0A146CIX6|A0A146CIX6_MESEU,DB Search
YC(+57.02)VFDFPAPMPVEGSHEK,110.78,2108.9336,18,-0.1,703.98505,3,61.8197,42504,Vasilevskiy_L_different_L076_RZ_20240206_AV-1.raw,1.99E6,1,1,"Carbamidomethylation",,A0A1W7RAR2|A0A1W7RAR2_9SCOR:A0A2I9LNV5|A0A2I9LNV5_9SCOR,DB Search
YC(+57.02)YFWK,96.47,965.4106,6,2.5,483.71375,2,50.9655,33620,Vasilevskiy_L_different_L076_RZ_20240206_AV-1.raw,2.89E5,2,2,"Carbamidomethylation",,F1CIV8|F1CIV8_HOTJU:F6K6F3|F6K6F3_MESEU:M4GX67|SCBTY_MESMA:A0A5P8U2P2|A0A5P8U2P2_MESEU:A0A0K0LBV3|A0A0K0LBV3_9SCOR:A0A0U1TZH3|A0A0U1TZH3_LYCMC:A0A0U1SCD9|A0A0U1SCD9_ISOMC:P21150|SIX4_ANDAU:E4VP18|E4VP18_MESEU:A0A0U1S5U0|A0A0U1S5U0_LYCMC:P0CI60|SNAY5_LYCMC:P0CI81|SNAY1_LYCMC:A0A0U1SJ71|A0A0U1SJ71_LYCMC:C0HLZ3|SCX1_CENBC:P86406|SCXNF_MESEU:P0DJK8|SCX2_ISOMC:A0A0U1SEX3|A0A0U1SEX3_ISOMC:A0A0U1TYC2|A0A0U1TYC2_ISOMC:F1CIW7|F1CIW7_HOTJU:D9U297|SNA1_LYCMC:Q9NBW2|SCBT_MESMA:P0CI53|SNAAL_LYCMC:F1CGT6|SCX9_CENSU:A0A0U1TZ49|A0A0U1TZ49_ISOMC:A0A0U1SCE6|A0A0U1SCE6_ISOMC:E4VP32|E4VP32_MESEU:A0A0U1TYI5|A0A0U1TYI5_LYCMC:D9U2A1|SNA17_LYCMC:A0A146CIX0|A0A146CIX0_MESEU:A0A2I9LPA3|A0A2I9LPA3_9SCOR:P0C5H3|SCB1_LEIHE:P0DPT3|SCXIT_ANDMA:R4H564|R4H564_MESEU:Q9UAC9|SCAS_MESMA:A0A0U1SE96|A0A0U1SE96_LYCMC:E4VP15|E4VP15_MESEU:Q9UAC8|SCAT_MESMA:R4H5E1|R4H5E1_MESEU:A0A146CJ61|A0A146CJ61_MESEU:P0CI59|SNAY2_LYCMC:A0A0U1SN99|A0A0U1SN99_LYCMC,DB Search
YC(+57.02)YN(+0.98)SRC(+57.02)WC(+57.02)EKLPDKDVTIWN(+0.98)AVK,115.30,3106.3987,24,-9.5,1036.46362,3,52.3696,34781,Vasilevskiy_L_different_L076_RZ_20240206_AV-1.raw,,0,0,"Carbamidomethylation;Deamidation (NQ);Carbamidomethylation;Carbamidomethylation;Deamidation (NQ)","C2:Deamidation (NQ):1000.00;N4:Deamidation (NQ):1000.00",A0A146CJ25|A0A146CJ25_MESEU,DB Search
YC(+57.02)YNSR,68.43,861.3439,6,1.7,431.67999,2,33.3274,19585,Vasilevskiy_L_different_L076_RZ_20240206_AV-1.raw,,0,0,"Carbamidomethylation",,Q6WJF5|LV1A_MESMA:E4VP63|E4VP63_MESEU:A0A146CJ25|A0A146CJ25_MESEU,DB Search
YDDMASAMK,95.80,1030.4099,9,0.4,516.21246,2,25.6988,13632,Vasilevskiy_L_different_L076_RZ_20240206_AV-1.raw,1.74E5,1,1,"",,A0A1W7RB80|A0A1W7RB80_9SCOR,DB Search
YEC(+57.02)FRDAYC(+57.02)N(+0.98)ELC(+57.02)TKNGASSGYC(+57.02)QWAGKYGNAC(+57.02)WC(+57.02)YALPDNVPIR,47.03,5445.2930,45,-0.3,1362.33008,4,65.3066,45449,Vasilevskiy_L_different_L076_RZ_20240206_AV-1.raw,2.16E6,1,1,"Carbamidomethylation;Carbamidomethylation;Deamidation (NQ);Carbamidomethylation;Carbamidomethylation; more","C3:Deamidation (NQ):0.00",P17728|SCXA_LEIHE,DB Search
YEC(+57.02)YNPK,101.69,972.4011,7,-7.2,973.40143,1,21.2785,10260,Vasilevskiy_L_different_L076_RZ_20240206_AV-1.raw,9.4E4,1,1,"Carbamidomethylation",,A0A5P8U2M3|A0A5P8U2M3_MESEU:P09981|SCX9_MESEU:A0A7D5FUD4|A0A7D5FUD4_MESEU:A0A5P8U2P7|A0A5P8U2P7_MESEU:A0A5P8U2Q8|A0A5P8U2Q8_MESEU,DB Search
YEEAATILK,96.61,1036.5441,9,0.8,519.27972,2,32.4650,18752,Vasilevskiy_L_different_L076_RZ_20240206_AV-1.raw,8.81E5,1,1,"",,A0A2I9LPE8|A0A2I9LPE8_9SCOR:A0AA49QCI2|A0AA49QCI2_9SCOR,DB Search
YESQLGK,92.33,823.4076,7,0.1,412.71112,2,18.3417,7872,Vasilevskiy_L_different_L076_RZ_20240206_AV-1.raw,1.13E6,1,1,"",,P86100|HYAL1_MESMA:A0A0C9RFM5|A0A0C9RFM5_TITBA:A0A1E1WWG5|A0A1E1WWG5_TITOB,DB Search
YFEPLYQWLK,94.38,1385.7019,10,0.9,693.85889,2,68.5930,48214,Vasilevskiy_L_different_L076_RZ_20240206_AV-1.raw,2.83E6,1,1,"",,A0A1S5QMZ5|A0A1S5QMZ5_TITSE,DB Search
YGEC(+57.02)LK,32.25,768.3476,6,-0.1,385.18106,2,18.9554,8380,Vasilevskiy_L_different_L076_RZ_20240206_AV-1.raw,1.19E6,1,1,"Carbamidomethylation",,A0A1B3IJ22|A0A1B3IJ22_9SCOR,DB Search
YGGSGYC(+57.02)YFWK,94.48,1386.5703,11,0.3,694.29266,2,56.0241,37650,Vasilevskiy_L_different_L076_RZ_20240206_AV-1.raw,1.76E7,1,1,"Carbamidomethylation",,M4GX67|SCBTY_MESMA:Q9NBW2|SCBT_MESMA:A0A146CJ61|A0A146CJ61_MESEU,DB Search
YGGVSSDVLRQ(+0.98)VSLPIWNNSEC(+57.02)DTK,27.37,2824.3337,25,0.9,707.09137,4,62.5731,43178,Vasilevskiy_L_different_L076_RZ_20240206_AV-1.raw,4.29E5,1,1,"Deamidation (NQ);Carbamidomethylation","Q11:Deamidation (NQ):34.75",A0A1S5QN69|A0A1S5QN69_TITSE,DB Search
YGLKNEDSTTM(+15.99)SHC(+57.02)DC(+57.02)DEEFFAC(+57.02)LK,114.02,3072.2246,25,-3.6,769.06067,4,45.1143,28911,Vasilevskiy_L_different_L076_RZ_20240206_AV-1.raw,2.27E5,1,1,"Oxidation (M);Carbamidomethylation;Carbamidomethylation;Carbamidomethylation","M11:Oxidation (M):1000.00",A0AA50AAI4|A0AA50AAI4_ANDCR,DB Search
YGLVTDDSK,94.34,996.4764,9,0.8,499.24588,2,25.8364,13758,Vasilevskiy_L_different_L076_RZ_20240206_AV-1.raw,1.05E9,4,4,"",,E4VNZ8|E4VNZ8_MESEU:E4VNZ7|E4VNZ7_MESEU,DB Search
YGLVTDDSKLN(+0.98)ER,99.46,1509.7311,13,1.0,504.25146,3,29.9429,16954,Vasilevskiy_L_different_L076_RZ_20240206_AV-1.raw,6.32E6,2,2,"Deamidation (NQ)","N11:Deamidation (NQ):1000.00",E4VNZ8|E4VNZ8_MESEU:E4VNZ7|E4VNZ7_MESEU,DB Search
YGLVTDDSKLNE,94.44,1352.6460,12,0.5,677.33057,2,36.0359,21775,Vasilevskiy_L_different_L076_RZ_20240206_AV-1.raw,2.47E6,1,1,"",,E4VNZ8|E4VNZ8_MESEU:E4VNZ7|E4VNZ7_MESEU,DB Search
YGLVTDDSKLNER,104.30,1508.7471,13,1.3,503.92361,3,27.7355,15157,Vasilevskiy_L_different_L076_RZ_20240206_AV-1.raw,4.95E7,3,3,"",,E4VNZ8|E4VNZ8_MESEU:E4VNZ7|E4VNZ7_MESEU,DB Search
YGN(+0.98)AC(+57.02)WC(+57.02)IN(+0.98)LPDDKPIRIPGK,91.44,2488.1877,21,8.4,830.41016,3,64.6843,44626,Vasilevskiy_L_different_L076_RZ_20240206_AV-1.raw,4.8E6,2,2,"Deamidation (NQ);Carbamidomethylation;Carbamidomethylation;Deamidation (NQ)","N3:Deamidation (NQ):1000.00;C5:Deamidation (NQ):1000.00",Q9NJC4|SC17_MESMA,DB Search
YGN(+0.98)AC(+57.02)WC(+57.02)IQ(+0.98)LPDNVPIR,98.46,2076.9397,17,0.9,693.32111,3,66.5843,46308,Vasilevskiy_L_different_L076_RZ_20240206_AV-1.raw,1.21E7,2,2,"Deamidation (NQ);Carbamidomethylation;Carbamidomethylation;Deamidation (NQ)","N3:Deamidation (NQ):112.07;C5:Deamidation (NQ):82.63",P09981|SCX9_MESEU:P59854|SCX7_MESMA,DB Search
YGN(+0.98)AC(+57.02)WC(+57.02)IQ(+0.98)LPDNVPIRIPGK,110.74,2472.1929,21,0.6,1237.10449,2,66.8824,46467,Vasilevskiy_L_different_L076_RZ_20240206_AV-1.raw,6.4E5,2,2,"Deamidation (NQ);Carbamidomethylation;Carbamidomethylation;Deamidation (NQ)","N3:Deamidation (NQ):57.10;C5:Deamidation (NQ):49.79",P09981|SCX9_MESEU,DB Search
YGN(+0.98)AC(+57.02)WC(+57.02)IQLPDNVPIR,97.94,2075.9558,17,1.0,1038.98621,2,65.8254,46091,Vasilevskiy_L_different_L076_RZ_20240206_AV-1.raw,2.85E8,2,2,"Deamidation (NQ);Carbamidomethylation;Carbamidomethylation","N3:Deamidation (NQ):52.81",P09981|SCX9_MESEU:P59854|SCX7_MESMA,DB Search
YGN(+0.98)AC(+57.02)WC(+57.02)IQLPDNVPIRVPGR,108.39,2485.1995,21,5.8,829.41187,3,67.3354,47108,Vasilevskiy_L_different_L076_RZ_20240206_AV-1.raw,5.33E5,1,1,"Deamidation (NQ);Carbamidomethylation;Carbamidomethylation","N3:Deamidation (NQ):41.94",P59854|SCX7_MESMA,DB Search
YGN(+0.98)GC(+57.02)WC(+57.02)IALPDN(+0.98)VPIRIPGK,98.97,2401.1558,21,8.9,801.39966,3,66.1360,46110,Vasilevskiy_L_different_L076_RZ_20240206_AV-1.raw,,0,0,"Deamidation (NQ);Carbamidomethylation;Carbamidomethylation;Deamidation (NQ)","N3:Deamidation (NQ):1000.00;C5:Deamidation (NQ):1000.00",D8UWD5|SCXN8_MESEU:D8UWD6|SCXNA_MESEU:E7CZZ0|SCXNB_MESEU:E7D082|SCX5B_MESEU:P86405|SCXN5_MESEU,DB Search
YGN(+0.98)GC(+57.02)WC(+57.02)IALPDNVPIR,105.02,2004.9186,17,0.4,1003.46692,2,65.9783,46013,Vasilevskiy_L_different_L076_RZ_20240206_AV-1.raw,1.72E5,3,3,"Deamidation (NQ);Carbamidomethylation;Carbamidomethylation","N3:Deamidation (NQ):164.65",D8UWD5|SCXN8_MESEU:D8UWD6|SCXNA_MESEU:E7CZZ0|SCXNB_MESEU:E7D082|SCX5B_MESEU:P86405|SCXN5_MESEU,DB Search
YGN(+0.98)GC(+57.02)WC(+57.02)IALPDNVPIRIPGK,103.90,2400.1719,21,-3.9,801.06146,3,66.1518,46160,Vasilevskiy_L_different_L076_RZ_20240206_AV-1.raw,3.44E5,1,1,"Deamidation (NQ);Carbamidomethylation;Carbamidomethylation","N3:Deamidation (NQ):66.12",D8UWD5|SCXN8_MESEU:D8UWD6|SCXNA_MESEU:E7CZZ0|SCXNB_MESEU:E7D082|SCX5B_MESEU:P86405|SCXN5_MESEU,DB Search
YGNAC(+57.02)WC(+57.02),92.21,929.3160,7,-0.3,465.66513,2,33.9413,19971,Vasilevskiy_L_different_L076_RZ_20240206_AV-1.raw,1.38E6,1,1,"Carbamidomethylation;Carbamidomethylation",,A0A5P8U2M3|A0A5P8U2M3_MESEU:B6A8R9|B6A8R9_MESMA:P01488|SCX1_BUTOC:P17728|SCXA_LEIHE:P56569|MKTX1_MESMA:P59854|SCX7_MESMA:Q56TT9|SCIT_HOTJU:P58328|SCX4_MESMA:Q86BW9|MKTX2_MESMA:P84646|SCX1_ODODO:F0V3W0|F0V3W0_HOTJU:A0A5P8U2Q8|A0A5P8U2Q8_MESEU:B8XGZ0|B8XGZ0_BUTOS:Q9NJC7|SC11_MESMA:P0DMH9|SCX47_MESMA:Q9NJC8|SC13_MESMA:P01487|SCX3_LEIQU:A0A0U1TXT4|A0A0U1TXT4_LYCMC:A0A5P8U2P7|A0A5P8U2P7_MESEU:B8XGY7|B8XGY7_BUTOS:Q86SE0|SCX2_ANDAM:Q9NJC4|SC17_MESMA:B8XGY1|B8XGY1_BUTOS:F1CJ49|F1CJ49_HOTJU:O61705|SCXA_MESMA:A0A146CJC0|A0A146CJC0_MESEU:P59354|SCX4_BUTOM:B8XGZ6|B8XGZ6_BUTOS:B8XGY3|B8XGY3_BUTOS:Q6IZE1|Q6IZE1_MESMA:Q9NJC5|SC10_MESMA:P01489|SCX4_LEIQU:P60257|SCXC_BUTOM:A0A146CJ90|A0A146CJ90_MESEU:F1CJ53|F1CJ53_HOTJU:P01486|SCXB_BUTOC:A0F0C1|A0F0C1_MESMA:P83644|SCX4_LEIHE:P09981|SCX9_MESEU:P45698|SCX9_MESMA:P55902|SIX1_BUTOC:P59853|MKTX3_MESMA:Q9N682|SCXB_MESMA:B6A8S0|B6A8S0_MESMA,DB Search
YGNAC(+57.02)WC(+57.02)IDLPDNVPIR,96.17,2061.9399,17,1.8,1031.97913,2,65.2715,45403,Vasilevskiy_L_different_L076_RZ_20240206_AV-1.raw,5.01E5,2,2,"Carbamidomethylation;Carbamidomethylation",,A0A5P8U2M3|A0A5P8U2M3_MESEU:A0A5P8U2P7|A0A5P8U2P7_MESEU:A0A5P8U2Q8|A0A5P8U2Q8_MESEU,DB Search
YGNAC(+57.02)WC(+57.02)IDLPDNVPIRIPGK,105.25,2457.1934,21,1.5,820.07294,3,64.5089,44784,Vasilevskiy_L_different_L076_RZ_20240206_AV-1.raw,2.88E6,2,2,"Carbamidomethylation;Carbamidomethylation",,A0A5P8U2M3|A0A5P8U2M3_MESEU:A0A5P8U2P7|A0A5P8U2P7_MESEU:A0A5P8U2Q8|A0A5P8U2Q8_MESEU,DB Search
YGNAC(+57.02)WC(+57.02)IELPDNVPIR,105.02,2075.9558,17,9.3,692.99896,3,65.2341,45476,Vasilevskiy_L_different_L076_RZ_20240206_AV-1.raw,8.19E7,2,2,"Carbamidomethylation;Carbamidomethylation",,Q9NJC5|SC10_MESMA,DB Search
YGNAC(+57.02)WC(+57.02)IN(+0.98)LPDDKPIR,91.54,2091.9507,17,0.8,1046.98340,2,65.1390,45275,Vasilevskiy_L_different_L076_RZ_20240206_AV-1.raw,2.94E5,2,2,"Carbamidomethylation;Carbamidomethylation;Deamidation (NQ)","C5:Deamidation (NQ):34.90",Q9NJC4|SC17_MESMA,DB Search
YGNAC(+57.02)WC(+57.02)IN(+0.98)LPDDKPIRIPGK,111.96,2487.2039,21,7.8,830.08173,3,60.4582,41407,Vasilevskiy_L_different_L076_RZ_20240206_AV-1.raw,4.96E4,1,1,"Carbamidomethylation;Carbamidomethylation;Deamidation (NQ)","C5:Deamidation (NQ):22.09",Q9NJC4|SC17_MESMA,DB Search
YGNAC(+57.02)WC(+57.02)IN(+0.98)LPDKVPIRIPGA,66.85,2414.1875,21,5.9,805.74115,3,65.7297,45747,Vasilevskiy_L_different_L076_RZ_20240206_AV-1.raw,3.84E5,1,1,"Carbamidomethylation;Carbamidomethylation;Deamidation (NQ)","C5:Deamidation (NQ):89.47",B8XGY1|B8XGY1_BUTOS:F1CJ53|F1CJ53_HOTJU:Q56TT9|SCIT_HOTJU:B8XGY7|B8XGY7_BUTOS:F0V3W0|F0V3W0_HOTJU,DB Search
YGNAC(+57.02)WC(+57.02)INLPDDKPIR,63.60,2090.9666,17,-2.0,1046.48853,2,64.8727,45011,Vasilevskiy_L_different_L076_RZ_20240206_AV-1.raw,6.12E5,2,2,"Carbamidomethylation;Carbamidomethylation",,Q9NJC4|SC17_MESMA,DB Search
YGNAC(+57.02)WC(+57.02)INLPDDKPIRI,59.20,2204.0505,18,-2.2,735.68921,3,59.8078,40888,Vasilevskiy_L_different_L076_RZ_20240206_AV-1.raw,4.13E5,1,1,"Carbamidomethylation;Carbamidomethylation",,Q9NJC4|SC17_MESMA,DB Search
YGNAC(+57.02)WC(+57.02)INLPDDKPIRIPGK,117.31,2486.2197,21,-1.4,829.74609,3,61.2304,42012,Vasilevskiy_L_different_L076_RZ_20240206_AV-1.raw,3.89E7,5,5,"Carbamidomethylation;Carbamidomethylation",,Q9NJC4|SC17_MESMA,DB Search
YGNAC(+57.02)WC(+57.02)INLPDKVPIRIPGA,98.73,2413.2034,21,-2.8,805.40619,3,65.7363,45771,Vasilevskiy_L_different_L076_RZ_20240206_AV-1.raw,,0,0,"Carbamidomethylation;Carbamidomethylation",,B8XGY1|B8XGY1_BUTOS:F1CJ53|F1CJ53_HOTJU:Q56TT9|SCIT_HOTJU:B8XGY7|B8XGY7_BUTOS:F0V3W0|F0V3W0_HOTJU,DB Search
YGNAC(+57.02)WC(+57.02)IQ(+0.98)LPDNVPIR,98.26,2075.9558,17,5.6,1038.99097,2,65.5634,45631,Vasilevskiy_L_different_L076_RZ_20240206_AV-1.raw,,0,0,"Carbamidomethylation;Carbamidomethylation;Deamidation (NQ)","C5:Deamidation (NQ):70.48",P09981|SCX9_MESEU:P59854|SCX7_MESMA,DB Search
YGNAC(+57.02)WC(+57.02)IQ(+0.98)LPDNVPIRIPGK,110.89,2471.2090,21,5.8,824.74835,3,67.2674,47046,Vasilevskiy_L_different_L076_RZ_20240206_AV-1.raw,1.34E7,1,1,"Carbamidomethylation;Carbamidomethylation;Deamidation (NQ)","C5:Deamidation (NQ):36.24",P09981|SCX9_MESEU,DB Search
YGNAC(+57.02)WC(+57.02)IQLPDNVPIR,110.82,2074.9717,17,-1.3,519.74951,4,65.2385,45406,Vasilevskiy_L_different_L076_RZ_20240206_AV-1.raw,4.58E8,3,3,"Carbamidomethylation;Carbamidomethylation",,P09981|SCX9_MESEU:P59854|SCX7_MESMA,DB Search
YGNAC(+57.02)WC(+57.02)IQLPDNVPIRIPG,103.02,2342.1299,20,0.8,781.71790,3,68.2914,47924,Vasilevskiy_L_different_L076_RZ_20240206_AV-1.raw,,0,0,"Carbamidomethylation;Carbamidomethylation",,P09981|SCX9_MESEU,DB Search
YGNAC(+57.02)WC(+57.02)IQLPDNVPIRIPGK,113.04,2470.2249,21,2.9,1236.12329,2,65.2040,45332,Vasilevskiy_L_different_L076_RZ_20240206_AV-1.raw,1.31E9,4,4,"Carbamidomethylation;Carbamidomethylation",,P09981|SCX9_MESEU,DB Search
YGNAC(+57.02)WC(+57.02)IQLPDNVPIRIPGKC(+57.02),99.17,2630.2556,22,-1.4,877.75787,3,65.8101,45834,Vasilevskiy_L_different_L076_RZ_20240206_AV-1.raw,,0,0,"Carbamidomethylation;Carbamidomethylation;Carbamidomethylation",,P09981|SCX9_MESEU,DB Search
YGNAC(+57.02)WC(+57.02)KDLPDNVPIRIPGK,102.27,2472.2041,21,-2.7,825.07312,3,66.9151,46432,Vasilevskiy_L_different_L076_RZ_20240206_AV-1.raw,1.22E7,1,1,"Carbamidomethylation;Carbamidomethylation",,P01488|SCX1_BUTOC,DB Search
YGNAC(+57.02)WC(+57.02)YK,96.96,1220.4742,9,0.5,611.24475,2,32.5782,18960,Vasilevskiy_L_different_L076_RZ_20240206_AV-1.raw,5.54E5,1,1,"Carbamidomethylation;Carbamidomethylation",,P01481|SCX5_LEIQU:M1JMR8|SCX8_ANDCR:P01490|SCXA_MESEU:Q95P69|SCAA_MESMA:D8UWD3|SCXN7_MESEU:Q1EG63|Q1EG63_MESMA:A0A7D5FUD4|A0A7D5FUD4_MESEU:A0A143FHE4|A0A143FHE4_MESEU:Q4TUA4|SCA4_MESMA:Q49S27|Q49S27_MESMA:G4V3T9|SCAA2_MESMA:P01486|SCXB_BUTOC:Q9GNG8|SC15_MESMA:A0F0C1|A0F0C1_MESMA:P86408|SCXN1_MESEU:Q9NJC7|SC11_MESMA:Q9GUA7|SCA3_MESMA:P01482|SCX5_ANDMA:P82815|SCBK_MESMA:Q9GYX2|SCA1_MESMA,DB Search
YGNGC(+57.02)WC(+57.02)IALPDNVPIRIPGK,105.02,2399.1877,21,2.0,800.73816,3,65.4373,45473,Vasilevskiy_L_different_L076_RZ_20240206_AV-1.raw,9.71E5,1,1,"Carbamidomethylation;Carbamidomethylation",,D8UWD5|SCXN8_MESEU:D8UWD6|SCXNA_MESEU:E7CZZ0|SCXNB_MESEU:E7D082|SCX5B_MESEU:P86405|SCXN5_MESEU,DB Search
YGNGC(+57.02)WC(+57.02)IELPDNVPIR,101.39,2061.9399,17,1.7,1031.97900,2,63.6155,44076,Vasilevskiy_L_different_L076_RZ_20240206_AV-1.raw,1.94E5,1,1,"Carbamidomethylation;Carbamidomethylation",,P45697|SCM1_MESMA:Q6IZE0|Q6IZE0_MESMA:P59360|SCX2_MESMA:G4WFQ2|SCXND_MESEU:P58488|SCM2_MESMA,DB Search
YGVSGYPTLK,101.28,1083.5601,10,0.7,542.78766,2,36.8040,22538,Vasilevskiy_L_different_L076_RZ_20240206_AV-1.raw,1.11E6,1,1,"",,A0A2I9LPE8|A0A2I9LPE8_9SCOR:A0AA49QCI2|A0AA49QCI2_9SCOR,DB Search
YGYC(+57.02)YFWK,104.91,1185.4954,8,-2.3,593.75360,2,57.7373,39168,Vasilevskiy_L_different_L076_RZ_20240206_AV-1.raw,2.19E7,1,1,"Carbamidomethylation",,F1CIV8|F1CIV8_HOTJU:F6K6F3|F6K6F3_MESEU:A0A5P8U2P2|A0A5P8U2P2_MESEU:A0A0K0LBV3|A0A0K0LBV3_9SCOR:A0A0U1TZH3|A0A0U1TZH3_LYCMC:P21150|SIX4_ANDAU:E4VP18|E4VP18_MESEU:P0CI60|SNAY5_LYCMC:P0CI81|SNAY1_LYCMC:A0A0U1SJ71|A0A0U1SJ71_LYCMC:P86406|SCXNF_MESEU:A0A0U1TYC2|A0A0U1TYC2_ISOMC:E4VP32|E4VP32_MESEU:A0A0U1TYI5|A0A0U1TYI5_LYCMC:A0A146CIX0|A0A146CIX0_MESEU:P0C5H3|SCB1_LEIHE:P0DPT3|SCXIT_ANDMA:R4H564|R4H564_MESEU:Q9UAC9|SCAS_MESMA:A0A0U1SE96|A0A0U1SE96_LYCMC:E4VP15|E4VP15_MESEU:Q9UAC8|SCAT_MESMA:R4H5E1|R4H5E1_MESEU:P0CI59|SNAY2_LYCMC:A0A0U1SN99|A0A0U1SN99_LYCMC,DB Search
YGYC(+57.02)YK,82.68,852.3476,6,0.0,427.18109,2,22.8104,11469,Vasilevskiy_L_different_L076_RZ_20240206_AV-1.raw,3.22E5,1,1,"Carbamidomethylation",,B8XH11|B8XH11_BUTOS:B8XH20|B8XH20_BUTOS:P60163|SCX2_CENGR:Q94435|SCXA_CENNO:Q6V4Y2|Q6V4Y2_CENNO,DB Search
YGYC(+57.02)YN(+0.98)SR,103.10,1082.4127,8,0.5,542.21393,2,24.0296,12355,Vasilevskiy_L_different_L076_RZ_20240206_AV-1.raw,1.29E5,1,1,"Carbamidomethylation;Deamidation (NQ)","C4:Deamidation (NQ):1000.00",Q6WJF5|LV1A_MESMA:E4VP63|E4VP63_MESEU:A0A146CJ25|A0A146CJ25_MESEU,DB Search
YGYC(+57.02)YNSR,102.68,1081.4287,8,0.7,541.72205,2,23.1892,11779,Vasilevskiy_L_different_L076_RZ_20240206_AV-1.raw,2.16E6,1,1,"Carbamidomethylation",,Q6WJF5|LV1A_MESMA:E4VP63|E4VP63_MESEU:A0A146CJ25|A0A146CJ25_MESEU,DB Search
YHAQ(+0.98)WIK,95.63,945.4708,7,0.9,316.16449,3,26.3320,14132,Vasilevskiy_L_different_L076_RZ_20240206_AV-1.raw,,0,0,"Deamidation (NQ)","Q4:Deamidation (NQ):1000.00",E4VP53|E4VP53_MESEU:E4VP23|E4VP23_MESEU:E4VP49|E4VP49_MESEU,DB Search
YHAQWIK,103.54,944.4868,7,0.9,315.83649,3,24.7794,12845,Vasilevskiy_L_different_L076_RZ_20240206_AV-1.raw,2.07E8,3,3,"",,E4VP53|E4VP53_MESEU:E4VP23|E4VP23_MESEU:E4VP49|E4VP49_MESEU,DB Search
YHDC(+57.02)VLYC(+57.02)QMFGQQGK,99.94,2032.8594,16,-0.3,678.62689,3,49.7500,32598,Vasilevskiy_L_different_L076_RZ_20240206_AV-1.raw,3.68E5,1,1,"Carbamidomethylation;Carbamidomethylation",,A0A088D9U7|A0A088D9U7_MESEU,DB Search
YHEDIFGITLR,100.11,1362.6931,11,0.8,455.23871,3,59.0119,40211,Vasilevskiy_L_different_L076_RZ_20240206_AV-1.raw,6.27E4,1,1,"",,A0A1W7RA54|A0A1W7RA54_9SCOR,DB Search
YIADDKNC(+57.02)AYFC(+57.02)GR,110.32,1751.7395,14,1.2,584.92114,3,30.6861,17440,Vasilevskiy_L_different_L076_RZ_20240206_AV-1.raw,2.84E6,2,2,"Carbamidomethylation;Carbamidomethylation",,Q9GNG8|SC15_MESMA:P86408|SCXN1_MESEU:Q9GUA7|SCA3_MESMA:Q95P69|SCAA_MESMA:A0A0B5GD34|A0A0B5GD34_MESEU:D8UWD3|SCXN7_MESEU:Q1EG63|Q1EG63_MESMA:P82815|SCBK_MESMA:Q4TUA4|SCA4_MESMA:A0A143FHE4|A0A143FHE4_MESEU:Q49S27|Q49S27_MESMA,DB Search
YIADDR,30.38,751.3500,6,0.3,376.68240,2,17.2555,6915,Vasilevskiy_L_different_L076_RZ_20240206_AV-1.raw,7.02E6,1,1,"",,A0F0C1|A0F0C1_MESMA:P09982|SCXE_MESEU:Q9NJC7|SC11_MESMA,DB Search
YIADDRN(+0.98)C(+57.02)VYTC(+57.02)ALN(+0.98)PYC(+57.02)DSEC(+57.02)K,109.90,2888.1396,23,3.7,963.72406,3,47.5773,30941,Vasilevskiy_L_different_L076_RZ_20240206_AV-1.raw,,0,0,"Deamidation (NQ);Carbamidomethylation;Carbamidomethylation;Deamidation (NQ);Carbamidomethylation; more","N7:Deamidation (NQ):1000.00;C8:Deamidation (NQ):1000.00",P09982|SCXE_MESEU,DB Search
YIADDRNC(+57.02)VYTC(+57.02)ALN(+0.98)PYC(+57.02)DSEC(+57.02)KK,96.24,3015.2507,24,8.2,1006.09906,3,42.7048,27023,Vasilevskiy_L_different_L076_RZ_20240206_AV-1.raw,,0,0,"Carbamidomethylation;Carbamidomethylation;Deamidation (NQ);Carbamidomethylation;Carbamidomethylation","C8:Deamidation (NQ):18.78",P09982|SCXE_MESEU,DB Search
YIADDRNC(+57.02)VYTC(+57.02)ALNPYC(+57.02)DSEC(+57.02)K,105.02,2886.1716,23,0.9,963.06537,3,47.8313,31072,Vasilevskiy_L_different_L076_RZ_20240206_AV-1.raw,2.03E6,1,1,"Carbamidomethylation;Carbamidomethylation;Carbamidomethylation;Carbamidomethylation",,P09982|SCXE_MESEU,DB Search
YIADDRNC(+57.02)VYTC(+57.02)ALNPYC(+57.02)DSEC(+57.02)KK,110.34,3014.2666,24,0.0,754.57391,4,42.7294,26963,Vasilevskiy_L_different_L076_RZ_20240206_AV-1.raw,5.09E6,2,2,"Carbamidomethylation;Carbamidomethylation;Carbamidomethylation;Carbamidomethylation",,P09982|SCXE_MESEU,DB Search
YIAKN(+0.98)YNC(+57.02)VYEC(+57.02)FRDSYC(+57.02)N(+0.98)DLC(+57.02)TKN(+0.98)GASSGYC(+57.02)QWAGK,36.39,4524.8491,37,2.5,905.97931,5,54.3813,36424,Vasilevskiy_L_different_L076_RZ_20240206_AV-1.raw,6.64E4,1,1,"Deamidation (NQ);Carbamidomethylation;Carbamidomethylation;Carbamidomethylation;Deamidation (NQ); more","N5:Deamidation (NQ):0.00;C8:Deamidation (NQ):0.35;C12:Deamidation (NQ):0.05",P01487|SCX3_LEIQU,DB Search
YIAKNYNC(+57.02)VYEC(+57.02)FRDSYC(+57.02)NDLC(+57.02)TKNGASSGYC(+57.02)QWAGK,37.62,4521.8970,37,-4.1,905.38300,5,54.4042,36437,Vasilevskiy_L_different_L076_RZ_20240206_AV-1.raw,,0,0,"Carbamidomethylation;Carbamidomethylation;Carbamidomethylation;Carbamidomethylation;Carbamidomethylation",,P01487|SCX3_LEIQU,DB Search
YIAN(+0.98)DRNC(+57.02)VYTC(+57.02)ALNPYC(+57.02)DSEC(+57.02)KK,104.35,3014.2666,24,5.2,1005.76807,3,42.6155,27023,Vasilevskiy_L_different_L076_RZ_20240206_AV-1.raw,6.66E5,1,1,"Deamidation (NQ);Carbamidomethylation;Carbamidomethylation;Carbamidomethylation;Carbamidomethylation","N4:Deamidation (NQ):9.42",D8UWD8|SCXN9_MESEU:P86403|SCXN2_MESEU,DB Search
YIANDR,74.06,750.3660,6,0.4,376.19046,2,20.1138,9327,Vasilevskiy_L_different_L076_RZ_20240206_AV-1.raw,2.45E7,4,4,"",,D8UWD8|SCXN9_MESEU:A0A146CJ08|A0A146CJ08_MESEU:A0A0K0LBX2|A0A0K0LBX2_9SCOR:P86403|SCXN2_MESEU,DB Search
YIANDRN(+0.98)C(+57.02)VYTC(+57.02)ALNPYC(+57.02)DSEC(+57.02)K,105.02,2886.1716,23,-0.6,963.06390,3,45.3712,29067,Vasilevskiy_L_different_L076_RZ_20240206_AV-1.raw,4.98E6,1,1,"Deamidation (NQ);Carbamidomethylation;Carbamidomethylation;Carbamidomethylation;Carbamidomethylation","N7:Deamidation (NQ):6.63",D8UWD8|SCXN9_MESEU:P86403|SCXN2_MESEU,DB Search
YIANDRN(+0.98)C(+57.02)VYTC(+57.02)ALNPYC(+57.02)DSEC(+57.02)KK,105.13,3014.2666,24,-0.9,754.57324,4,39.9190,24785,Vasilevskiy_L_different_L076_RZ_20240206_AV-1.raw,8.72E6,1,1,"Deamidation (NQ);Carbamidomethylation;Carbamidomethylation;Carbamidomethylation;Carbamidomethylation","N7:Deamidation (NQ):0.00",D8UWD8|SCXN9_MESEU:P86403|SCXN2_MESEU,DB Search
YIANDRNC(+57.02)VYTC(+57.02)ALNPYC(+57.02)DSEC(+57.02)KK,106.34,3013.2827,24,2.9,1005.43774,3,42.6429,26973,Vasilevskiy_L_different_L076_RZ_20240206_AV-1.raw,,0,0,"Carbamidomethylation;Carbamidomethylation;Carbamidomethylation;Carbamidomethylation",,D8UWD8|SCXN9_MESEU:P86403|SCXN2_MESEU,DB Search
YIAQ(+0.98)N(+0.98)YN(+0.98)C(+57.02)VYFC(+57.02)MKDDYC(+57.02)NDLC(+57.02)TKNGASSGYC(+57.02)QWAGK,56.79,4526.7993,37,4.1,906.37085,5,54.5932,36595,Vasilevskiy_L_different_L076_RZ_20240206_AV-1.raw,,0,0,"Deamidation (NQ);Deamidation (NQ);Deamidation (NQ);Carbamidomethylation;Carbamidomethylation; more","Q4:Deamidation (NQ):0.00;N5:Deamidation (NQ):0.00;N7:Deamidation (NQ):0.00",P55902|SIX1_BUTOC,DB Search
YIAQ(+0.98)N(+0.98)YNC(+57.02)VYFC(+57.02)MKDDYC(+57.02)NDLC(+57.02)TKNGASSGYC(+57.02)QWAGK,84.20,4525.8154,37,-3.1,1132.45764,4,55.1605,37061,Vasilevskiy_L_different_L076_RZ_20240206_AV-1.raw,,0,0,"Deamidation (NQ);Deamidation (NQ);Carbamidomethylation;Carbamidomethylation;Carbamidomethylation; more","Q4:Deamidation (NQ):0.00;N5:Deamidation (NQ):0.00",P55902|SIX1_BUTOC,DB Search
YIAQ(+0.98)NYNC(+57.02)VYFC(+57.02)MKDDYC(+57.02)N(+0.98)DLC(+57.02)TKN(+0.98)GASSGYC(+57.02)QWAGK,56.86,4526.7993,37,3.5,1132.71106,4,54.5152,36421,Vasilevskiy_L_different_L076_RZ_20240206_AV-1.raw,1.95E6,1,1,"Deamidation (NQ);Carbamidomethylation;Carbamidomethylation;Carbamidomethylation;Deamidation (NQ); more","Q4:Deamidation (NQ):0.00;C8:Deamidation (NQ):0.00;C12:Deamidation (NQ):0.00",P55902|SIX1_BUTOC,DB Search
YIAQ(+0.98)NYNC(+57.02)VYFC(+57.02)MKDDYC(+57.02)NDLC(+57.02)TKNGASSGYC(+57.02)QWAGK,48.90,4524.8311,37,6.4,905.97931,5,54.3813,36456,Vasilevskiy_L_different_L076_RZ_20240206_AV-1.raw,1.33E5,1,1,"Deamidation (NQ);Carbamidomethylation;Carbamidomethylation;Carbamidomethylation;Carbamidomethylation; more","Q4:Deamidation (NQ):0.00",P55902|SIX1_BUTOC,DB Search
YIAQNYN(+0.98)C(+57.02)VYFC(+57.02)LKDDYC(+57.02)NDLC(+57.02)TKNGASSGYC(+57.02)QWAGK,93.36,4506.8750,37,-8.1,902.37494,5,54.9609,36895,Vasilevskiy_L_different_L076_RZ_20240206_AV-1.raw,,0,0,"Deamidation (NQ);Carbamidomethylation;Carbamidomethylation;Carbamidomethylation;Carbamidomethylation; more","N7:Deamidation (NQ):0.00",B8XGZ0|B8XGZ0_BUTOS,DB Search
YIAQNYNC(+57.02)VYFC(+57.02)LKDDYC(+57.02)NDLC(+57.02)TKN(+0.98)GASSGYC(+57.02)QWAGK,89.13,4506.8750,37,-8.5,752.14673,6,54.4818,36520,Vasilevskiy_L_different_L076_RZ_20240206_AV-1.raw,8.12E4,1,1,"Carbamidomethylation;Carbamidomethylation;Carbamidomethylation;Carbamidomethylation;Deamidation (NQ); more","C8:Deamidation (NQ):0.00",B8XGZ0|B8XGZ0_BUTOS,DB Search
YIAQNYNC(+57.02)VYFC(+57.02)MKDDYC(+57.02)NDLC(+57.02)TKNGASSGYC(+57.02)QWAGK,29.65,4523.8472,37,-1.4,905.77545,5,54.4278,36456,Vasilevskiy_L_different_L076_RZ_20240206_AV-1.raw,,0,0,"Carbamidomethylation;Carbamidomethylation;Carbamidomethylation;Carbamidomethylation;Carbamidomethylation",,P55902|SIX1_BUTOC,DB Search
YIGGDWETVDADTR,96.49,1596.7056,14,0.6,799.36053,2,47.4781,30795,Vasilevskiy_L_different_L076_RZ_20240206_AV-1.raw,4.67E5,1,1,"",,A0A0U1TZ48|A0A0U1TZ48_ISOMC,DB Search
YILPGTK,76.94,790.4589,7,-0.2,396.23663,2,30.6327,17434,Vasilevskiy_L_different_L076_RZ_20240206_AV-1.raw,1.01E5,1,1,"",,P86100|HYAL1_MESMA,DB Search
YKLPDKVPIK,103.93,1199.7278,10,0.5,400.91675,3,29.8007,16494,Vasilevskiy_L_different_L076_RZ_20240206_AV-1.raw,1.43E7,3,3,"",,P86408|SCXN1_MESEU:D8UWD3|SCXN7_MESEU:A0A143FHE4|A0A143FHE4_MESEU,DB Search
YKPETIEISEENVR,110.41,1705.8523,14,-0.8,853.93274,2,34.4165,20472,Vasilevskiy_L_different_L076_RZ_20240206_AV-1.raw,1.22E6,1,1,"",,F1CJ13|F1CJ13_HOTJU,DB Search
YKVN(+0.98)C(+57.02)ER,86.26,968.4385,7,-3.6,485.22482,2,16.9267,6670,Vasilevskiy_L_different_L076_RZ_20240206_AV-1.raw,,0,0,"Deamidation (NQ);Carbamidomethylation","N4:Deamidation (NQ):1000.00",A0A059UI24|A0A059UI24_MESGB,DB Search
YKVNC(+57.02)ER,97.22,967.4545,7,1.0,323.49243,3,16.1037,6044,Vasilevskiy_L_different_L076_RZ_20240206_AV-1.raw,,0,0,"Carbamidomethylation",,A0A059UI24|A0A059UI24_MESGB,DB Search
YLAEVATGDQR,96.49,1221.5990,11,1.0,611.80737,2,25.9227,13826,Vasilevskiy_L_different_L076_RZ_20240206_AV-1.raw,,0,0,"",,A0A1W7RB80|A0A1W7RB80_9SCOR,DB Search
YLFPDC(+57.02)YNYGGKDQPSQYFC(+57.02)K,102.48,2649.1304,21,-4.1,884.04712,3,56.7780,38373,Vasilevskiy_L_different_L076_RZ_20240206_AV-1.raw,1.12E5,1,1,"Carbamidomethylation;Carbamidomethylation",,A0A7T9L322|A0A7T9L322_ANDCR,DB Search
YLGFRPDLAR,104.80,1206.6509,10,0.7,403.22452,3,42.4855,26851,Vasilevskiy_L_different_L076_RZ_20240206_AV-1.raw,3.64E5,1,1,"",,A0A0C9RP93|A0A0C9RP93_TITBA:U6JPB2|U6JPB2_TITSE:A0A2I9LNW4|A0A2I9LNW4_9SCOR,DB Search
YLIDPK,80.73,747.4167,6,0.0,748.42395,1,28.6328,15813,Vasilevskiy_L_different_L076_RZ_20240206_AV-1.raw,1.69E8,2,2,"",,P86100|HYAL1_MESMA:A0A0K0LBS4|A0A0K0LBS4_9SCOR:A0A2I9LP21|A0A2I9LP21_9SCOR:A0A7T9L322|A0A7T9L322_ANDCR,DB Search
YLLDPK,80.73,747.4167,6,0.0,748.42395,1,28.6328,15813,Vasilevskiy_L_different_L076_RZ_20240206_AV-1.raw,1.69E8,2,2,"",,W0HFN9|HYAL2_TITSE:A0A7S8MU79|A0A7S8MU79_TITSE,DB Search
YLTNPGVMSDTATSLR,88.08,1724.8403,16,0.8,863.42816,2,45.3430,29163,Vasilevskiy_L_different_L076_RZ_20240206_AV-1.raw,3.95E4,1,1,"",,A0A1E1WVL6|A0A1E1WVL6_TITOB,DB Search
YLTNPGVMSDTATSLRDPIFYR,100.22,2516.2368,22,0.1,839.75299,3,60.5417,41490,Vasilevskiy_L_different_L076_RZ_20240206_AV-1.raw,6.99E5,1,1,"",,A0A1E1WVL6|A0A1E1WVL6_TITOB,DB Search
YLVLTSK,69.23,822.4851,7,0.9,412.25018,2,28.5663,15801,Vasilevskiy_L_different_L076_RZ_20240206_AV-1.raw,,0,0,"",,A0A1W7RAH0|A0A1W7RAH0_9SCOR,DB Search
YLYDPSLSAADLK,105.00,1454.7292,13,-0.4,728.37164,2,53.6297,35742,Vasilevskiy_L_different_L076_RZ_20240206_AV-1.raw,8.11E5,1,1,"",,A0A0K0LBS0|A0A0K0LBS0_9SCOR:B8XH50|NDB4_BUTOS:Q6JQN2|NDB44_MESMA:A0A0U1S7U5|A0A0U1S7U5_LYCMC:E4VP07|NDB46_MESEU:A0A146CJ26|A0A146CJ26_MESEU:A0A0K0LCH4|A0A0K0LCH4_9SCOR:Q9GQW4|NDB4U_MESMA,DB Search
YN(+0.98)EYFC(+57.02)LEEC(+57.02)VEN(+0.98)GAK,110.50,2025.7972,16,9.1,676.27917,3,55.6617,37475,Vasilevskiy_L_different_L076_RZ_20240206_AV-1.raw,,0,0,"Deamidation (NQ);Carbamidomethylation;Carbamidomethylation;Deamidation (NQ)","N2:Deamidation (NQ):1000.00;C6:Deamidation (NQ):1000.00",A0A0K0LBV9|A0A0K0LBV9_9SCOR:A0A0K0LBV5|A0A0K0LBV5_9SCOR,DB Search
YN(+0.98)EYFC(+57.02)LEEC(+57.02)VENGAK,101.99,2024.8132,16,0.2,1013.41406,2,59.3085,40462,Vasilevskiy_L_different_L076_RZ_20240206_AV-1.raw,,0,0,"Deamidation (NQ);Carbamidomethylation;Carbamidomethylation","N2:Deamidation (NQ):25.99",A0A0K0LBV9|A0A0K0LBV9_9SCOR:A0A0K0LBV5|A0A0K0LBV5_9SCOR,DB Search
YNEYFC(+57.02)LEEC(+57.02)VEN(+0.98)GAK,109.48,2024.8132,16,4.3,675.94788,3,59.2069,40377,Vasilevskiy_L_different_L076_RZ_20240206_AV-1.raw,7.11E6,5,5,"Carbamidomethylation;Carbamidomethylation;Deamidation (NQ)","C6:Deamidation (NQ):28.74",A0A0K0LBV9|A0A0K0LBV9_9SCOR:A0A0K0LBV5|A0A0K0LBV5_9SCOR,DB Search
YNEYFC(+57.02)LEEC(+57.02)VENGAK,105.02,2023.8291,16,-0.2,1012.92169,2,58.6716,39933,Vasilevskiy_L_different_L076_RZ_20240206_AV-1.raw,6.06E7,2,2,"Carbamidomethylation;Carbamidomethylation",,A0A0K0LBV9|A0A0K0LBV9_9SCOR:A0A0K0LBV5|A0A0K0LBV5_9SCOR,DB Search
YNQILR,96.44,805.4446,6,0.7,403.72989,2,24.3188,12507,Vasilevskiy_L_different_L076_RZ_20240206_AV-1.raw,3.13E5,1,1,"",,A0A7U1GK49|A0A7U1GK49_ANDCR:A0A1W7RB61|A0A1W7RB61_9SCOR:A0A7U1GJT2|A0A7U1GJT2_HEMLE:A0A0K0LC70|A0A0K0LC70_9SCOR:A0A2I9LNP4|A0A2I9LNP4_9SCOR,DB Search
YQC(+57.02)LC(+57.02)NR,94.86,1012.4219,7,-0.3,507.21805,2,19.1849,8593,Vasilevskiy_L_different_L076_RZ_20240206_AV-1.raw,,0,0,"Carbamidomethylation;Carbamidomethylation",,E4VP45|E4VP45_MESEU:E4VP46|E4VP46_MESEU:R4H559|R4H559_MESEU:R4H5A4|R4H5A4_MESEU:P86402|CTXL1_MESEU:P86401|CTXL_MESEU,DB Search
YQGVPR,92.42,718.3762,6,0.2,360.19543,2,18.9227,8406,Vasilevskiy_L_different_L076_RZ_20240206_AV-1.raw,2.05E5,1,1,"",,A0A059UI24|A0A059UI24_MESGB,DB Search
YQGYC(+57.02)DDHC(+57.02)Q(+0.98)DIEKK,105.03,1958.7775,15,2.3,490.70276,4,19.6157,8945,Vasilevskiy_L_different_L076_RZ_20240206_AV-1.raw,1.59E6,1,1,"Carbamidomethylation;Carbamidomethylation;Deamidation (NQ)","C5:Deamidation (NQ):112.87",A9XE59|KBX12_MESEU:A9XE60|KBX11_MESEU:E4VP14|E4VP14_MESEU:E4VP56|E4VP56_MESEU,DB Search
YQGYC(+57.02)DDHC(+57.02)QDIEK,93.73,1829.6985,14,0.2,915.85669,2,21.0559,10033,Vasilevskiy_L_different_L076_RZ_20240206_AV-1.raw,2.01E6,1,1,"Carbamidomethylation;Carbamidomethylation",,A9XE59|KBX12_MESEU:A9XE60|KBX11_MESEU:E4VP14|E4VP14_MESEU:E4VP56|E4VP56_MESEU,DB Search
YQGYC(+57.02)DDHC(+57.02)QDIEKK,105.02,1957.7935,15,0.9,490.45609,4,18.7848,8252,Vasilevskiy_L_different_L076_RZ_20240206_AV-1.raw,7.35E6,3,3,"Carbamidomethylation;Carbamidomethylation",,A9XE59|KBX12_MESEU:A9XE60|KBX11_MESEU:E4VP14|E4VP14_MESEU:E4VP56|E4VP56_MESEU,DB Search
YQTN(+0.98)PGVMSDTATSLRDPIFYR,32.16,2532.1956,22,6.4,845.07782,3,57.0793,38620,Vasilevskiy_L_different_L076_RZ_20240206_AV-1.raw,1.21E5,1,1,"Deamidation (NQ)","N4:Deamidation (NQ):45.01",C6H0Z7|C6H0Z7_PANIM:A0A1E1WWA7|A0A1E1WWA7_TITOB:C6H102|C6H102_PANIM:A0A1W7RAE8|A0A1W7RAE8_9SCOR:A0A1W7RAD7|A0A1W7RAD7_9SCOR,DB Search
YQTNPGVMSDTATSLRDPIFYR,96.29,2531.2114,22,-2.1,844.74261,3,57.0376,38592,Vasilevskiy_L_different_L076_RZ_20240206_AV-1.raw,,0,0,"",,C6H0Z7|C6H0Z7_PANIM:A0A1E1WWA7|A0A1E1WWA7_TITOB:C6H102|C6H102_PANIM:A0A1W7RAE8|A0A1W7RAE8_9SCOR:A0A1W7RAD7|A0A1W7RAD7_9SCOR,DB Search
YSGQC(+57.02)VQ(+0.98)LC(+57.02)IILVNNKN(+0.98)AK,103.31,2223.1028,19,7.2,742.04688,3,54.7160,36694,Vasilevskiy_L_different_L076_RZ_20240206_AV-1.raw,,0,0,"Carbamidomethylation;Deamidation (NQ);Carbamidomethylation;Deamidation (NQ)","C5:Deamidation (NQ):9.42;Q7:Deamidation (NQ):12.33",A0A088D9R3|A0A088D9R3_MESEU,DB Search
YSGQC(+57.02)VQL,83.59,953.4277,8,0.1,477.72116,2,36.8523,22290,Vasilevskiy_L_different_L076_RZ_20240206_AV-1.raw,2.68E6,1,1,"Carbamidomethylation",,A0A088D9R3|A0A088D9R3_MESEU,DB Search
YSGQC(+57.02)VQLC(+57.02),72.53,1113.4584,9,-0.4,557.73621,2,31.1022,17766,Vasilevskiy_L_different_L076_RZ_20240206_AV-1.raw,,0,0,"Carbamidomethylation;Carbamidomethylation",,A0A088D9R3|A0A088D9R3_MESEU,DB Search
YSGQC(+57.02)VQLC(+57.02)IILVN(+0.98)NK,100.18,1908.9437,16,-0.5,955.47864,2,61.9100,42554,Vasilevskiy_L_different_L076_RZ_20240206_AV-1.raw,1.73E6,1,1,"Carbamidomethylation;Carbamidomethylation;Deamidation (NQ)","C5:Deamidation (NQ):14.02",A0A088D9R3|A0A088D9R3_MESEU,DB Search
YSGQC(+57.02)VQLC(+57.02)IILVNNK,100.11,1907.9597,16,2.7,954.98969,2,61.1640,41993,Vasilevskiy_L_different_L076_RZ_20240206_AV-1.raw,9.92E7,2,2,"Carbamidomethylation;Carbamidomethylation",,A0A088D9R3|A0A088D9R3_MESEU,DB Search
YSGQC(+57.02)VQLC(+57.02)IILVNNKN(+0.98)AK,105.04,2222.1187,19,0.1,741.71362,3,54.7817,36722,Vasilevskiy_L_different_L076_RZ_20240206_AV-1.raw,6.55E5,1,1,"Carbamidomethylation;Carbamidomethylation;Deamidation (NQ)","C5:Deamidation (NQ):17.01",A0A088D9R3|A0A088D9R3_MESEU,DB Search
YSGYAGAFR,104.74,990.4559,9,0.4,496.23544,2,31.0349,17877,Vasilevskiy_L_different_L076_RZ_20240206_AV-1.raw,7.36E6,1,1,"",,A0A1E1WVR2|A0A1E1WVR2_TITOB:A0A1W7R9D1|A0A1W7R9D1_9SCOR,DB Search
YTC(+57.02)ALNPYC(+57.02)DSEC(+57.02)KK,87.11,1907.7852,15,0.5,636.93597,3,27.4310,14945,Vasilevskiy_L_different_L076_RZ_20240206_AV-1.raw,6.92E5,2,2,"Carbamidomethylation;Carbamidomethylation;Carbamidomethylation",,D8UWD8|SCXN9_MESEU:P09982|SCXE_MESEU:P86403|SCXN2_MESEU,DB Search
YTC(+57.02)ALNPYC(+57.02)N(+0.98)SEC(+57.02)KK,104.77,1907.7852,15,0.5,954.90039,2,35.8893,21749,Vasilevskiy_L_different_L076_RZ_20240206_AV-1.raw,4.46E5,1,1,"Carbamidomethylation;Carbamidomethylation;Deamidation (NQ);Carbamidomethylation","C3:Deamidation (NQ):58.99",A0A146CJ08|A0A146CJ08_MESEU,DB Search
YTFQSFSK,92.57,1006.4760,8,0.6,504.24557,2,37.1499,22592,Vasilevskiy_L_different_L076_RZ_20240206_AV-1.raw,4.18E6,1,1,"",,F1CIY2|F1CIY2_HOTJU:A0A0K0LBR9|A0A0K0LBR9_9SCOR,DB Search
YTGC(+57.02)KV,63.19,726.3370,6,0.6,364.17603,2,17.6159,7162,Vasilevskiy_L_different_L076_RZ_20240206_AV-1.raw,2.5E6,1,1,"Carbamidomethylation",,P0DPT3|SCXIT_ANDMA:A0A0K0LBV3|A0A0K0LBV3_9SCOR:Q9UAC9|SCAS_MESMA:P60264|SC29_CENLI:P86406|SCXNF_MESEU:P21150|SIX4_ANDAU:E4VP18|E4VP18_MESEU:R4H5E1|R4H5E1_MESEU,DB Search
YVFLVYK,86.36,930.5215,7,0.5,466.26825,2,52.9020,35093,Vasilevskiy_L_different_L076_RZ_20240206_AV-1.raw,2.18E6,2,2,"",,A0A1W7RAP7|A0A1W7RAP7_9SCOR,DB Search
YVQAC(+57.02)DFEEISQEAIEDAFRK,97.02,2547.1587,21,0.9,850.06097,3,68.1967,47844,Vasilevskiy_L_different_L076_RZ_20240206_AV-1.raw,,0,0,"Carbamidomethylation",,A0A1W7RAR2|A0A1W7RAR2_9SCOR:A0A2I9LNV5|A0A2I9LNV5_9SCOR,DB Search
YVYHFC(+57.02)R,100.14,1043.4647,7,-0.1,348.82880,3,25.9394,13840,Vasilevskiy_L_different_L076_RZ_20240206_AV-1.raw,,0,0,"Carbamidomethylation",,A0A088D9R6|A0A088D9R6_MESEU,DB Search
YYC(+57.02)KPDFGP,89.88,1145.4851,9,0.1,573.74994,2,35.6589,21446,Vasilevskiy_L_different_L076_RZ_20240206_AV-1.raw,2.83E5,1,1,"Carbamidomethylation",,F1CIZ6|CL1A_HOTJU:B8XH22|CL758_BUTOS,DB Search
YYC(+57.02)TILGEN(+0.98)EYC(+57.02)K,102.01,1712.7062,13,3.2,857.36310,2,50.0973,32904,Vasilevskiy_L_different_L076_RZ_20240206_AV-1.raw,9.19E6,2,2,"Carbamidomethylation;Deamidation (NQ);Carbamidomethylation","C3:Deamidation (NQ):1000.00",P84810|LV1A_BUTOC,DB Search
YYC(+57.02)TILGEN(+0.98)EYC(+57.02)R,105.02,1740.7124,13,0.4,871.36377,2,50.1175,32825,Vasilevskiy_L_different_L076_RZ_20240206_AV-1.raw,3.02E7,4,4,"Carbamidomethylation;Deamidation (NQ);Carbamidomethylation","C3:Deamidation (NQ):1000.00",Q6WJF5|LV1A_MESMA,DB Search
YYC(+57.02)TILGENEY,87.55,1423.5966,11,1.9,712.80688,2,59.5095,40638,Vasilevskiy_L_different_L076_RZ_20240206_AV-1.raw,1.63E5,1,1,"Carbamidomethylation",,Q6WJF5|LV1A_MESMA,DB Search
YYC(+57.02)TILGENEYC(+57.02)K,108.26,1711.7222,13,-0.4,856.86804,2,47.9161,31223,Vasilevskiy_L_different_L076_RZ_20240206_AV-1.raw,9.8E6,1,1,"Carbamidomethylation;Carbamidomethylation",,P84810|LV1A_BUTOC,DB Search
YYC(+57.02)TILGENEYC(+57.02)KK,104.99,1839.8171,14,0.2,614.27979,3,39.3289,24236,Vasilevskiy_L_different_L076_RZ_20240206_AV-1.raw,2.96E6,2,2,"Carbamidomethylation;Carbamidomethylation",,P84810|LV1A_BUTOC,DB Search
YYC(+57.02)TILGENEYC(+57.02)R,102.80,1739.7284,13,3.0,870.87408,2,50.2403,33018,Vasilevskiy_L_different_L076_RZ_20240206_AV-1.raw,1.82E9,2,2,"Carbamidomethylation;Carbamidomethylation",,Q6WJF5|LV1A_MESMA,DB Search
YYC(+57.02)TILGENEYC(+57.02)RK,104.59,1867.8232,14,0.9,623.61560,3,40.3069,24911,Vasilevskiy_L_different_L076_RZ_20240206_AV-1.raw,1.17E7,3,3,"Carbamidomethylation;Carbamidomethylation",,Q6WJF5|LV1A_MESMA,DB Search
YYC(+57.02)TVL,99.92,817.3680,6,1.4,818.37646,1,47.8955,31160,Vasilevskiy_L_different_L076_RZ_20240206_AV-1.raw,1.22E5,1,1,"Carbamidomethylation",,A0A146CJ25|A0A146CJ25_MESEU,DB Search
YYC(+57.02)TVLGEN(+0.98)EYC(+57.02)R,101.54,1726.6967,13,-2.4,864.35358,2,43.5587,27754,Vasilevskiy_L_different_L076_RZ_20240206_AV-1.raw,9.44E5,4,4,"Carbamidomethylation;Deamidation (NQ);Carbamidomethylation","C3:Deamidation (NQ):1000.00",A0A146CJ25|A0A146CJ25_MESEU,DB Search
YYC(+57.02)TVLGENEYC(+57.02)R,103.96,1725.7126,13,0.8,576.24530,3,41.7907,26161,Vasilevskiy_L_different_L076_RZ_20240206_AV-1.raw,2.37E8,2,2,"Carbamidomethylation;Carbamidomethylation",,A0A146CJ25|A0A146CJ25_MESEU,DB Search
YYC(+57.02)TVLGENEYC(+57.02)RK,99.28,1853.8076,14,0.6,618.94354,3,33.6020,19848,Vasilevskiy_L_different_L076_RZ_20240206_AV-1.raw,3.31E5,1,1,"Carbamidomethylation;Carbamidomethylation",,A0A146CJ25|A0A146CJ25_MESEU,DB Search
YYETNK,91.00,816.3654,6,0.7,409.19025,2,16.3673,6231,Vasilevskiy_L_different_L076_RZ_20240206_AV-1.raw,5.35E5,1,1,"",,E4VP15|E4VP15_MESEU,DB Search
YYGYC(+57.02)YFWKLAC(+57.02)YC(+57.02)QGAR,35.23,2428.0227,18,0.8,608.01343,4,55.1719,37047,Vasilevskiy_L_different_L076_RZ_20240206_AV-1.raw,1.6E6,1,1,"Carbamidomethylation;Carbamidomethylation;Carbamidomethylation",,P0DPT3|SCXIT_ANDMA:A0A0K0LBV3|A0A0K0LBV3_9SCOR:P21150|SIX4_ANDAU:A0A146CIX0|A0A146CIX0_MESEU,DB Search
YYITVIDAPGHR,104.89,1403.7197,12,0.9,468.91428,3,42.1310,26563,Vasilevskiy_L_different_L076_RZ_20240206_AV-1.raw,,0,0,"",,A0A1W7RAM5|A0A1W7RAM5_9SCOR:Q9BNV5|Q9BNV5_CENSC:Q9BNU8|Q9BNU8_HETSP:Q9BNV0|Q9BNV0_HADAR:A0A2I9LNY0|A0A2I9LNY0_9SCOR:A0A0U1SPK7|A0A0U1SPK7_ISOMC,DB Search
