"Protein Group","Top","Accession","-10LgP","Coverage(%)","Coverage(%) Sample 2","#Peptides","Area Sample 2","#Unique","#Spec Sample 2","PTM","Average Mass","Description"
54,true,"G4WFQ2|SCXND_MESEU",348.02658,76.71,76.71,19,2.5183668E7,4,37.0,"Carbamidomethylation; Deamidation (NQ)",8081.1016,"Sodium channel neurotoxin MeuNaTxalpha-13 (Fragment) OS=Mesobuthus eupeus OX=34648 PE=2 SV=1"
248,false,"A0A2I9LP56|A0A2I9LP56_9SCOR",104.95598,6.92,6.92,1,207751.77,1,2.0,"",17330.326,"Methyltransferase-like protein OS=Centruroides hentzi OX=88313 PE=4 SV=1"
234,false,"F1CJ51|F1CJ51_HOTJU",83.6017,4.19,4.19,1,,1,1.0,"",17892.566,"glyceraldehyde-3-phosphate dehydrogenase (phosphorylating) (Fragment) OS=Hottentotta judaicus OX=6863 PE=2 SV=1"
203,true,"A0A088DB32|A0A088DB32_MESEU",207.65683,51.61,51.61,4,578479.4,1,11.0,"Carbamidomethylation; Deamidation (NQ)",6821.0254,"Potassium channel blocker pMeKTx6-2 OS=Mesobuthus eupeus OX=34648 PE=2 SV=1"
325,false,"A0A0K0LCP5|A0A0K0LCP5_9SCOR",96.05244,14.47,14.47,1,723950.2,1,1.0,"",8371.655,"Venom protein AbVp-2 (Fragment) OS=Androctonus bicolor OX=748906 PE=2 SV=1"
178,false,"A0A1W7RB61|A0A1W7RB61_9SCOR",188.12544,7.62,7.62,4,172257.25,1,4.0,"Carbamidomethylation",46585.28,"Enolase OS=Hadrurus spadix OX=141984 PE=3 SV=1"
114,false,"D8UWD2|D8UWD2_MESEU",274.28564,75.68,75.68,7,4.3225224E7,7,17.0,"Carbamidomethylation; Deamidation (NQ)",8346.367,"Venom sodium channel toxin 3 (Fragment) OS=Mesobuthus eupeus OX=34648 PE=2 SV=1"
68,true,"A0A1W7RAC4|A0A1W7RAC4_9SCOR",361.91962,31.22,31.22,17,175808.6,2,24.0,"Deamidation (NQ); Carbamidomethylation",70942.17,"Heat shock 70 kDa protein OS=Hadrurus spadix OX=141984 PE=3 SV=1"
34,false,"F1CIW9|F1CIW9_HOTJU",49.448826,11.11,11.11,1,,1,1.0,"",6249.4243,"U9-buthitoxin-Hj1a (Fragment) OS=Hottentotta judaicus OX=6863 PE=2 SV=1"
190,true,"A0A088D9T6|A0A088D9T6_MESEU",207.76958,29.51,29.51,6,7.38006E7,6,8.0,"Carbamidomethylation",7176.513,"Potassium channel blocker pMeKTx24-1 OS=Mesobuthus eupeus OX=34648 PE=2 SV=1"
233,true,"A0A088DB08|A0A088DB08_MESEU",188.77597,33.33,33.33,4,1.0810466E7,2,4.0,"Carbamidomethylation",6317.5283,"Potassium channel blocker pMeKTx15-1 OS=Mesobuthus eupeus OX=34648 PE=2 SV=1"
327,false,"A0A1E1WVY6|A0A1E1WVY6_TITOB",101.642784,2.65,2.65,1,,1,2.0,"",38374.043,"Putative cathepsin L-like protein OS=Tityus obscurus OX=1221240 PE=3 SV=1"
296,true,"A0A5P8U2Q6|A0A5P8U2Q6_MESEU",104.670876,16.95,16.95,1,4.2267844E7,1,5.0,"Deamidation (NQ); Carbamidomethylation",6940.7246,"Toxin (Fragment) OS=Mesobuthus eupeus OX=34648 PE=2 SV=1"
7,true,"P09981|SCX9_MESEU",481.78818,98.48,98.48,50,2.81764608E9,23,220.0,"Carbamidomethylation; Deamidation (NQ); Acetylation (Protein N-term)",7343.331,"Alpha-like toxin BeM9 OS=Mesobuthus eupeus OX=34648 PE=1 SV=1"
297,true,"A0A1W7RAG2|A0A1W7RAG2_9SCOR",85.85257,2.09,2.09,2,2092392.9,2,2.0,"",69187.05,"Gamma-glutamyltranspeptidase 1 OS=Hadrurus spadix OX=141984 PE=4 SV=1"
26,true,"A0A7T9L322|A0A7T9L322_ANDCR",419.85672,45.12,45.12,30,3.72070304E8,18,86.0,"Carbamidomethylation; Deamidation (NQ); Oxidation (M)",47548.69,"Hyaluronidase OS=Androctonus crassicauda OX=122909 GN=Hyal PE=2 SV=1"
65,false,"A0A2I9LPZ6|A0A2I9LPZ6_9SCOR",222.86385,17.68,17.68,7,7030921.0,7,13.0,"Deamidation (NQ)",19336.744,"Venom neuropeptide OS=Centruroides hentzi OX=88313 PE=4 SV=1"
102,true,"C0HJQ8|KAX1G_MESEU",215.40314,41.38,41.38,8,1.45573875E9,8,31.0,"Deamidation (NQ); Oxidation (M); Carbamidomethylation",6534.949,"Potassium channel toxin alpha-KTx 1.16 OS=Mesobuthus eupeus OX=34648 PE=1 SV=1"
127,true,"Q6IZE0|Q6IZE0_MESMA",296.48853,46.97,46.97,10,123381.84,2,17.0,"Carbamidomethylation",7426.5107,"Neurotoxin Mm2 (Fragment) OS=Mesobuthus martensii OX=34649 PE=2 SV=1"
241,false,"A0A087HCZ8|A0A087HCZ8_ARAAL",53.683308,2.90,2.90,1,,1,1.0,"",23553.29,"Knottin scorpion toxin-like domain-containing protein OS=Arabis alpina OX=50452 GN=AALP_Aa3g317000 PE=3 SV=1"
204,true,"A0A0S2CX25|A0A0S2CX25_MESEU",174.77237,31.67,31.67,4,4.33510592E8,4,12.0,"Carbamidomethylation; Deamidation (NQ)",6834.223,"TXKalpha-3 OS=Mesobuthus eupeus OX=34648 PE=2 SV=1"
331,true,"Q95P90|LV1B_MESMA",63.52246,9.57,9.57,1,8954438.0,1,1.0,"Carbamidomethylation",10477.144,"HMG-CoA reductase inhibitor bumarsin OS=Mesobuthus martensii OX=34649 PE=1 SV=2"
332,true,"C9X4G9|C9X4G9_TITDI",24.674427,26.67,26.67,1,224832.89,1,1.0,"",3549.9414,"Uncharacterized protein (Fragment) OS=Tityus discrepans OX=57059 PE=2 SV=1"
150,true,"A0A0K0LBU4|A0A0K0LBU4_9SCOR",234.07788,44.05,44.05,8,4750419.0,1,32.0,"Carbamidomethylation; Deamidation (NQ)",9485.939,"Sodium channel blocker AbNaTx18 OS=Androctonus bicolor OX=748906 PE=2 SV=1"
333,true,"F8THK0|F8THK0_HOTJU",96.254745,2.63,2.63,1,,1,1.0,"",54277.56,"Putative RNA-binding protein (Fragment) OS=Hottentotta judaicus OX=6863 PE=2 SV=1"
177,false,"P85529|KAX2D_CENSU",30.196234,15.79,15.79,1,451139.78,1,2.0,"Carbamidomethylation",4006.8445,"Potassium channel toxin alpha-KTx 2.13 OS=Centruroides suffusus OX=6880 PE=1 SV=1"
334,true,"B8XH54|B8XH54_BUTOS",35.24445,8.33,8.33,1,489294.78,1,1.0,"",8402.055,"Putative toxin Tx297 OS=Buthus occitanus israelis OX=539894 PE=2 SV=1"
134,true,"A0A088DAY7|A0A088DAY7_MESEU",250.72404,59.32,59.32,9,3727181.5,1,32.0,"Carbamidomethylation",6463.7607,"Potassium channel blocker pMeKTx10-2b OS=Mesobuthus eupeus OX=34648 PE=2 SV=1"
160,false,"Q6JQN2|NDB44_MESMA",213.58084,35.71,35.71,5,3613216.5,5,6.0,"",7984.52,"Peptide BmKn2 OS=Mesobuthus martensii OX=34649 PE=1 SV=1"
189,false,"Q8I0L5|KA152_MESMA",209.40698,32.20,32.20,4,351546.44,1,10.0,"Carbamidomethylation; Deamidation (NQ)",6206.4893,"Potassium channel toxin alpha-KTx 15.2 OS=Mesobuthus martensii OX=34649 PE=1 SV=1"
99,false,"A0A2I9LPF6|A0A2I9LPF6_9SCOR",254.3995,14.29,14.29,7,674319.56,3,9.0,"Carbamidomethylation",56813.656,"Protein disulfide-isomerase OS=Centruroides hentzi OX=88313 PE=3 SV=1"
248,false,"Q686R4|Q686R4_MESGB",195.35854,24.37,24.37,3,1000327.2,3,5.0,"Carbamidomethylation",12890.899,"CG10527-like methyltransferase (Fragment) OS=Mesobuthus gibbosus OX=123226 GN=mt PE=4 SV=1"
335,true,"A0A1E1WWH5|A0A1E1WWH5_TITOB",25.283985,5.41,5.41,1,,1,1.0,"",36894.61,"Putative cathepsin B-like protein OS=Tityus obscurus OX=1221240 PE=3 SV=1"
129,false,"F5CJW0|F5CJW0_MESEU",256.09534,46.51,46.51,8,8.2591501E8,3,31.0,"Carbamidomethylation",4814.5376,"Tx3B-m (Fragment) OS=Mesobuthus eupeus OX=34648 PE=2 SV=1"
177,false,"P24662|KAX31_ANDMA",30.196234,15.79,15.79,1,451139.78,1,2.0,"Carbamidomethylation",4155.99,"Potassium channel toxin alpha-KTx 3.1 OS=Androctonus mauritanicus mauritanicus OX=6860 PE=1 SV=2"
49,true,"A0A0K0LBX2|A0A0K0LBX2_9SCOR",334.25644,48.84,48.84,19,3910892.2,4,48.0,"Carbamidomethylation; Deamidation (NQ)",9658.083,"Sodium channel blocker AbNaTx2 OS=Androctonus bicolor OX=748906 PE=2 SV=1"
103,true,"C6H0Z9|C6H0Z9_PANIM",298.6902,14.88,14.88,12,338278.4,2,19.0,"Deamidation (NQ); Oxidation (M); Carbamidomethylation",71717.984,"Hemocyanin subunit 6 OS=Pandinus imperator OX=55084 GN=hc6 PE=2 SV=1"
151,true,"P60233|KA151_ANDAU",261.74072,54.05,54.05,7,2.5406656E7,3,17.0,"Carbamidomethylation; Deamidation (NQ)",3874.5159,"Potassium channel toxin alpha-KTx 15.1 OS=Androctonus australis OX=6858 PE=1 SV=1"
336,true,"P01480|SCX3_ANDAU",91.087135,11.90,11.90,1,354314.8,1,3.0,"",9067.711,"Alpha-mammal toxin Aah3 OS=Androctonus australis OX=6858 PE=1 SV=3"
8,false,"A0A1E1WWG5|A0A1E1WWG5_TITOB",226.2032,6.72,6.72,5,1.13245696E8,3,11.0,"",46677.9,"Hyaluronidase OS=Tityus obscurus OX=1221240 PE=3 SV=1"
205,false,"P0C5J6|SCXMT_PARLS",79.06673,41.18,41.18,1,6039844.0,1,3.0,"Deamidation (NQ)",1956.0968,"Mammal toxin PlMT (Fragment) OS=Parabuthus liosoma OX=470425 PE=1 SV=1"
177,false,"P0C8R1|KAX3C_ANDAM",30.196234,15.79,15.79,1,451139.78,1,2.0,"Carbamidomethylation",4192.0083,"Potassium channel toxin alpha-KTx 3.12 OS=Androctonus amoreuxi OX=112024 PE=1 SV=1"
52,false,"E7CZZ0|SCXNB_MESEU",341.61243,67.57,67.57,16,4328476.0,4,36.0,"Deamidation (NQ); Carbamidomethylation",8038.2646,"Sodium channel neurotoxin MeuNaTxalpha-11 (Fragment) OS=Mesobuthus eupeus OX=34648 PE=2 SV=1"
337,true,"A0A146CIX6|A0A146CIX6_MESEU",29.283028,7.69,7.69,1,,1,1.0,"Carbamidomethylation",10229.953,"Sodium channel toxin meuNa13 OS=Mesobuthus eupeus OX=34648 PE=2 SV=1"
298,true,"A0A1S5QN46|A0A1S5QN46_TITSE",120.100006,3.39,3.39,2,2000113.8,2,2.0,"",53838.25,"Carboxypeptidase E OS=Tityus serrulatus OX=6887 PE=2 SV=1"
234,true,"A0A1W7RAH3|A0A1W7RAH3_9SCOR",206.03265,14.20,14.20,4,541714.7,4,4.0,"Carbamidomethylation",36154.277,"Glyceraldehyde-3-phosphate dehydrogenase OS=Hadrurus spadix OX=141984 PE=3 SV=1"
235,true,"A0A1E1WW02|A0A1E1WW02_TITOB",183.55847,3.44,3.44,3,2.5972942E7,1,6.0,"Deamidation (NQ); Carbamidomethylation; Oxidation (M)",41036.703,"Putative metalloproteinase (Fragment) OS=Tityus obscurus OX=1221240 PE=3 SV=1"
111,false,"Q5F1N4|KS4_MESMA",249.1688,39.74,39.74,6,2.572316E8,6,23.0,"Carbamidomethylation; Oxidation (M); Deamidation (NQ)",8855.511,"Toxin BmTxKS4 OS=Mesobuthus martensii OX=34649 PE=3 SV=1"
152,true,"A0A0U3YCU6|A0A0U3YCU6_ODODO",225.24835,32.20,32.20,5,,2,30.0,"Carbamidomethylation; Deamidation (NQ)",6388.593,"Chloride channel toxin ClTx1 OS=Odontobuthus doriae OX=342590 GN=ClTx1 PE=2 SV=1"
282,false,"B8XGZ5|B8XGZ5_BUTOS",139.16418,10.47,10.47,2,108662.72,2,2.0,"Carbamidomethylation",9458.993,"Putative alpha toxin Tx763 OS=Buthus occitanus israelis OX=539894 PE=2 SV=1"
91,true,"A0A059UI24|A0A059UI24_MESGB",331.01773,62.14,62.14,13,2.20523488E8,13,39.0,"Carbamidomethylation; Deamidation (NQ)",12049.083,"Putative venom peptide OS=Mesobuthus gibbosus OX=123226 PE=2 SV=1"
338,true,"A0A224XGF6|A0A224XGF6_9SCOR",47.310947,1.60,1.60,1,,1,1.0,"Carbamidomethylation",49660.2,"Putative CAP peptide OS=Megacormus gertschi OX=1843536 PE=4 SV=1"
113,true,"F1CIV8|F1CIV8_HOTJU",307.9661,33.72,33.72,10,,1,32.0,"Carbamidomethylation; Deamidation (NQ)",9570.277,"Beta-buthitoxin-Hj2a OS=Hottentotta judaicus OX=6863 PE=2 SV=1"
69,true,"A0A1E1WVL6|A0A1E1WVL6_TITOB",328.70508,21.82,21.82,16,7654440.0,11,26.0,"Deamidation (NQ); Carbamidomethylation",73246.2,"Putative hemocyanin subunit OS=Tityus obscurus OX=1221240 PE=3 SV=1"
246,false,"P0DMR9|KA17G_MESMA",70.050835,22.58,22.58,1,,1,1.0,"Carbamidomethylation",3769.3472,"Toxin BmKK16 OS=Mesobuthus martensii OX=34649 PE=1 SV=1"
83,true,"E4VP38|E4VP38_MESEU",331.47733,52.38,52.38,14,3.1820988E7,11,21.0,"Carbamidomethylation; Oxidation (M)",9584.185,"Venom protein-8 OS=Mesobuthus eupeus OX=34648 PE=2 SV=1"
260,true,"Q9N682|SCXB_MESMA",138.50914,28.57,28.57,3,,1,4.0,"Carbamidomethylation",9307.761,"Neurotoxin BmK-M11 OS=Mesobuthus martensii OX=34649 PE=3 SV=1"
177,false,"C0HJW1|KAX2F_CENTE",30.196234,15.79,15.79,1,451139.78,1,2.0,"Carbamidomethylation",4128.974,"Potassium channel toxin alpha-KTx 2.15 OS=Centruroides tecomanus OX=1028682 PE=1 SV=1"
57,true,"A0A088D9U7|A0A088D9U7_MESEU",319.1318,48.44,48.44,12,4.28633664E8,12,42.0,"Carbamidomethylation; Deamidation (NQ); Oxidation (M)",7255.551,"Potassium channel blocker pMeKTx3-1 OS=Mesobuthus eupeus OX=34648 PE=2 SV=1"
114,true,"E7CZY8|SCXN3_MESEU",286.67108,78.05,78.05,8,4.3331604E7,8,19.0,"Carbamidomethylation; Deamidation (NQ)",9093.247,"Sodium channel neurotoxin MeuNaTxalpha-3 (Fragment) OS=Mesobuthus eupeus OX=34648 PE=1 SV=1"
140,false,"Q56TT9|SCIT_HOTJU",228.66614,24.71,24.71,6,383877.22,1,60.0,"Deamidation (NQ); Carbamidomethylation",9269.712,"Alpha-insect toxin BjaIT OS=Hottentotta judaicus OX=6863 PE=1 SV=1"
74,true,"P55902|SIX1_BUTOC",259.1769,90.77,90.77,9,1.14599664E8,3,25.0,"Acetylation (Protein N-term); Deamidation (NQ); Carbamidomethylation; Oxidation (M)",7343.305,"Alpha-insect toxin BotIT1 OS=Buthus occitanus tunetanus OX=6871 PE=1 SV=1"
153,true,"Q9NJC5|SC10_MESMA",265.38626,20.00,20.00,8,4.1000768E7,1,14.0,"Carbamidomethylation",9373.95,"Toxin BmKaTx10 OS=Mesobuthus martensii OX=34649 PE=2 SV=1"
334,true,"A0A0K0LBQ2|A0A0K0LBQ2_9SCOR",35.24445,8.22,8.22,1,489294.78,1,1.0,"",8457.097,"Pradykinin-potentiating peptide-like peptide Bpp-1 OS=Androctonus bicolor OX=748906 PE=2 SV=1"
190,false,"E4VP62|E4VP62_MESEU",135.1401,17.65,17.65,2,9380039.0,2,2.0,"Carbamidomethylation",6099.1987,"Venom peptide-5 OS=Mesobuthus eupeus OX=34648 PE=2 SV=1"
261,true,"T1E6Y3|T1E6Y3_9SCOR",108.7281,8.27,8.27,3,1869212.5,3,3.0,"Carbamidomethylation; Deamidation (NQ)",44650.23,"CAP-Iso-2 (Fragment) OS=Isometroides vescus OX=1330405 PE=2 SV=1"
95,false,"T1DEK7|T1DEK7_9SCOR",146.37924,4.50,4.50,2,8.5338624E7,1,10.0,"Oxidation (M)",47080.426,"CAP-Iso-1 OS=Isometroides vescus OX=1330405 PE=2 SV=1"
299,true,"A0A143MGX8|A0A143MGX8_MESEU",78.35005,23.64,23.64,2,1.2903473E7,2,4.0,"Carbamidomethylation",6332.5703,"Potassium channel toxin meuK7-3 OS=Mesobuthus eupeus OX=34648 PE=2 SV=1"
27,true,"Q9UAC9|SCAS_MESMA",420.89154,76.47,76.47,31,74849.37,1,130.0,"Carbamidomethylation; Deamidation (NQ)",9759.421,"Beta-toxin BmKAS OS=Mesobuthus martensii OX=34649 PE=1 SV=1"
213,false,"A0A0U1TZH3|A0A0U1TZH3_LYCMC",190.41032,14.12,14.12,4,,1,7.0,"Carbamidomethylation",9743.388,"Neurotoxin LmNaTx26 (Fragment) OS=Lychas mucronatus OX=172552 PE=2 SV=1"
236,true,"A0A088D9Q6|A0A088D9Q6_MESEU",170.98572,46.43,46.43,3,6.656178E7,3,5.0,"Carbamidomethylation; Deamidation (NQ)",5922.1655,"Potassium channel blocker pMeKTx2-3 OS=Mesobuthus eupeus OX=34648 PE=2 SV=1"
73,false,"Q9U8D2|KAX82_MESMA",194.66235,22.81,22.81,4,5.1591488E7,3,11.0,"Carbamidomethylation; Deamidation (NQ)",6318.424,"Potassium channel toxin alpha-KTx 8.2 OS=Mesobuthus martensii OX=34649 PE=1 SV=1"
339,true,"A0A1W7R9B8|A0A1W7R9B8_9SCOR",56.152378,5.35,5.35,1,,1,1.0,"Carbamidomethylation",49805.31,"Tubulin alpha chain OS=Hadrurus spadix OX=141984 PE=3 SV=1"
300,true,"A0A1W7RAZ7|A0A1W7RAZ7_9SCOR",145.54935,2.37,2.37,2,383416.3,2,2.0,"",77411.5,"Arachidonate 15-lipoxygenase B OS=Hadrurus spadix OX=141984 PE=4 SV=1"
205,true,"P0C1B7|DORT_PARTR",206.0381,29.31,29.31,4,6039844.0,1,9.0,"Deamidation (NQ); Carbamidomethylation",6648.4546,"Dortoxin OS=Parabuthus transvaalicus OX=170972 PE=1 SV=1"
340,true,"A0A1W7RA68|A0A1W7RA68_9SCOR",57.008915,1.57,1.57,1,,1,1.0,"",68000.49,"Moesin/ezrin/radixin homolog 1 OS=Hadrurus spadix OX=141984 PE=4 SV=1"
262,true,"A0A2I9LP74|A0A2I9LP74_9SCOR",177.77187,6.92,6.92,3,8438271.0,3,4.0,"",39029.934,"Peptidylglycine alpha-amidating monooxygenase OS=Centruroides hentzi OX=88313 PE=4 SV=1"
122,false,"F1CIV5|F1CIV5_HOTJU",178.67957,22.03,22.03,3,429654.22,2,7.0,"Carbamidomethylation; Deamidation (NQ)",6630.9126,"Gamma-buthitoxin-Hj1a OS=Hottentotta judaicus OX=6863 PE=2 SV=1"
301,true,"A0A1W7R9T5|A0A1W7R9T5_9SCOR",136.52394,11.46,11.46,2,,2,2.0,"Carbamidomethylation",21714.16,"Ras-like GTP-binding protein Rho1 OS=Hadrurus spadix OX=141984 PE=4 SV=1"
38,true,"A0A143MI92|A0A143MI92_MESEU",395.98343,65.93,65.93,25,2.5030761E9,2,68.0,"Carbamidomethylation; Oxidation (M); Deamidation (NQ)",10177.084,"Potassium channel toxin meuK4 OS=Mesobuthus eupeus OX=34648 PE=2 SV=1"
115,true,"A0A088D9S3|A0A088D9S3_MESEU",249.98875,62.30,62.30,10,1.19140096E9,10,24.0,"Carbamidomethylation; Deamidation (NQ)",6866.288,"Potassium channel blocker pMeKTx8-1 OS=Mesobuthus eupeus OX=34648 PE=2 SV=1"
263,true,"A0A0U1S633|A0A0U1S633_ISOMC",168.11983,6.75,6.75,3,832991.25,2,3.0,"",28004.898,"Peptidase S1 domain-containing protein (Fragment) OS=Isometrus maculatus OX=497827 PE=2 SV=1"
260,true,"P58328|SCX4_MESMA",138.50914,37.50,37.50,3,,1,4.0,"Carbamidomethylation",7020.9297,"Alpha-like toxin BmK-M4 OS=Mesobuthus martensii OX=34649 PE=1 SV=1"
116,true,"P01487|SCX3_LEIQU",275.42538,90.62,90.62,10,758758.94,2,17.0,"Carbamidomethylation; Acetylation (Protein N-term); Deamidation (NQ)",7240.1694,"Alpha-insect toxin Lqq3 OS=Leiurus quinquestriatus quinquestriatus OX=6885 PE=1 SV=2"
302,true,"C5J8B1|C5J8B1_OPICY",128.62112,24.53,24.53,2,1070203.5,2,2.0,"",12435.01,"Putative Ca2+-dependent activator protein (Fragment) OS=Opisthacanthus cayaporum OX=573324 GN=CADPS PE=2 SV=1"
34,false,"A0A088DB26|A0A088DB26_MESEU",363.10678,56.67,56.67,22,1.12035696E8,6,70.0,"Carbamidomethylation; Oxidation (M)",10250.18,"Potassium channel blocker pMeKTx28-3 OS=Mesobuthus eupeus OX=34648 PE=2 SV=1"
248,false,"A0A1W7RA66|A0A1W7RA66_9SCOR",104.95598,6.92,6.92,1,207751.77,1,2.0,"",17236.066,"Methyltransferase-like protein OS=Hadrurus spadix OX=141984 PE=4 SV=1"
341,true,"A0A2I9LNT5|A0A2I9LNT5_9SCOR",50.310444,1.14,1.14,1,,1,1.0,"Carbamidomethylation",81790.5,"Beta-amyloid-like protein OS=Centruroides hentzi OX=88313 PE=3 SV=1"
196,false,"A0A1W7R9U8|A0A1W7R9U8_9SCOR",168.85019,17.73,17.73,3,622261.75,3,3.0,"Carbamidomethylation",22597.664,"Ras-related protein Rab-1A OS=Hadrurus spadix OX=141984 PE=3 SV=1"
23,true,"E4VP15|E4VP15_MESEU",418.6401,67.44,67.44,30,9.4756851E8,16,88.0,"Carbamidomethylation; Deamidation (NQ)",9979.639,"Venom sodium channel toxin-1 OS=Mesobuthus eupeus OX=34648 PE=2 SV=1"
342,true,"A0AA49K9N2|A0AA49K9N2_9SCOR",34.118484,8.24,8.24,1,2.9237126E7,1,2.0,"",9347.928,"NaTx OS=Tityus melici OX=3026321 PE=2 SV=1"
303,true,"A0A088DAZ8|A0A088DAZ8_MESEU",94.5279,19.64,19.64,1,6.895636E7,1,3.0,"Carbamidomethylation; Oxidation (M)",5926.1284,"Potassium channel blocker pMeKTx2-1 OS=Mesobuthus eupeus OX=34648 PE=2 SV=1"
343,true,"A0A1W7R9F6|A0A1W7R9F6_9SCOR",96.5116,7.74,7.74,1,,1,2.0,"",17150.312,"Eukaryotic translation initiation factor 5A OS=Hadrurus spadix OX=141984 PE=3 SV=1"
73,false,"A0A0K0LBY7|A0A0K0LBY7_9SCOR",94.17779,12.28,12.28,1,20212.47,1,1.0,"Carbamidomethylation",6255.344,"Potassium channel blocker AbTx21 OS=Androctonus bicolor OX=748906 PE=2 SV=1"
106,false,"A0A059UD51|A0A059UD51_MESGB",187.8335,20.31,20.31,3,7.2847674E8,3,44.0,"Carbamidomethylation; Deamidation (NQ)",7263.42,"Potassium channel toxin-like alpha-KTx 10.3 OS=Mesobuthus gibbosus OX=123226 PE=2 SV=1"
344,true,"P15228|AEP1_MESMA",90.096794,10.59,10.59,1,2064872.2,1,1.0,"Carbamidomethylation",9295.772,"Toxin BmKAEP OS=Mesobuthus martensii OX=34649 PE=1 SV=2"
304,true,"A0A398AM53|A0A398AM53_BRACM",63.130844,10.26,10.26,1,1.19116576E8,1,7.0,"Carbamidomethylation; Deamidation (NQ)",8475.72,"Knottin scorpion toxin-like domain-containing protein OS=Brassica campestris OX=3711 GN=BRARA_A00932 PE=4 SV=1"
154,true,"A0A0D4CYV3|A0A0D4CYV3_MESEU",229.7767,33.33,33.33,5,435155.0,1,24.0,"Carbamidomethylation; Deamidation (NQ)",7111.536,"I6 toxin (Fragment) OS=Mesobuthus eupeus OX=34648 PE=2 SV=1"
228,false,"B8XH04|B8XH04_BUTOS",111.49829,9.09,9.09,2,4.5211948E7,2,2.0,"",10239.037,"Putative excitatory toxin Tx402 OS=Buthus occitanus israelis OX=539894 PE=2 SV=1"
237,true,"A0A146CIT2|A0A146CIT2_MESEU",197.52054,20.45,20.45,4,1.1186368E7,2,8.0,"Carbamidomethylation",9951.804,"Sodium channel toxin meuNa9 OS=Mesobuthus eupeus OX=34648 PE=2 SV=1"
165,false,"A0A088DAE4|A0A088DAE4_MESEU",226.36722,42.11,42.11,5,3.83146176E8,5,19.0,"Carbamidomethylation; Deamidation (NQ)",6465.677,"Potassium channel blocker pMeKTx12-1 OS=Mesobuthus eupeus OX=34648 PE=2 SV=1"
34,false,"A0A143MGJ8|A0A143MGJ8_MESEU",363.75565,32.22,32.22,20,,1,65.0,"Carbamidomethylation; Oxidation (M)",10408.3955,"Potassium channel toxin meuK28-2 OS=Mesobuthus eupeus OX=34648 PE=2 SV=1"
204,true,"E4VP04|KAXU3_MESEU",174.77237,31.67,31.67,4,4.33510592E8,4,12.0,"Carbamidomethylation; Deamidation (NQ)",6822.169,"Potassium channel toxin MeuTXKalpha3 OS=Mesobuthus eupeus OX=34648 PE=1 SV=1"
345,true,"A0A1E1WVR3|A0A1E1WVR3_TITOB",23.03724,5.45,5.45,1,725731.2,1,1.0,"",12355.317,"Putative secreted protein (Fragment) OS=Tityus obscurus OX=1221240 PE=4 SV=1"
170,true,"A0A2I9LPM5|A0A2I9LPM5_9SCOR",225.98438,42.97,42.97,7,6908630.0,7,11.0,"Acetylation (Protein N-term)",14701.284,"Ubiquitin-ribosomal protein eL40 fusion protein OS=Centruroides hentzi OX=88313 PE=3 SV=1"
73,false,"A0A1L2FZD4|KAX88_ORTSC",94.17779,12.28,12.28,1,20212.47,1,1.0,"Carbamidomethylation",6385.6567,"Potassium channel toxin alpha-KTx 8.8 OS=Orthochirus scrobiculosus OX=6892 PE=1 SV=1"
28,true,"P01490|SCXA_MESEU",420.30804,75.38,75.38,29,7.9543238E8,13,114.0,"Carbamidomethylation; Deamidation (NQ); Acetylation (Protein N-term)",7373.314,"Alpha-toxin BeM10 OS=Mesobuthus eupeus OX=34648 PE=1 SV=1"
104,true,"P0DQN9|DEL2A_HOTJU",274.84442,65.62,65.62,11,7527110.0,1,70.0,"Deamidation (NQ); Carbamidomethylation",7127.0513,"Delta-buthitoxin-Hj2a OS=Hottentotta judaicus OX=6863 PE=1 SV=1"
194,false,"A0A1U8EZX8|A0A1U8EZX8_CAPAN",60.56386,5.83,5.83,1,294708.75,1,1.0,"",11770.762,"Knottin scorpion toxin-like domain-containing protein OS=Capsicum annuum OX=4072 GN=T459_18604 PE=4 SV=1"
260,true,"Q9NJC8|SC13_MESMA",138.50914,28.57,28.57,3,,1,4.0,"Carbamidomethylation",9318.79,"Toxin BmKaTx13 OS=Mesobuthus martensii OX=34649 PE=2 SV=1"
177,false,"P0C162|KAX29_CENEL",30.196234,15.38,15.38,1,451139.78,1,2.0,"Carbamidomethylation",4274.1045,"Potassium channel toxin alpha-KTx 2.9 OS=Centruroides elegans OX=217897 PE=1 SV=1"
264,true,"A0A8K1NCY9|A0A8K1NCY9_ANDCR",190.22539,20.42,20.42,3,208316.02,3,3.0,"Carbamidomethylation",20945.21,"Triosephosphate isomerase OS=Androctonus crassicauda OX=122909 PE=2 SV=1"
136,true,"A0A146CIZ3|A0A146CIZ3_MESEU",267.3096,29.31,29.31,7,1.5059695E7,7,19.0,"Carbamidomethylation; Deamidation (NQ)",13464.265,"Venom toxin meuEnz24 OS=Mesobuthus eupeus OX=34648 PE=2 SV=1"
346,true,"F1LMY4|RYR1_RAT",31.038675,0.36,0.36,1,,1,1.0,"",565482.6,"Ryanodine receptor 1 OS=Rattus norvegicus OX=10116 GN=Ryr1 PE=1 SV=1"
115,false,"P16341|KAX51_LEIHE",189.42218,74.19,74.19,5,1.18206771E9,5,17.0,"Carbamidomethylation; Deamidation (NQ)",3430.1694,"Potassium channel toxin alpha-KTx 5.1 OS=Leiurus hebraeus OX=6884 PE=1 SV=1"
155,true,"Q8MQL0|KA163_MESMA",255.30025,59.32,59.32,8,2687304.8,1,31.0,"Carbamidomethylation",6482.803,"Potassium channel toxin alpha-KTx 16.3 OS=Mesobuthus martensii OX=34649 PE=2 SV=1"
177,false,"B8XH48|B8XH48_BUTOS",30.196234,9.84,9.84,1,451139.78,1,2.0,"Carbamidomethylation",6650.2876,"Putative potassium channel toxin Tx821 OS=Buthus occitanus israelis OX=539894 PE=2 SV=1"
137,true,"P60268|CTXI3_MESEU",249.33412,38.89,38.89,6,384105.8,1,10.0,"Oxidation (M); Carbamidomethylation; Deamidation (NQ)",4080.7449,"Insectotoxin-I3 OS=Mesobuthus eupeus OX=34648 PE=1 SV=1"
75,true,"P60270|CTXI5_MESEU",310.24512,57.14,57.14,12,437709.5,2,39.0,"Carbamidomethylation; Deamidation (NQ); Oxidation (M)",3834.5747,"Insectotoxin-I5 OS=Mesobuthus eupeus OX=34648 PE=1 SV=1"
177,false,"C0HM72|KAX2N_CENBO",30.196234,15.38,15.38,1,451139.78,1,2.0,"Carbamidomethylation",4363.241,"Potassium channel toxin alpha-KTx 2.23 (Fragment) OS=Centruroides bonito OX=3035065 PE=1 SV=1"
347,true,"A0A2I9LPH0|A0A2I9LPH0_9SCOR",96.52231,3.05,3.05,1,38121.746,1,1.0,"",57068.1,"Pyruvate kinase OS=Centruroides hentzi OX=88313 PE=3 SV=1"
283,false,"D0UMX5|D0UMX5_HADAR",88.09183,4.95,4.95,1,134038.83,1,1.0,"Carbamidomethylation",24845.645,"Glucose-6-phosphate isomerase (Fragment) OS=Hadrurus arizonensis OX=88316 PE=2 SV=1"
105,true,"A0A1E1WVN1|A0A1E1WVN1_TITOB",298.48737,15.61,15.61,12,1967458.2,4,19.0,"Deamidation (NQ)",72269.9,"Putative hemocyanin subunit OS=Tityus obscurus OX=1221240 PE=4 SV=1"
177,false,"C0HJW6|KAX2G_CENTE",30.196234,15.38,15.38,1,451139.78,1,2.0,"Carbamidomethylation",4345.267,"Potassium channel toxin alpha-KTx 2.16 OS=Centruroides tecomanus OX=1028682 PE=1 SV=1"
5,false,"A0A143FHE4|A0A143FHE4_MESEU",479.0696,71.76,71.76,50,2345322.8,1,418.0,"Carbamidomethylation; Deamidation (NQ)",9414.794,"Venom sodium channel toxin-3 (Fragment) OS=Mesobuthus eupeus OX=34648 GN=VSCT-3 PE=4 SV=1"
177,false,"P0DUI4|KAX2K_CENTE",30.196234,9.68,9.68,1,451139.78,1,2.0,"Carbamidomethylation",6883.3022,"Toxin Ct28 OS=Centruroides tecomanus OX=1028682 PE=1 SV=1"
248,false,"Q686T0|Q686T0_MESGB",195.35854,24.37,24.37,3,1000327.2,3,5.0,"Carbamidomethylation",12893.472,"CG10527-like methyltransferase (Fragment) OS=Mesobuthus gibbosus OX=123226 GN=mt PE=4 SV=1"
140,false,"B8XGY1|B8XGY1_BUTOS",228.66614,24.42,24.42,6,383877.22,1,60.0,"Deamidation (NQ); Carbamidomethylation",9625.001,"Putative alpha toxin Tx93 OS=Buthus occitanus israelis OX=539894 PE=2 SV=1"
198,false,"P60258|SCXD_BUTOM",97.45584,15.71,15.71,1,3103061.0,1,1.0,"Carbamidomethylation",7964.0117,"Toxin Boma6d OS=Buthus occitanus mardochei OX=6869 PE=3 SV=1"
171,true,"M1JMR8|SCX8_ANDCR",220.74754,46.97,46.97,5,2.146658E7,1,7.0,"Carbamidomethylation; Deamidation (NQ)",7538.515,"Sodium channel alpha-toxin Acra8 OS=Androctonus crassicauda OX=122909 PE=3 SV=1"
248,false,"Q686W4|Q686W4_MESGB",195.35854,24.37,24.37,3,1000327.2,3,5.0,"Carbamidomethylation",12885.172,"CG10527-like methyltransferase (Fragment) OS=Mesobuthus gibbosus OX=123226 GN=mettrans PE=4 SV=1"
177,false,"C0HM77|KAX2M_CENBO",30.196234,15.38,15.38,1,451139.78,1,2.0,"Carbamidomethylation",4331.24,"Potassium channel toxin alpha-KTx 2.22 (Fragment) OS=Centruroides bonito OX=3035065 PE=1 SV=1"
348,true,"P80669|KAX93_LEIHE",59.56765,57.14,57.14,1,,1,1.0,"Acetylation (Protein N-term); Deamidation (NQ); Carbamidomethylation",2954.405,"Potassium channel toxin alpha-KTx 9.3 OS=Leiurus hebraeus OX=6884 PE=1 SV=1"
83,true,"A0A146CJ24|A0A146CJ24_MESEU",331.47733,49.44,49.44,14,3.1820988E7,11,21.0,"Carbamidomethylation; Oxidation (M)",10268.952,"Venom peptide meuPep26 OS=Mesobuthus eupeus OX=34648 PE=2 SV=1"
265,true,"A0A0K0LBU0|A0A0K0LBU0_9SCOR",185.99939,29.89,29.89,3,1387011.6,1,10.0,"Carbamidomethylation",10033.56,"Sodium channel blocker AbNaTx21 OS=Androctonus bicolor OX=748906 PE=2 SV=1"
349,true,"F1CJ20|F1CJ20_HOTJU",99.61249,2.29,2.29,1,1271121.4,1,2.0,"",39999.438,"Putative hemolectin (Fragment) OS=Hottentotta judaicus OX=6863 PE=2 SV=1"
102,false,"V9LLY8|V9LLY8_MESMA",134.39583,26.32,26.32,3,8.3093677E8,3,8.0,"Deamidation (NQ); Carbamidomethylation",6383.6943,"Toxin BmTX4 OS=Mesobuthus martensii OX=34649 PE=4 SV=1"
240,false,"A0A0C9RFL2|A0A0C9RFL2_TITBA",154.02972,4.62,4.62,2,504698.8,2,4.0,"Carbamidomethylation",42817.16,"TSA: Tityus bahiensis Tbah00827 mRNA sequence OS=Tityus bahiensis OX=50343 PE=2 SV=1"
134,true,"A0A088D9P9|A0A088D9P9_MESEU",250.72404,59.32,59.32,9,3727181.5,1,32.0,"Carbamidomethylation",6415.7163,"Potassium channel blocker pMeKTx10-2a OS=Mesobuthus eupeus OX=34648 PE=2 SV=1"
239,true,"A0A8K1NDQ8|A0A8K1NDQ8_ANDCR",186.4971,8.89,8.89,4,1085794.1,4,5.0,"Carbamidomethylation",58083.64,"Catalase OS=Androctonus crassicauda OX=122909 PE=2 SV=1"
350,true,"F1CJ26|F1CJ26_HOTJU",68.01788,3.29,3.29,1,306047.34,1,1.0,"",27663.578,"M12B metalloprotease (Fragment) OS=Hottentotta judaicus OX=6863 PE=2 SV=1"
351,true,"B8XH13|B8XH13_BUTOS",35.70829,9.09,9.09,1,614270.44,1,1.0,"Carbamidomethylation",8676.103,"Putative depressant toxin Tx396 OS=Buthus occitanus israelis OX=539894 PE=2 SV=1"
73,false,"P56215|KAX81_ANDMA",94.17779,24.14,24.14,1,20212.47,1,1.0,"Carbamidomethylation",3184.5613,"Potassium channel toxin alpha-KTx 8.1 OS=Androctonus mauritanicus mauritanicus OX=6860 PE=1 SV=1"
156,true,"A0A2I9LPI1|A0A2I9LPI1_9SCOR",286.73126,24.83,24.83,8,410441.66,4,10.0,"Carbamidomethylation",50225.4,"Rab GDP dissociation inhibitor OS=Centruroides hentzi OX=88313 PE=3 SV=1"
264,false,"A0A8K1NDR3|A0A8K1NDR3_HEMLE",104.99435,4.84,4.84,1,,1,1.0,"Carbamidomethylation",26827.754,"Triosephosphate isomerase OS=Hemiscorpius lepturus OX=520031 PE=2 SV=1"
352,true,"P01484|SCX2_ANDAU",27.894434,21.18,21.18,1,1.0273899E7,1,4.0,"Deamidation (NQ); Carbamidomethylation",9547.918,"Alpha-mammal toxin AaH2 OS=Androctonus australis OX=6858 PE=1 SV=3"
170,true,"A0A2I9LPN2|A0A2I9LPN2_9SCOR",225.98438,35.26,35.26,7,6908630.0,7,11.0,"Acetylation (Protein N-term)",17900.895,"60S ribosomal protein L40A OS=Centruroides hentzi OX=88313 PE=3 SV=1"
9,false,"E4VNZ8|E4VNZ8_MESEU",458.8213,66.77,66.77,42,3.29689165E9,30,146.0,"Oxidation (M); Carbamidomethylation; Deamidation (NQ)",35601.562,"Venom metalloprotease-2 (Fragment) OS=Mesobuthus eupeus OX=34648 GN=VP-2 PE=2 SV=1"
353,true,"A0A2I9LNT8|A0A2I9LNT8_9SCOR",21.300217,10.74,10.74,1,71409.15,1,1.0,"",16810.557,"Calglandulin OS=Centruroides hentzi OX=88313 PE=4 SV=1"
157,true,"B8XGZ0|B8XGZ0_BUTOS",235.5579,65.88,65.88,7,81234.69,1,11.0,"Carbamidomethylation; Deamidation (NQ)",9517.932,"Putative alpha toxin Tx613 OS=Buthus occitanus israelis OX=539894 PE=2 SV=1"
354,true,"A0A1W7R9Z8|A0A1W7R9Z8_9SCOR",70.784645,1.36,1.36,1,2064035.0,1,3.0,"",68322.42,"Angiotensin-converting enzyme OS=Hadrurus spadix OX=141984 PE=3 SV=1"
201,false,"A0A1W7RAC2|A0A1W7RAC2_9SCOR",131.49799,2.74,2.74,2,,1,2.0,"",72913.67,"Heat shock 70 kDa protein cognate 3 OS=Hadrurus spadix OX=141984 PE=3 SV=1"
266,true,"P0C2F3|KBX1_TITST",183.21945,36.67,36.67,3,,1,4.0,"Carbamidomethylation; Deamidation (NQ)",6722.7666,"Potassium channel toxin Tst-beta-KTx OS=Tityus stigmurus OX=50344 PE=1 SV=1"
267,true,"A0A2I9LPG6|A0A2I9LPG6_9SCOR",183.24696,7.93,7.93,3,73259.62,3,4.0,"Carbamidomethylation",67871.48,"Polypeptide N-acetylgalactosaminyltransferase OS=Centruroides hentzi OX=88313 PE=3 SV=1"
208,true,"B8XH52|B8XH52_BUTOS",224.5951,27.85,27.85,5,,2,5.0,"Carbamidomethylation",9055.501,"Putative toxin Tx776 OS=Buthus occitanus israelis OX=539894 PE=2 SV=1"
83,false,"A0A0B4KJR4|A0A0B4KJR4_MESMA",324.34088,40.48,40.48,13,2.61267E7,10,20.0,"Carbamidomethylation; Oxidation (M)",9642.181,"HAP-1 OS=Mesobuthus martensii OX=34649 PE=2 SV=1"
205,true,"P0C1B5|ALTI_PARTR",206.0381,29.31,29.31,4,6039844.0,1,9.0,"Deamidation (NQ); Carbamidomethylation",6603.414,"Altitoxin OS=Parabuthus transvaalicus OX=170972 PE=1 SV=2"
268,true,"A0A2I9LNW4|A0A2I9LNW4_9SCOR",189.59285,9.67,9.67,3,805023.4,3,4.0,"",51772.79,"Cathepsin F-like cysteine proteinase OS=Centruroides hentzi OX=88313 PE=3 SV=1"
305,true,"Q95P88|DEF_MESMA",107.126526,13.11,13.11,2,1069959.6,1,2.0,"",6746.807,"Defensin-like peptide TXKs2 OS=Mesobuthus martensii OX=34649 PE=2 SV=1"
208,true,"B8XH51|B8XH51_BUTOS",224.5951,28.21,28.21,5,,2,5.0,"Carbamidomethylation",8910.282,"Putative toxin Tx707 (Fragment) OS=Buthus occitanus israelis OX=539894 PE=2 SV=1"
8,true,"P86100|HYAL1_MESMA",454.45624,56.10,56.10,45,8.983815E8,33,152.0,"Carbamidomethylation; Deamidation (NQ); Oxidation (M)",47433.453,"Hyaluronidase-1 OS=Mesobuthus martensii OX=34649 PE=1 SV=2"
184,false,"Q8MWI2|Q8MWI2_9NEOP",145.1741,5.25,5.25,2,639762.6,2,2.0,"",39310.14,"Elongation factor 1-alpha (Fragment) OS=Panorpa japonica OX=75384 GN=Ef-1a PE=3 SV=1"
121,true,"A0A146CIV8|A0A146CIV8_MESEU",288.27795,36.00,36.00,9,4.18962624E8,6,28.0,"Carbamidomethylation; Deamidation (NQ)",11308.857,"Sodium channel toxin meuNaTx-4 OS=Mesobuthus eupeus OX=34648 PE=2 SV=1"
282,false,"A0A059UI27|A0A059UI27_MESGB",80.95368,6.98,6.98,1,1.517416E7,1,1.0,"",9463.982,"Depressant insect toxin-like protein OS=Mesobuthus gibbosus OX=123226 PE=2 SV=1"
269,true,"A0A2I9LP26|A0A2I9LP26_9SCOR",103.45126,4.00,4.00,3,119716.7,3,4.0,"",97686.67,"Alpha-1,4 glucan phosphorylase OS=Centruroides hentzi OX=88313 PE=3 SV=1"
355,true,"A0A1W7RAI2|A0A1W7RAI2_9SCOR",49.888138,6.11,6.11,1,244338.78,1,1.0,"",14502.683,"Fatty acid-binding protein OS=Hadrurus spadix OX=141984 PE=3 SV=1"
177,false,"P0C161|KAX28_CENEL",30.196234,15.38,15.38,1,451139.78,1,2.0,"Carbamidomethylation",4260.0776,"Potassium channel toxin alpha-KTx 2.8 OS=Centruroides elegans OX=217897 PE=1 SV=1"
356,true,"A0A1W4X7B0|A0A1W4X7B0_AGRPL",41.252213,0.28,0.28,1,,1,1.0,"",316073.3,"Fibrillin-2 isoform X2 OS=Agrilus planipennis OX=224129 GN=LOC108739042 PE=4 SV=1"
208,true,"A0A0U4QVR7|A0A0U4QVR7_ODODO",224.5951,27.85,27.85,5,,2,5.0,"Carbamidomethylation",9148.603,"Toxin Tx1 OS=Odontobuthus doriae OX=342590 GN=Tx1 PE=2 SV=1"
55,true,"A0A1E1WW95|A0A1E1WW95_TITOB",364.24164,30.30,30.30,18,1298947.2,3,38.0,"Carbamidomethylation; Deamidation (NQ); Oxidation (M)",72098.45,"Putative hemocyanin subunit OS=Tityus obscurus OX=1221240 PE=3 SV=1"
356,true,"A0A1W4WWI1|A0A1W4WWI1_AGRPL",41.252213,0.28,0.28,1,,1,1.0,"",316172.47,"Fibrillin-2 isoform X1 OS=Agrilus planipennis OX=224129 GN=LOC108739042 PE=4 SV=1"
265,true,"A0A0K0LBU9|A0A0K0LBU9_9SCOR",185.99939,31.33,31.33,3,1387011.6,1,10.0,"Carbamidomethylation",9486.951,"Sodium channel blocker AbNaTx26 OS=Androctonus bicolor OX=748906 PE=2 SV=1"
44,true,"A0A5P8U2Q8|A0A5P8U2Q8_MESEU",373.9633,88.24,88.24,23,,1,38.0,"Carbamidomethylation; Deamidation (NQ)",7500.501,"Toxin (Fragment) OS=Mesobuthus eupeus OX=34648 PE=2 SV=1"
357,true,"A0A7S8RFI7|SCX37_TITSE",39.18812,8.24,8.24,1,2.5463464E7,1,3.0,"",9353.889,"Putative sodium channel toxin Ts37 OS=Tityus serrulatus OX=6887 PE=3 SV=1"
122,true,"C0HJQ5|KAX87_MESEU",286.35638,66.67,66.67,9,2.86542144E8,7,18.0,"Carbamidomethylation; Deamidation (NQ); Oxidation (M)",6416.6733,"Potassium channel toxin alpha-KTx 8.7 OS=Mesobuthus eupeus OX=34648 PE=1 SV=1"
158,true,"Q8MUB1|KA221_MESMA",280.25693,24.19,24.19,8,2.38554432E8,8,20.0,"Carbamidomethylation",7139.401,"Potassium channel toxin alpha-KTx 22.1 OS=Mesobuthus martensii OX=34649 PE=2 SV=2"
358,true,"A0A2I9LNQ7|A0A2I9LNQ7_9SCOR",95.492584,16.07,16.07,1,487292.06,1,1.0,"Carbamidomethylation",6356.501,"AKTx OS=Centruroides hentzi OX=88313 PE=4 SV=1"
51,true,"Q6WJF5|LV1A_MESMA",350.90414,41.84,41.84,16,6.6275987E8,8,46.0,"Carbamidomethylation; Deamidation (NQ)",11329.1045,"Lipolysis-activating peptide 1-alpha chain OS=Mesobuthus martensii OX=34649 GN=LVP1a PE=1 SV=3"
306,true,"A0A088DB48|A0A088DB48_MESEU",105.08854,24.59,24.59,2,1.51260688E8,2,2.0,"Carbamidomethylation; Deamidation (NQ)",6662.1353,"Potassium channel blocker pMeKTx13-2c OS=Mesobuthus eupeus OX=34648 PE=2 SV=1"
262,false,"A0A7S8RGB6|A0A7S8RGB6_TITSE",93.80799,2.31,2.31,1,567793.25,1,2.0,"",39130.21,"Putative peptidyl-glycine alpha-hydroxylating monooxygenase OS=Tityus serrulatus OX=6887 PE=2 SV=1"
209,true,"A0A1E1WVL0|A0A1E1WVL0_TITOB",204.10968,9.25,9.25,5,3677714.2,5,6.0,"",46784.06,"Ectonucleotide pyrophosphatase/phosphodiesterase OS=Tityus obscurus OX=1221240 PE=4 SV=1"
140,false,"F0V3W0|F0V3W0_HOTJU",228.66614,24.71,24.71,6,383877.22,1,60.0,"Deamidation (NQ); Carbamidomethylation",9311.793,"Alpha neurotoxin precusor OS=Hottentotta judaicus OX=6863 GN=aIT PE=2 SV=1"
83,false,"A0A0C4G490|A0A0C4G490_MESMA",324.34088,56.67,56.67,13,2.61267E7,10,20.0,"Carbamidomethylation; Oxidation (M)",6753.6455,"KIP (Fragment) OS=Mesobuthus martensii OX=34649 PE=2 SV=2"
70,false,"E4VP17|E4VP17_MESEU",45.716244,13.04,13.04,1,1292335.5,1,1.0,"",5282.381,"Venom antimicrobial peptide-4 OS=Mesobuthus eupeus OX=34648 PE=2 SV=1"
115,false,"P59870|KAX55_HOTTA",84.79066,22.58,22.58,2,8.5497619E8,2,9.0,"",3439.1187,"Potassium channel toxin alpha-KTx 5.5 OS=Hottentotta tamulus OX=34647 PE=1 SV=1"
299,true,"A0A088DB03|A0A088DB03_MESEU",78.35005,23.64,23.64,2,1.2903473E7,2,4.0,"Carbamidomethylation",6266.493,"Potassium channel blocker pMeKTx7-3 OS=Mesobuthus eupeus OX=34648 PE=2 SV=1"
270,true,"A0A2I9LPU9|A0A2I9LPU9_9SCOR",76.18577,2.95,2.95,3,2513942.0,2,3.0,"Carbamidomethylation",78899.04,"Transferrin OS=Centruroides hentzi OX=88313 PE=3 SV=1"
264,false,"D0US00|D0US00_HADAR",104.99435,8.16,8.16,1,,1,1.0,"Carbamidomethylation",15874.356,"Triosephosphate isomerase (Fragment) OS=Hadrurus arizonensis OX=88316 PE=2 SV=1"
271,true,"A0A2I9LPI6|A0A2I9LPI6_9SCOR",184.47684,18.05,18.05,3,,3,4.0,"",23072.176,"Ras related protein OS=Centruroides hentzi OX=88313 PE=3 SV=1"
359,true,"A0A2I9LNM8|A0A2I9LNM8_9SCOR",83.78497,5.52,5.52,1,31791.984,1,1.0,"",20616.715,"ADP-ribosylation factor OS=Centruroides hentzi OX=88313 PE=3 SV=1"
210,true,"A0A0K0LC99|A0A0K0LC99_9SCOR",240.70819,51.09,51.09,5,9.1896744E7,2,13.0,"Acetylation (Protein N-term); Carbamidomethylation",10213.245,"Cellular protein AbCp-54 (Fragment) OS=Androctonus bicolor OX=748906 PE=2 SV=1"
138,true,"Q9NJC7|SC11_MESMA",262.48965,41.18,41.18,8,675028.1,2,11.0,"Carbamidomethylation; Deamidation (NQ)",9523.933,"BmK AGP-SYPU2 OS=Mesobuthus martensii OX=34649 PE=1 SV=1"
334,true,"E4VP11|E4VP11_MESEU",35.24445,8.00,8.00,1,489294.78,1,1.0,"",8686.419,"Venom antimicrobial peptide OS=Mesobuthus eupeus OX=34648 GN=VAMP-3 PE=2 SV=1"
360,true,"A0AA49XAB9|A0AA49XAB9_ANDCR",97.21401,5.38,5.38,1,91799.086,1,1.0,"Carbamidomethylation",32157.424,"Secretory phospholipase A2 isoform X4 OS=Androctonus crassicauda OX=122909 PE=2 SV=1"
59,false,"E6Y2S5|E6Y2S5_MESMA",336.92236,42.02,42.02,15,7878446.0,15,21.0,"Deamidation (NQ)",42013.03,"Beta-actin OS=Mesobuthus martensii OX=34649 PE=2 SV=1"
171,false,"P01482|SCX5_ANDMA",211.18092,23.44,23.44,4,2.146658E7,1,6.0,"Carbamidomethylation; Deamidation (NQ)",7301.2476,"Alpha-toxin Amm5 OS=Androctonus mauritanicus mauritanicus OX=6860 PE=1 SV=1"
240,true,"A0A1E1WVU9|A0A1E1WVU9_TITOB",219.69215,12.56,12.56,4,1016279.6,4,8.0,"Carbamidomethylation",42814.13,"Putative cathepsin D-like protein OS=Tityus obscurus OX=1221240 PE=3 SV=1"
73,false,"A0A0K0LBX0|A0A0K0LBX0_9SCOR",94.17779,12.28,12.28,1,20212.47,1,1.0,"Carbamidomethylation",6299.4585,"Potassium channel blocker AbTx14 OS=Androctonus bicolor OX=748906 PE=2 SV=1"
361,true,"G4WFQ5|G4WFQ5_MESEU",87.85164,19.32,19.32,1,,1,1.0,"Carbamidomethylation; Deamidation (NQ)",10127.661,"NaTxalpha-C5-2 OS=Mesobuthus eupeus OX=34648 PE=4 SV=1"
38,true,"A0A059UI30|KBX1_MESGB",395.98343,65.93,65.93,25,2.5030761E9,2,68.0,"Carbamidomethylation; Oxidation (M); Deamidation (NQ)",10211.102,"Potassium channel toxin Meg-beta-KTx1 OS=Mesobuthus gibbosus OX=123226 PE=3 SV=1"
272,true,"A0A0C9RFK9|A0A0C9RFK9_TITBA",186.78136,12.44,12.44,3,1141100.8,2,3.0,"Carbamidomethylation; Deamidation (NQ)",44943.79,"TSA: Tityus bahiensis Tbah00905 mRNA sequence OS=Tityus bahiensis OX=50343 PE=2 SV=1"
228,false,"B8XH05|B8XH05_BUTOS",111.49829,9.09,9.09,2,4.5211948E7,2,2.0,"",10212.999,"Putative excitatory toxin Tx696 OS=Buthus occitanus israelis OX=539894 PE=2 SV=1"
123,true,"A0A088DAY3|A0A088DAY3_MESEU",255.25323,49.21,49.21,8,2.79710528E8,8,17.0,"Carbamidomethylation; Deamidation (NQ)",7254.5786,"Potassium channel blocker pMeKTx25-1 OS=Mesobuthus eupeus OX=34648 PE=2 SV=1"
76,true,"M4GX67|SCBTY_MESMA",343.83133,65.06,65.06,16,5.7977148E7,7,24.0,"Carbamidomethylation; Deamidation (NQ)",9611.241,"BmKBT-like peptide OS=Mesobuthus martensii OX=34649 PE=2 SV=1"
177,false,"A0A0K0LBX5|A0A0K0LBX5_9SCOR",30.196234,10.00,10.00,1,451139.78,1,2.0,"Carbamidomethylation",6574.073,"Potassium channel blocker AbTx9 OS=Androctonus bicolor OX=748906 PE=2 SV=1"
248,false,"Q686U5|Q686U5_MESGB",195.35854,24.37,24.37,3,1000327.2,3,5.0,"Carbamidomethylation",12875.928,"CG10527-like methyltransferase (Fragment) OS=Mesobuthus gibbosus OX=123226 GN=mt PE=4 SV=1"
73,false,"A0A0K0LBZ2|A0A0K0LBZ2_9SCOR",94.17779,12.28,12.28,1,20212.47,1,1.0,"Carbamidomethylation",6285.4316,"Potassium channel blocker AbTx13 OS=Androctonus bicolor OX=748906 PE=2 SV=1"
3,true,"A0A146CJ08|A0A146CJ08_MESEU",478.32892,96.97,96.97,55,2.20032845E9,21,219.0,"Carbamidomethylation; Deamidation (NQ)",7482.4565,"Venom toxin meuNaTx-2 (Fragment) OS=Mesobuthus eupeus OX=34648 PE=2 SV=1"
241,true,"A0A2I9LPF5|A0A2I9LPF5_9SCOR",166.63487,14.21,14.21,4,901479.56,3,4.0,"",22038.402,"thioredoxin-dependent peroxiredoxin OS=Centruroides hentzi OX=88313 PE=3 SV=1"
205,true,"P58752|BIRT_PARTR",206.0381,29.31,29.31,4,6039844.0,1,9.0,"Deamidation (NQ); Carbamidomethylation",6548.291,"Birtoxin OS=Parabuthus transvaalicus OX=170972 PE=1 SV=1"
176,true,"Q9GQW3|SC12_MESMA",236.14177,27.06,27.06,7,996717.9,2,11.0,"Carbamidomethylation; Deamidation (NQ)",9649.178,"Toxin BmKaIT1 OS=Mesobuthus martensii OX=34649 PE=1 SV=1"
362,true,"B8XH20|B8XH20_BUTOS",82.68158,7.50,7.50,1,322199.44,1,1.0,"Carbamidomethylation",8913.47,"Putative depressant toxin Tx700 OS=Buthus occitanus israelis OX=539894 PE=2 SV=1"
242,true,"E4VP01|E4VP01_MESEU",192.4032,54.93,54.93,3,2508214.0,3,6.0,"Carbamidomethylation; Deamidation (NQ)",7723.846,"Venom toxin-like peptide OS=Mesobuthus eupeus OX=34648 GN=vtoxinlip-1 PE=2 SV=1"
363,true,"E7D079|E7D079_MESEU",98.97772,39.47,39.47,1,,1,1.0,"Carbamidomethylation; Deamidation (NQ)",4226.7363,"Truncated sodium channel neurotoxin alpha type MeuNaTxalpha-14 (Fragment) OS=Mesobuthus eupeus OX=34648 PE=2 SV=1"
177,true,"Q9NII7|KAX36_MESMA",193.545,33.33,33.33,6,1.12127283E9,6,12.0,"Carbamidomethylation; Deamidation (NQ)",6461.9414,"Potassium channel toxin alpha-KTx 3.6 OS=Mesobuthus martensii OX=34649 PE=1 SV=1"
307,true,"A0A1E1WVS9|A0A1E1WVS9_TITOB",145.72955,11.45,11.45,2,3279513.5,1,2.0,"Carbamidomethylation; Deamidation (NQ)",29761.695,"Putative serine proteinase chymotrypsin-like protein OS=Tityus obscurus OX=1221240 PE=3 SV=1"
92,true,"P86404|SCXN4_MESEU",320.77322,58.14,58.14,14,126120.15,2,26.0,"Carbamidomethylation; Deamidation (NQ)",9441.992,"Sodium channel neurotoxin MeuNaTxalpha-4 OS=Mesobuthus eupeus OX=34648 PE=1 SV=2"
308,true,"B8XGY3|B8XGY3_BUTOS",119.175125,16.28,16.28,2,,1,2.0,"Deamidation (NQ); Carbamidomethylation",9307.013,"Putative alpha toxin Tx120 OS=Buthus occitanus israelis OX=539894 PE=2 SV=1"
59,false,"C5J8B7|C5J8B7_OPICY",275.35464,50.54,50.54,7,2976389.8,7,10.0,"Carbamidomethylation; Deamidation (NQ)",20888.025,"Actin (Fragment) OS=Opisthacanthus cayaporum OX=573324 GN=act PE=2 SV=1"
296,true,"V9P462|V9P462_MESEU",104.670876,12.20,12.20,1,4.2267844E7,1,5.0,"Deamidation (NQ); Carbamidomethylation",9688.136,"Meutoxin-1 OS=Mesobuthus eupeus OX=34648 PE=2 SV=1"
106,true,"A0A088DB18|A0A088DB18_MESEU",280.45596,53.12,53.12,8,1.21079066E9,8,58.0,"Carbamidomethylation; Deamidation (NQ)",7211.436,"Potassium channel blocker pMeKTx17-1 OS=Mesobuthus eupeus OX=34648 PE=2 SV=1"
29,true,"E4VP53|E4VP53_MESEU",417.15527,63.33,63.33,32,2.26293056E8,22,59.0,"Carbamidomethylation; Deamidation (NQ); Oxidation (M)",30370.545,"Chymotrypsin-like protease-4 OS=Mesobuthus eupeus OX=34648 PE=2 SV=1"
63,true,"Q9GYX2|SCA1_MESMA",344.1003,60.00,60.00,16,8.8339952E7,2,58.0,"Carbamidomethylation; Deamidation (NQ)",9365.738,"Toxin BmKa1 OS=Mesobuthus martensii OX=34649 PE=2 SV=1"
70,true,"P0CH57|NDB51_MESEU",317.4086,40.91,40.91,14,8.4357818E8,2,55.0,"Carbamidomethylation; Oxidation (M); Deamidation (NQ)",10143.949,"Potassium channel toxin MeuTXKbeta3-meucin-24 OS=Mesobuthus eupeus OX=34648 PE=1 SV=1"
211,true,"A0A2I9LPF2|A0A2I9LPF2_9SCOR",222.67624,9.73,9.73,5,133586.72,5,6.0,"",72064.62,"Plastin-2 OS=Centruroides hentzi OX=88313 PE=4 SV=1"
84,true,"A0A1E1WVS7|A0A1E1WVS7_TITOB",326.46982,20.25,20.25,15,2084112.0,6,23.0,"Carbamidomethylation; Deamidation (NQ)",72760.12,"Putative hemocyanin subunit OS=Tityus obscurus OX=1221240 PE=4 SV=1"
212,true,"A0A1W7RB80|A0A1W7RB80_9SCOR",215.93283,21.22,21.22,5,691317.4,5,6.0,"",28062.393,"14-3-3 protein zeta OS=Hadrurus spadix OX=141984 PE=3 SV=1"
282,false,"A0A059UED5|A0A059UED5_MESGB",80.95368,6.98,6.98,1,1.517416E7,1,1.0,"",9403.915,"Depressant insect toxin-like protein OS=Mesobuthus gibbosus OX=123226 PE=2 SV=1"
59,false,"A0A1W7RB59|A0A1W7RB59_9SCOR",358.67413,57.45,57.45,17,8674531.0,17,25.0,"Deamidation (NQ); Carbamidomethylation",41779.754,"Actin OS=Hadrurus spadix OX=141984 PE=3 SV=1"
339,true,"A0A2I9LPW7|A0A2I9LPW7_9SCOR",56.152378,5.35,5.35,1,,1,1.0,"Carbamidomethylation",49881.42,"Tubulin alpha chain OS=Centruroides hentzi OX=88313 PE=3 SV=1"
184,false,"A0A0U1SPK7|A0A0U1SPK7_ISOMC",156.74358,10.98,10.98,2,,2,2.0,"",27499.678,"Tr-type G domain-containing protein (Fragment) OS=Isometrus maculatus OX=497827 PE=2 SV=1"
118,false,"A0A2I9LNP4|A0A2I9LNP4_9SCOR",276.24225,26.56,26.56,9,813163.0,3,10.0,"Carbamidomethylation",46517.09,"Enolase OS=Centruroides hentzi OX=88313 PE=3 SV=1"
107,true,"A0A1W7RAE6|A0A1W7RAE6_9SCOR",312.28506,14.08,14.08,12,713912.6,1,21.0,"Carbamidomethylation; Oxidation (M)",72110.414,"Hemocyanin subunit 6 OS=Hadrurus spadix OX=141984 PE=3 SV=1"
234,true,"A0A8K1K274|A0A8K1K274_HEMLE",206.03265,14.20,14.20,4,541714.7,4,4.0,"Carbamidomethylation",36294.336,"Glyceraldehyde-3-phosphate dehydrogenase OS=Hemiscorpius lepturus OX=520031 PE=2 SV=1"
178,true,"A0A7U1GJT2|A0A7U1GJT2_HEMLE",240.98413,17.09,17.09,7,172257.25,2,7.0,"Carbamidomethylation",46812.36,"Enolase OS=Hemiscorpius lepturus OX=520031 PE=2 SV=1"
251,false,"P0C5J7|SCXT_PARLS",23.070768,42.86,42.86,1,140718.03,1,2.0,"",1615.7299,"Insect toxin PlIT (Fragment) OS=Parabuthus liosoma OX=470425 PE=1 SV=1"
97,true,"A0A146CJD6|A0A146CJD6_MESEU",282.48856,81.82,81.82,11,,1,36.0,"Carbamidomethylation; Deamidation (NQ); Oxidation (M)",4710.5264,"Venom toxin meu14toxinB OS=Mesobuthus eupeus OX=34648 PE=2 SV=1"
260,false,"Q6IZE1|Q6IZE1_MESMA",114.36285,27.27,27.27,2,,1,2.0,"Carbamidomethylation",7335.318,"Neurotoxin Mm1 (Fragment) OS=Mesobuthus martensii OX=34649 PE=2 SV=1"
364,true,"F1CIV1|F1CIV1_HOTJU",84.716286,34.88,34.88,1,135890.05,1,1.0,"Carbamidomethylation",4440.1353,"Ryanodine-receptor toxin isoform 2 OS=Hottentotta judaicus OX=6863 PE=2 SV=1"
365,true,"D9U2A8|KA159_LYCMC",45.039642,15.00,15.00,1,,1,1.0,"",6526.0044,"Potassium channel toxin alpha-KTx 15.9 OS=Lychas mucronatus OX=172552 PE=3 SV=1"
47,true,"P80476|HCY6_ANDAU",365.875,31.63,31.63,20,3142207.2,4,37.0,"Carbamidomethylation; Deamidation (NQ); Oxidation (M)",71785.79,"Hemocyanin AA6 chain OS=Androctonus australis OX=6858 PE=1 SV=1"
192,true,"A0A059UD62|A0A059UD62_MESGB",237.56306,23.44,23.44,6,2.2801726E7,3,12.0,"Carbamidomethylation",15169.232,"Putative phospholipase A2D (Fragment) OS=Mesobuthus gibbosus OX=123226 PE=2 SV=1"
77,true,"A0A023UH07|A0A023UH07_MESGB",295.27487,46.67,46.67,11,9.6762634E9,8,34.0,"Carbamidomethylation; Oxidation (M); Deamidation (NQ)",6824.2046,"Chlorotoxin-3 OS=Mesobuthus gibbosus OX=123226 GN=ClTx3 PE=4 SV=1"
248,false,"Q686U9|Q686U9_MESGB",195.35854,24.37,24.37,3,1000327.2,3,5.0,"Carbamidomethylation",12947.007,"CG10527-like methyltransferase (Fragment) OS=Mesobuthus gibbosus OX=123226 GN=mt PE=4 SV=1"
251,false,"P58296|SCXB_CENNO",23.070768,9.52,9.52,1,140718.03,1,2.0,"",6981.841,"Toxin Cn11 OS=Centruroides noxius OX=6878 PE=1 SV=1"
98,true,"A0A146CJ61|A0A146CJ61_MESEU",325.20566,57.83,57.83,13,2.6887846E7,2,26.0,"Carbamidomethylation; Oxidation (M)",9606.259,"Venom toxin meuTx21 OS=Mesobuthus eupeus OX=34648 PE=2 SV=1"
11,true,"A9XE60|KBX11_MESEU",469.20642,63.74,63.74,42,7.3664394E9,18,178.0,"Carbamidomethylation; Oxidation (M); Deamidation (NQ)",10338.16,"Potassium channel toxin MeuTXK-beta-1 OS=Mesobuthus eupeus OX=34648 PE=1 SV=1"
273,true,"C0HJQ2|KA192_BUTOC",185.06097,61.29,61.29,3,913170.9,1,4.0,"Carbamidomethylation",3400.0105,"Potassium channel toxin alpha-KTx 19.2 OS=Buthus occitanus tunetanus OX=6871 PE=1 SV=1"
177,false,"P46111|KAX32_LEIHE",30.196234,15.79,15.79,1,451139.78,1,2.0,"Carbamidomethylation",4096.9224,"Potassium channel toxin alpha-KTx 3.2 OS=Leiurus hebraeus OX=6884 PE=1 SV=1"
193,true,"B8XH22|CL758_BUTOS",207.34395,25.00,25.00,5,5.6096272E7,4,9.0,"Carbamidomethylation; Deamidation (NQ)",7081.1475,"Putative calcium channel toxin Tx758 OS=Buthus occitanus israelis OX=539894 PE=3 SV=1"
268,false,"A0A0C9RP93|A0A0C9RP93_TITBA",104.79903,2.24,2.24,1,364423.75,1,1.0,"",50989.1,"TSA: Tityus bahiensis Tbah00758 mRNA sequence OS=Tityus bahiensis OX=50343 PE=2 SV=1"
58,true,"A0A2I9LP14|A0A2I9LP14_9SCOR",354.81744,30.03,30.03,17,2616265.5,3,38.0,"Carbamidomethylation; Deamidation (NQ); Oxidation (M)",71915.16,"Hemocyanin subunit F OS=Centruroides hentzi OX=88313 PE=4 SV=1"
343,true,"A0A2I9LPT6|A0A2I9LPT6_9SCOR",96.5116,7.74,7.74,1,,1,2.0,"",16987.12,"Eukaryotic translation initiation factor 5A OS=Centruroides hentzi OX=88313 PE=3 SV=1"
179,true,"F8THJ4|F8THJ4_HOTJU",258.08112,23.96,23.96,6,5.5784268E7,6,10.0,"Carbamidomethylation; Deamidation (NQ)",21200.773,"CRISP3 (Fragment) OS=Hottentotta judaicus OX=6863 PE=2 SV=1"
160,true,"E4VP07|NDB46_MESEU",252.2529,54.29,54.29,8,4590807.0,8,9.0,"",7984.505,"Venom antimicrobial peptide-6 OS=Mesobuthus eupeus OX=34648 PE=1 SV=1"
231,false,"A0A088DB58|A0A088DB58_MESEU",156.59291,29.03,29.03,2,1.3560968E7,2,9.0,"Carbamidomethylation; Deamidation (NQ)",6968.2515,"Potassium channel blocker pMeKTx6-4 OS=Mesobuthus eupeus OX=34648 PE=2 SV=1"
283,false,"D0UMX6|D0UMX6_HETSP",88.09183,4.95,4.95,1,134038.83,1,1.0,"Carbamidomethylation",24899.412,"Glucose-6-phosphate isomerase (Fragment) OS=Heterometrus spinifer OX=118530 PE=2 SV=1"
244,true,"A0A146CJ70|A0A146CJ70_MESEU",130.37758,40.00,40.00,4,2.05327744E8,4,7.0,"Carbamidomethylation",6315.6875,"Venom toxin meuTx22 OS=Mesobuthus eupeus OX=34648 PE=2 SV=1"
160,false,"A0A1V1WBL7|A0A1V1WBL7_9SCOR",64.08962,9.72,9.72,1,553805.94,1,1.0,"",8290.7295,"Putative NDBP OS=Superstitionia donensis OX=311983 PE=4 SV=1"
128,true,"A0A088DAF5|A0A088DAF5_MESEU",292.48325,44.44,44.44,9,4.6270144E7,1,18.0,"Carbamidomethylation; Deamidation (NQ)",6893.9365,"Potassium channel blocker pMeKTx30-1 OS=Mesobuthus eupeus OX=34648 PE=2 SV=1"
140,true,"B8XGY7|B8XGY7_BUTOS",232.49484,38.82,38.82,7,383877.22,1,61.0,"Carbamidomethylation; Deamidation (NQ)",9323.718,"Putative alpha toxin Tx405 OS=Buthus occitanus israelis OX=539894 PE=2 SV=1"
274,true,"A0A1W7R9D4|A0A1W7R9D4_9SCOR",177.87936,11.43,11.43,3,1660119.5,2,4.0,"",27677.941,"thioredoxin-dependent peroxiredoxin OS=Hadrurus spadix OX=141984 PE=3 SV=1"
270,false,"A0A1W7RAM1|A0A1W7RAM1_9SCOR",36.20346,2.53,2.53,1,1362146.6,1,1.0,"",24860.465,"Dihydropteridine reductase OS=Hadrurus spadix OX=141984 PE=3 SV=1"
346,true,"E9PZQ0|RYR1_MOUSE",31.038675,0.36,0.36,1,,1,1.0,"",565039.2,"Ryanodine receptor 1 OS=Mus musculus OX=10090 GN=Ryr1 PE=1 SV=1"
149,false,"A0A059UI14|A0A059UI14_MESGB",55.369247,3.85,3.85,1,3525308.2,1,2.0,"",19321.473,"Putative adhesive plaque matrix protein OS=Mesobuthus gibbosus OX=123226 PE=2 SV=1"
251,false,"B7SNV8|SCX8_PARGR",23.070768,7.32,7.32,1,140718.03,1,2.0,"",9314.757,"Toxin Pg8 OS=Parabuthus granulatus OX=242110 PE=1 SV=1"
24,false,"Q4TUA4|SCA4_MESMA",438.4138,56.47,56.47,32,6240400.0,4,277.0,"Carbamidomethylation; Deamidation (NQ)",9453.848,"Alpha-toxin 4 OS=Mesobuthus martensii OX=34649 PE=1 SV=1"
366,true,"A0A1W7RAP7|A0A1W7RAP7_9SCOR",86.36098,3.93,3.93,1,2176298.5,1,2.0,"",20186.71,"Protein D3 OS=Hadrurus spadix OX=141984 PE=4 SV=1"
359,true,"A0A1W7RB33|A0A1W7RB33_9SCOR",83.78497,5.52,5.52,1,31791.984,1,1.0,"",20616.715,"ADP-ribosylation factor OS=Hadrurus spadix OX=141984 PE=3 SV=1"
70,true,"A0A088DAE8|A0A088DAE8_MESEU",317.4086,40.00,40.00,14,8.4357818E8,2,55.0,"Carbamidomethylation; Oxidation (M); Deamidation (NQ)",10361.232,"Potassium channel blocker pMeKTx28-1 OS=Mesobuthus eupeus OX=34648 PE=2 SV=1"
367,true,"P55903|SIX4_BUTOC",25.2262,13.11,13.11,1,520037.16,1,1.0,"Carbamidomethylation",6844.6187,"Beta-insect depressant toxin BotIT4 OS=Buthus occitanus tunetanus OX=6871 PE=1 SV=1"
212,false,"A0A1W7RB75|A0A1W7RB75_9SCOR",132.80624,7.03,7.03,2,445866.3,2,3.0,"",29259.855,"14-3-3 protein epsilon OS=Hadrurus spadix OX=141984 PE=3 SV=1"
160,false,"A0A0K0LBS0|A0A0K0LBS0_9SCOR",174.36372,19.40,19.40,3,2885434.0,3,3.0,"",7721.2207,"Non-disulfide-bridged peptide androcin 10-2 OS=Androctonus bicolor OX=748906 PE=2 SV=1"
309,true,"A0A2I9LNW8|A0A2I9LNW8_9SCOR",144.55766,12.22,12.22,2,156202.64,2,3.0,"",20340.592,"Protein D3 OS=Centruroides hentzi OX=88313 PE=4 SV=1"
129,true,"D3JXM1|KA164_MESEU",271.05206,59.32,59.32,10,8.2591501E8,3,33.0,"Carbamidomethylation",6401.6895,"Potassium channel toxin alpha-KTx 16.4 OS=Mesobuthus eupeus OX=34648 PE=1 SV=2"
248,false,"Q686S9|Q686S9_MESGB",195.35854,24.37,24.37,3,1000327.2,3,5.0,"Carbamidomethylation",12893.709,"CG10527-like methyltransferase (Fragment) OS=Mesobuthus gibbosus OX=123226 GN=mt PE=4 SV=1"
11,false,"A9XE59|KBX12_MESEU",402.49698,54.95,54.95,27,2.5125386E7,8,91.0,"Carbamidomethylation; Oxidation (M); Deamidation (NQ)",10328.122,"Potassium channel toxin MeuTXK-beta-2 OS=Mesobuthus eupeus OX=34648 PE=3 SV=1"
213,true,"P0CI60|SNAY5_LYCMC",208.40753,22.89,22.89,5,,1,9.0,"Carbamidomethylation",9472.068,"Neurotoxin LmNaTx34.5 (Fragment) OS=Lychas mucronatus OX=172552 PE=2 SV=1"
177,false,"P45696|KAX35_ANDAU",189.09732,23.73,23.73,5,4.06745088E8,5,9.0,"Carbamidomethylation; Deamidation (NQ)",6392.894,"Potassium channel toxin alpha-KTx 3.5 OS=Androctonus australis OX=6858 GN=KTX2 PE=1 SV=1"
245,true,"R4H555|R4H555_MESEU",165.14236,25.00,25.00,3,8799730.0,2,4.0,"Carbamidomethylation; Deamidation (NQ)",7115.168,"Lamda-potassium channel toxin OS=Mesobuthus eupeus OX=34648 GN=KTx PE=2 SV=1"
214,true,"A0A088DB22|A0A088DB22_MESEU",241.77205,61.29,61.29,5,380262.62,2,9.0,"Carbamidomethylation; Oxidation (M); Deamidation (NQ)",7211.4995,"Potassium channel blocker pMeKTx18-2 OS=Mesobuthus eupeus OX=34648 PE=2 SV=1"
8,false,"F1CIW6|F1CIW6_HOTJU",255.74347,28.49,28.49,6,2.9813102E7,4,22.0,"Deamidation (NQ)",20714.914,"Hyaluronidase (Fragment) OS=Hottentotta judaicus OX=6863 PE=2 SV=1"
310,true,"A0A0U1U080|A0A0U1U080_ISOMC",120.48339,16.81,16.81,2,7299986.5,1,3.0,"Deamidation (NQ)",25082.443,"SCP domain-containing protein (Fragment) OS=Isometrus maculatus OX=497827 PE=2 SV=1"
246,true,"A0A088D9Q7|A0A088D9Q7_MESEU",154.52357,41.07,41.07,3,2.4911564E7,3,4.0,"Carbamidomethylation; Oxidation (M)",6447.7397,"Potassium channel blocker pMeKTx7-1 OS=Mesobuthus eupeus OX=34648 PE=2 SV=1"
211,false,"A0A1W7R9Y3|A0A1W7R9Y3_9SCOR",175.2121,5.35,5.35,3,87027.92,3,4.0,"",72103.35,"Plastin-2 OS=Hadrurus spadix OX=141984 PE=4 SV=1"
362,true,"Q94435|SCXA_CENNO",82.68158,7.41,7.41,1,322199.44,1,1.0,"Carbamidomethylation",8812.301,"Insect-toxin Cn10 (Fragment) OS=Centruroides noxius OX=6878 PE=1 SV=2"
108,true,"O61668|SIX1_MESMA",204.77585,29.55,29.55,4,9.9722296E7,4,31.0,"Carbamidomethylation; Deamidation (NQ)",9766.543,"Beta-insect excitatory toxin BmKIT1 OS=Mesobuthus martensii OX=34649 PE=1 SV=1"
151,true,"Q867F4|KA154_ANDAU",261.74072,33.90,33.90,7,2.5406656E7,3,17.0,"Carbamidomethylation; Deamidation (NQ)",6290.6104,"Potassium channel toxin alpha-KTx 15.4 OS=Androctonus australis OX=6858 PE=1 SV=1"
161,true,"A0A2I9LPE8|A0A2I9LPE8_9SCOR",276.00473,13.93,13.93,8,604228.25,3,8.0,"",55573.84,"Protein disulfide-isomerase OS=Centruroides hentzi OX=88313 PE=3 SV=1"
311,true,"A0A1S5QN69|A0A1S5QN69_TITSE",118.18271,14.95,14.95,2,428676.75,1,2.0,"Deamidation (NQ); Carbamidomethylation",23963.145,"Serine protease 1 OS=Tityus serrulatus OX=6887 PE=2 SV=1"
34,true,"A0A088D9U2|A0A088D9U2_MESEU",382.19125,58.89,58.89,26,1.12035696E8,6,77.0,"Carbamidomethylation; Oxidation (M)",10264.25,"Potassium channel blocker pMeKTx28-2 OS=Mesobuthus eupeus OX=34648 PE=2 SV=1"
180,true,"A0A088DAZ3|A0A088DAZ3_MESEU",220.202,61.29,61.29,4,1.4133332E7,2,14.0,"Carbamidomethylation; Deamidation (NQ); Oxidation (M)",7188.465,"Potassium channel blocker pMeKTx18-1b OS=Mesobuthus eupeus OX=34648 PE=2 SV=1"
78,true,"E4VP20|E4VP20_MESEU",284.8657,58.33,58.33,8,3.7287156E7,4,29.0,"Carbamidomethylation; Deamidation (NQ)",6535.5405,"Potassium channel blocker pMeKTx23-2 OS=Mesobuthus eupeus OX=34648 PE=2 SV=1"
109,true,"P45639|CTXL_LEIQU",304.32846,66.67,66.67,11,982286.6,4,19.0,"Carbamidomethylation; Oxidation (M)",4004.7458,"Chlorotoxin OS=Leiurus quinquestriatus quinquestriatus OX=6885 PE=1 SV=1"
73,false,"P0CC12|KAX85_ODODO",94.17779,12.28,12.28,1,20212.47,1,1.0,"Carbamidomethylation",6289.4233,"Potassium channel toxin alpha-KTx 8.5 OS=Odontobuthus doriae OX=342590 PE=1 SV=2"
85,true,"P59854|SCX7_MESMA",302.761,31.82,31.82,10,533051.1,1,30.0,"Carbamidomethylation; Deamidation (NQ)",7244.3345,"Alpha-like toxin BmK-M7 OS=Mesobuthus martensii OX=34649 PE=1 SV=1"
59,false,"A0A2I9LNI8|A0A2I9LNI8_9SCOR",358.67413,57.45,57.45,17,8674531.0,17,25.0,"Deamidation (NQ); Carbamidomethylation",41793.78,"Actin OS=Centruroides hentzi OX=88313 PE=3 SV=1"
83,false,"E4VP08|E4VP08_MESEU",262.50195,44.30,44.30,8,1.2452603E7,5,8.0,"Carbamidomethylation",9035.485,"Venom toxin-like peptide OS=Mesobuthus eupeus OX=34648 GN=vtoxinlip-4 PE=2 SV=1"
151,true,"A0A143MGR2|A0A143MGR2_MESEU",261.74072,33.90,33.90,7,2.5406656E7,3,17.0,"Carbamidomethylation; Deamidation (NQ)",6276.5835,"Potassium channel toxin meuK3 OS=Mesobuthus eupeus OX=34648 PE=2 SV=1"
2,true,"D8UWD8|SCXN9_MESEU",512.1154,95.38,95.38,72,322512.94,5,314.0,"Carbamidomethylation; Deamidation (NQ); Acetylation (Protein N-term)",7285.214,"Sodium channel neurotoxin MeuNaTxalpha-9 OS=Mesobuthus eupeus OX=34648 PE=1 SV=1"
368,true,"U6JMH0|U6JMH0_TITSE",43.085724,7.58,7.58,1,71353.984,1,1.0,"Carbamidomethylation",21615.977,"Cathepsin L-like cysteine peptidase 1 protein (Fragment) OS=Tityus serrulatus OX=6887 GN=ctsl PE=2 SV=1"
369,true,"B8XH16|B8XH16_BUTOS",26.366287,30.56,30.56,1,483144.06,1,1.0,"Carbamidomethylation; Deamidation (NQ)",8216.512,"Putative depressant toxin Tx577 (Fragment) OS=Buthus occitanus israelis OX=539894 PE=2 SV=1"
110,true,"E4VP63|E4VP63_MESEU",293.09088,13.68,13.68,10,7.8051814E8,7,37.0,"Carbamidomethylation; Deamidation (NQ)",11025.626,"Venom lipolysis activating peptide alpha subunit OS=Mesobuthus eupeus OX=34648 PE=4 SV=1"
219,false,"A0A0U4FPA4|A0A0U4FPA4_ODODO",193.04025,26.96,26.96,3,558053.0,3,3.0,"Carbamidomethylation",13172.041,"Uncharacterized protein OS=Odontobuthus doriae OX=342590 GN=HP2 PE=2 SV=1"
334,true,"A0A0K0LBQ9|A0A0K0LBQ9_9SCOR",35.24445,8.22,8.22,1,489294.78,1,1.0,"",8458.038,"Pradykinin-potentiating peptide-like peptide Bpp-2 OS=Androctonus bicolor OX=748906 PE=2 SV=1"
362,true,"B8XH11|B8XH11_BUTOS",82.68158,7.14,7.14,1,322199.44,1,1.0,"Carbamidomethylation",9433.9795,"Putative depressant toxin Tx67 OS=Buthus occitanus israelis OX=539894 PE=2 SV=1"
117,true,"A0A0C9RP88|A0A0C9RP88_TITBA",289.94724,10.58,10.58,11,4.790422E7,2,22.0,"Carbamidomethylation; Deamidation (NQ)",47590.03,"TSA: Tityus bahiensis Tbah00853 mRNA sequence OS=Tityus bahiensis OX=50343 PE=2 SV=1"
370,true,"A0A5J6YIC3|A0A5J6YIC3_9SCOR",104.24847,17.24,17.24,1,139924.23,1,2.0,"",9481.956,"Ubiquitin-fold modifier 1 OS=Centruroides edwardsii OX=2565419 GN=CR13_54 PE=2 SV=1"
312,true,"A0A2I9LPB9|A0A2I9LPB9_9SCOR",135.9844,2.18,2.18,2,1130239.2,2,3.0,"Carbamidomethylation",77778.695,"Neuroendocrine convertase 1 OS=Centruroides hentzi OX=88313 PE=3 SV=1"
371,true,"A0A1W7R9U9|A0A1W7R9U9_9SCOR",29.807,8.15,8.15,1,56508.75,1,2.0,"",20792.865,"small monomeric GTPase OS=Hadrurus spadix OX=141984 PE=4 SV=1"
170,false,"H2CYP6|H2CYP6_PANCV",199.09908,35.94,35.94,6,5799746.0,6,7.0,"Acetylation (Protein N-term)",14685.242,"Ubiquitin-ribosomal protein eL40 fusion protein OS=Pandinus cavimanus OX=217261 PE=2 SV=1"
275,true,"Q5G8A6|KBX1_TITCO",202.96921,22.99,22.99,3,,1,3.0,"Carbamidomethylation",9775.561,"Scorpine-like peptide Tco 41.46-2 OS=Tityus costatus OX=309814 PE=1 SV=1"
248,true,"Q686X3|Q686X3_MESEU",221.61899,39.50,39.50,4,1882580.8,4,8.0,"Carbamidomethylation",12883.139,"CG10527-like methyltransferase (Fragment) OS=Mesobuthus eupeus OX=34648 GN=ttrans PE=4 SV=1"
269,false,"A0A1W7RAF7|A0A1W7RAF7_9SCOR",74.695496,2.35,2.35,2,43808.59,2,2.0,"",98263.22,"Alpha-1,4 glucan phosphorylase OS=Hadrurus spadix OX=141984 PE=3 SV=1"
94,true,"C6H100|C6H100_PANIM",329.75922,22.33,22.33,15,7002960.5,6,29.0,"Carbamidomethylation",71985.28,"Hemocyanin subunit 5a OS=Pandinus imperator OX=55084 GN=hc5a PE=2 SV=1"
205,true,"P0C1B8|IKIT_PARTR",206.0381,29.31,29.31,4,6039844.0,1,9.0,"Deamidation (NQ); Carbamidomethylation",6620.3545,"Ikitoxin OS=Parabuthus transvaalicus OX=170972 PE=1 SV=1"
372,true,"P0DL65|KA26U_MESMA",89.51703,17.24,17.24,1,993930.9,1,1.0,"Carbamidomethylation",6501.6675,"Mesomartoxin OS=Mesobuthus martensii OX=34649 PE=1 SV=1"
177,true,"C0HJQ6|KAX3J_MESEU",193.545,54.05,54.05,6,1.12127283E9,6,12.0,"Carbamidomethylation; Deamidation (NQ)",3968.7737,"Potassium channel toxin alpha-KTx 3.19 OS=Mesobuthus eupeus OX=34648 PE=1 SV=1"
102,false,"C0HJQ7|KAX1H_MESEU",201.94391,43.24,43.24,7,1.45573875E9,7,30.0,"Deamidation (NQ); Oxidation (M); Carbamidomethylation",4277.1284,"Potassium channel toxin alpha-KTx 1.17 OS=Mesobuthus eupeus OX=34648 PE=1 SV=1"
249,true,"A0A0U4HEU8|A0A0U4HEU8_ODODO",211.44778,25.17,25.17,4,394646.1,1,7.0,"Carbamidomethylation; Deamidation (NQ)",15973.006,"Venom protein VP4 OS=Odontobuthus doriae OX=342590 GN=VP4 PE=2 SV=1"
276,true,"A0A1S5QMZ5|A0A1S5QMZ5_TITSE",183.96536,3.87,3.87,3,3418044.8,3,4.0,"",71867.84,"Angiotensin-converting enzyme OS=Tityus serrulatus OX=6887 PE=2 SV=1"
162,true,"A0A2I9LNV5|A0A2I9LNV5_9SCOR",278.86365,66.22,66.22,8,2732419.0,8,13.0,"Carbamidomethylation",16976.414,"Cofilin OS=Centruroides hentzi OX=88313 PE=3 SV=1"
163,false,"A0AA49XAC4|A0AA49XAC4_ANDCR",85.97787,3.04,3.04,1,2797001.8,1,1.0,"Carbamidomethylation",26498.033,"Secretory phospholipase A2 isoform X3 OS=Androctonus crassicauda OX=122909 PE=2 SV=1"
313,true,"B8XH42|KA166_BUTOS",109.54565,27.59,27.59,2,52175.816,1,2.0,"Carbamidomethylation; Deamidation (NQ)",6511.724,"Potassium channel toxin alpha-KTx 16.6 OS=Buthus occitanus israelis OX=539894 PE=2 SV=1"
373,true,"F6K5S5|F6K5S5_MESEU",23.973837,9.21,9.21,1,863924.56,1,1.0,"",9318.075,"Antimicrobial peptide meucin-18-1 OS=Mesobuthus eupeus OX=34648 PE=2 SV=1"
314,true,"D0UQX6|D0UQX6_HADAR",100.123955,13.07,13.07,1,68379.555,1,2.0,"Deamidation (NQ); Carbamidomethylation",16706.111,"ATP synthase (Fragment) OS=Hadrurus arizonensis OX=88316 PE=2 SV=1"
18,true,"A0A0D4CZV2|A0A0D4CZV2_MESEU",378.49286,70.00,70.00,22,6579568.0,3,180.0,"Oxidation (M); Carbamidomethylation; Deamidation (NQ)",6579.908,"I4 toxin OS=Mesobuthus eupeus OX=34648 PE=2 SV=1"
97,true,"A0A146CJF8|A0A146CJF8_MESEU",282.48856,60.00,60.00,11,,1,36.0,"Carbamidomethylation; Deamidation (NQ); Oxidation (M)",6567.897,"Venom peptide meu14toxinA OS=Mesobuthus eupeus OX=34648 PE=2 SV=1"
248,false,"Q686V7|Q686V7_MESGB",195.35854,24.17,24.17,3,1000327.2,3,5.0,"Carbamidomethylation",12942.225,"CG10527-like methyltransferase (Fragment) OS=Mesobuthus gibbosus OX=123226 GN=mettrans PE=4 SV=1"
250,true,"A0A0K0LBV5|A0A0K0LBV5_9SCOR",110.499466,17.98,17.98,1,2.7313668E7,1,17.0,"Deamidation (NQ); Carbamidomethylation",10301.887,"Sodium channel blocker AbNaTx24 OS=Androctonus bicolor OX=748906 PE=2 SV=1"
374,true,"A0A146CIQ1|A0A146CIQ1_MESEU",76.93275,7.95,7.95,1,3995962.8,1,1.0,"Carbamidomethylation",9998.632,"Sodium channel toxin meuNa6 OS=Mesobuthus eupeus OX=34648 PE=2 SV=1"
368,true,"U6JRI6|U6JRI6_TITSE",43.085724,12.10,12.10,1,71353.984,1,1.0,"Carbamidomethylation",13441.725,"Cathepsin L-like cysteine peptidase 8 protein (Fragment) OS=Tityus serrulatus OX=6887 GN=ctsl PE=2 SV=1"
375,true,"A0A0U1TZE8|A0A0U1TZE8_ISOMC",87.25415,8.99,8.99,1,,1,1.0,"",9763.987,"Phospholipid scramblase (Fragment) OS=Isometrus maculatus OX=497827 PE=2 SV=1"
315,true,"A0A1W7R9F1|A0A1W7R9F1_9SCOR",111.70143,2.99,2.99,2,108156.84,2,3.0,"",55802.555,"TOM1-like protein 2 OS=Hadrurus spadix OX=141984 PE=3 SV=1"
277,true,"A0A0U1SF04|A0A0U1SF04_ISOMC",144.06857,9.45,9.45,2,446314.7,2,3.0,"Deamidation (NQ)",23076.875,"Peptidase M14 carboxypeptidase A domain-containing protein (Fragment) OS=Isometrus maculatus OX=497827 PE=2 SV=1"
118,true,"A0A7U1GK49|A0A7U1GK49_ANDCR",303.68967,34.41,34.41,12,1507364.0,6,14.0,"Carbamidomethylation",46706.223,"Enolase OS=Androctonus crassicauda OX=122909 PE=2 SV=1"
99,true,"F1CJ13|F1CJ13_HOTJU",325.30872,44.51,44.51,14,1832181.8,10,19.0,"Carbamidomethylation; Deamidation (NQ)",37184.215,"Thioredoxin domain-containing protein (Fragment) OS=Hottentotta judaicus OX=6863 PE=2 SV=1"
361,true,"G4WFQ3|G4WFQ3_MESEU",87.85164,19.32,19.32,1,,1,1.0,"Carbamidomethylation; Deamidation (NQ)",10125.692,"NaTxalpha-C5-1 OS=Mesobuthus eupeus OX=34648 PE=4 SV=1"
215,true,"B8XGY6|B8XGY6_BUTOS",226.7698,22.35,22.35,5,,1,9.0,"Carbamidomethylation",9457.861,"Putative alpha toxin Tx17 OS=Buthus occitanus israelis OX=539894 PE=2 SV=1"
368,true,"U6JMC3|U6JMC3_TITSE",43.085724,4.46,4.46,1,71353.984,1,1.0,"Carbamidomethylation",37093.617,"Cathepsin L-like cysteine peptidase 2 protein OS=Tityus serrulatus OX=6887 GN=ctsl PE=2 SV=1"
240,false,"A0A1W7RAB2|A0A1W7RAB2_9SCOR",154.02972,4.58,4.58,2,504698.8,2,4.0,"Carbamidomethylation",43083.473,"Lysosomal aspartic protease OS=Hadrurus spadix OX=141984 PE=3 SV=1"
129,true,"B3EWY1|KA167_MESGB",271.05206,59.32,59.32,10,8.2591501E8,3,33.0,"Carbamidomethylation",6401.6895,"Potassium channel toxin alpha-KTx 16.7 OS=Mesobuthus gibbosus OX=123226 PE=1 SV=2"
141,true,"A0A1W7RAD7|A0A1W7RAD7_9SCOR",247.6889,11.27,11.27,7,653055.3,1,14.0,"Deamidation (NQ); Carbamidomethylation",73508.46,"Hemocyanin subunit 3c OS=Hadrurus spadix OX=141984 PE=3 SV=1"
64,true,"A0A2I9LP22|A0A2I9LP22_9SCOR",347.89456,27.59,27.59,17,507705.5,2,29.0,"Carbamidomethylation; Oxidation (M)",72052.08,"Hemocyanin AA6 chain OS=Centruroides hentzi OX=88313 PE=3 SV=1"
316,true,"A0A1W7RA54|A0A1W7RA54_9SCOR",152.95422,1.50,1.50,2,62664.25,2,2.0,"",129197.17,"Nitric oxide synthase OS=Hadrurus spadix OX=141984 PE=3 SV=1"
181,true,"P59354|SCX4_BUTOM",217.22719,53.85,53.85,7,,1,10.0,"Carbamidomethylation; Deamidation (NQ)",7296.231,"Alpha-like toxin Bom4 OS=Buthus occitanus mardochei OX=6869 PE=1 SV=1"
278,true,"P84810|LV1A_BUTOC",160.75668,15.38,15.38,2,2.1516252E7,2,8.0,"Carbamidomethylation; Deamidation (NQ)",10457.252,"Lipolysis-activating peptide 1-alpha chain OS=Buthus occitanus tunetanus OX=6871 PE=1 SV=1"
124,false,"A0A1W7R9W4|A0A1W7R9W4_9SCOR",214.94736,21.95,21.95,5,2447628.8,5,9.0,"Carbamidomethylation",17918.422,"Peptidyl-prolyl cis-trans isomerase OS=Hadrurus spadix OX=141984 PE=3 SV=1"
102,false,"H2ER23|KAX1F_MESMA",89.794945,24.56,24.56,2,,2,2.0,"Carbamidomethylation",6369.624,"Potassium channel toxin alpha-KTx 1.15 OS=Mesobuthus martensii OX=34649 PE=3 SV=1"
373,true,"E4VP50|NDBW_MESEU",23.973837,10.14,10.14,1,863924.56,1,1.0,"",8399.867,"Venom antimicrobial peptide-9 OS=Mesobuthus eupeus OX=34648 PE=1 SV=1"
317,true,"A0A1W7R982|A0A1W7R982_9SCOR",61.167908,5.79,5.79,2,2354833.8,2,2.0,"",27871.254,"Venom protein OS=Hadrurus spadix OX=141984 PE=4 SV=1"
376,true,"A0A059UHK0|A0A059UHK0_MESGB",27.365747,10.91,10.91,1,1470445.6,1,1.0,"Carbamidomethylation",6351.4497,"Potassium channel toxin-like protein (Fragment) OS=Mesobuthus gibbosus OX=123226 PE=2 SV=1"
248,false,"Q686T5|Q686T5_MESGB",160.79057,18.49,18.49,2,207751.77,2,3.0,"Carbamidomethylation",12835.903,"CG10527-like methyltransferase (Fragment) OS=Mesobuthus gibbosus OX=123226 GN=mt PE=4 SV=1"
59,false,"A0A0K0LCC7|A0A0K0LCC7_9SCOR",239.04901,53.54,53.54,5,1926451.6,5,8.0,"Deamidation (NQ)",11121.929,"Cellular protein AbCp-71 (Fragment) OS=Androctonus bicolor OX=748906 PE=2 SV=1"
52,false,"D8UWD6|SCXNA_MESEU",281.29553,68.66,68.66,9,1799824.8,3,16.0,"Carbamidomethylation; Deamidation (NQ)",7333.428,"Sodium channel neurotoxin MeuNaTxalpha-10 OS=Mesobuthus eupeus OX=34648 PE=3 SV=1"
334,true,"P86407|NDB2_MESEU",35.24445,8.00,8.00,1,489294.78,1,1.0,"",8685.478,"Meucin-49 OS=Mesobuthus eupeus OX=34648 PE=1 SV=2"
194,true,"A0AA49K9S2|A0AA49K9S2_9SCOR",235.70622,11.79,11.79,6,1631346.9,3,7.0,"Carbamidomethylation; Deamidation (NQ)",56574.527,"Disulfide isomerase OS=Tityus melici OX=3026321 PE=2 SV=1"
24,true,"Q49S27|Q49S27_MESMA",441.3068,61.18,61.18,33,6240400.0,4,279.0,"Carbamidomethylation; Deamidation (NQ)",9411.808,"Neurotoxin Tx15 OS=Mesobuthus martensii OX=34649 PE=4 SV=1"
212,false,"A0A0U1TZ92|A0A0U1TZ92_ISOMC",132.80624,7.20,7.20,2,445866.3,2,3.0,"",28674.244,"14-3-3 protein epsilon (Fragment) OS=Isometrus maculatus OX=497827 PE=2 SV=1"
52,true,"E7D082|SCX5B_MESEU",360.13715,66.67,66.67,18,7411666.0,6,41.0,"Deamidation (NQ); Carbamidomethylation",9570.126,"Sodium channel neurotoxin MeuNaTxalpha-5* OS=Mesobuthus eupeus OX=34648 PE=1 SV=1"
130,true,"E7CZY9|SCXN6_MESEU",274.5742,72.97,72.97,9,,1,18.0,"Deamidation (NQ); Carbamidomethylation",7995.199,"Sodium channel neurotoxin MeuNaTxalpha-6 (Fragment) OS=Mesobuthus eupeus OX=34648 PE=2 SV=1"
262,false,"A0AA49QC82|A0AA49QC82_9SCOR",93.80799,2.31,2.31,1,567793.25,1,2.0,"",39126.26,"Peptidyl-glycine alpha-hydroxylating monooxygenase OS=Tityus melici OX=3026321 PE=2 SV=1"
50,true,"A0A5P8U2N8|A0A5P8U2N8_MESEU",323.91473,77.78,77.78,13,1.4109568E7,3,51.0,"Carbamidomethylation; Deamidation (NQ); Oxidation (M)",3961.6772,"Toxin (Fragment) OS=Mesobuthus eupeus OX=34648 PE=2 SV=1"
124,false,"A0A0U1TYG6|A0A0U1TYG6_ISOMC",98.5189,14.58,14.58,1,568567.7,1,1.0,"",5192.0317,"PPIase cyclophilin-type domain-containing protein (Fragment) OS=Isometrus maculatus OX=497827 PE=2 SV=1"
165,false,"P59938|KGX22_MESMA",133.97858,26.32,26.32,2,2.4086436E7,2,4.0,"Carbamidomethylation",6359.5522,"Potassium channel toxin gamma-KTx 2.2 OS=Mesobuthus martensii OX=34649 PE=1 SV=1"
244,false,"V9LLQ5|V9LLQ5_MESMA",59.296227,12.73,12.73,1,1.137407E7,1,2.0,"Carbamidomethylation",6145.4297,"Toxin BmP08 OS=Mesobuthus martensii OX=34649 PE=4 SV=1"
279,true,"A0A1W7RAV1|A0A1W7RAV1_9SCOR",139.61436,4.59,4.59,3,1515625.9,1,3.0,"",49001.547,"Carboxypeptidase OS=Hadrurus spadix OX=141984 PE=3 SV=1"
336,true,"D5HR54|D5HR54_ANDMA",91.087135,12.35,12.35,1,354314.8,1,3.0,"",8632.141,"Alpha-neurotoxin 10 OS=Androctonus mauritanicus mauritanicus OX=6860 PE=2 SV=1"
87,true,"E4VP06|E4VP06_MESEU",313.46426,57.58,57.58,11,4.56591584E8,8,43.0,"Carbamidomethylation; Deamidation (NQ); Oxidation (M)",11352.995,"Venom toxin-like peptide OS=Mesobuthus eupeus OX=34648 GN=vtoxinlip-3 PE=2 SV=1"
359,true,"A0A1W7RB47|A0A1W7RB47_9SCOR",83.78497,5.52,5.52,1,31791.984,1,1.0,"",20611.76,"ADP-ribosylation factor OS=Hadrurus spadix OX=141984 PE=3 SV=1"
345,true,"A0A1E1WVN2|A0A1E1WVN2_TITOB",23.03724,5.41,5.41,1,725731.2,1,1.0,"",12454.45,"Putative secreted protein (Fragment) OS=Tityus obscurus OX=1221240 PE=4 SV=1"
37,true,"Q9UAC8|SCAT_MESMA",396.0436,69.41,69.41,25,2.41600736E8,4,72.0,"Carbamidomethylation; Acetylation (Protein N-term); Deamidation (NQ)",9802.565,"Beta-toxin BmKAs1 OS=Mesobuthus martensii OX=34649 PE=1 SV=1"
73,true,"P86400|KAX86_MESEU",349.3652,66.67,66.67,15,7.7112084E9,13,65.0,"Carbamidomethylation; Deamidation (NQ); Oxidation (M)",6434.645,"Potassium channel toxin alpha-KTx 8.6 OS=Mesobuthus eupeus OX=34648 PE=1 SV=2"
142,true,"A0A059U8Z3|A0A059U8Z3_MESGB",200.13643,20.28,20.28,6,1178837.0,6,9.0,"Carbamidomethylation; Oxidation (M); Deamidation (NQ)",16173.242,"Uncharacterized protein OS=Mesobuthus gibbosus OX=123226 PE=2 SV=1"
73,false,"E4VP43|KAX8R_MESEU",328.1535,54.39,54.39,12,7.6596168E9,10,58.0,"Carbamidomethylation; Oxidation (M); Deamidation (NQ)",6462.6587,"Potassium channel toxin MeuTXKalpha2 OS=Mesobuthus eupeus OX=34648 PE=3 SV=1"
244,false,"Q7Z0H4|SCKI_MESMA",59.296227,12.73,12.73,1,1.137407E7,1,2.0,"Carbamidomethylation",6145.4297,"Neurotoxin BmP08 OS=Mesobuthus martensii OX=34649 PE=1 SV=1"
53,true,"G4V3T9|SCAA2_MESMA",351.8428,72.31,72.31,16,3.74882624E8,2,64.0,"Carbamidomethylation; Acetylation (Protein N-term); Deamidation (NQ)",7253.1196,"Neurotoxin BmK AGAP-SYPU2 (Fragment) OS=Mesobuthus martensii OX=34649 PE=1 SV=1"
204,true,"A0A088DB13|A0A088DB13_MESEU",174.77237,31.67,31.67,4,4.33510592E8,4,12.0,"Carbamidomethylation; Deamidation (NQ)",6872.275,"Potassium channel blocker pMeKTx9-2 OS=Mesobuthus eupeus OX=34648 PE=2 SV=1"
306,true,"A0A088D9R9|A0A088D9R9_MESEU",105.08854,24.59,24.59,2,1.51260688E8,2,2.0,"Carbamidomethylation; Deamidation (NQ)",6660.1626,"Potassium channel blocker pMeKTx13-2a OS=Mesobuthus eupeus OX=34648 PE=2 SV=1"
195,true,"A0A1W7RAF2|A0A1W7RAF2_9SCOR",204.9304,17.18,17.18,6,1330545.0,5,8.0,"",35706.812,"Glyoxylate reductase/hydroxypyruvate reductase OS=Hadrurus spadix OX=141984 PE=3 SV=1"
196,true,"A0A0U1SSR7|A0A0U1SSR7_ISOMC",245.52414,41.24,41.24,6,1049524.9,6,6.0,"Acetylation (Protein N-term); Carbamidomethylation",20087.846,"Ras-related protein Rab-1A (Fragment) OS=Isometrus maculatus OX=497827 PE=2 SV=1"
182,true,"D2CFI7|LA1_MESMA",260.5662,36.59,36.59,6,5.9926148E7,6,14.0,"Carbamidomethylation; Oxidation (M)",13923.116,"Venom peptide MmKTx1 OS=Mesobuthus martensii OX=34649 PE=2 SV=1"
170,false,"A0A0K0LC83|A0A0K0LC83_9SCOR",103.264114,60.00,60.00,1,1108884.0,1,4.0,"",1710.0662,"Cellular protein AbCp-50 (Fragment) OS=Androctonus bicolor OX=748906 PE=2 SV=1"
218,true,"A0A2I9LPD1|A0A2I9LPD1_9SCOR",199.72598,22.22,22.22,4,2814632.0,4,6.0,"Carbamidomethylation; Oxidation (M)",19375.45,"Nucleoside diphosphate kinase OS=Centruroides hentzi OX=88313 PE=3 SV=1"
377,true,"A0A8E5FP31|A0A8E5FP31_9POLY",29.087036,22.39,22.39,1,205728.33,1,1.0,"Deamidation (NQ)",7784.043,"ALTO OS=Scorpion polyomavirus 3 OX=2816846 PE=4 SV=1"
73,false,"P80670|KAX83_LEIHE",94.17779,24.14,24.14,1,20212.47,1,1.0,"Carbamidomethylation",3198.5913,"Potassium channel toxin alpha-KTx 8.3 OS=Leiurus hebraeus OX=6884 PE=1 SV=1"
88,true,"A0A088D9R3|A0A088D9R3_MESEU",295.3074,48.33,48.33,11,1.65908768E8,11,28.0,"Carbamidomethylation; Deamidation (NQ)",6674.006,"Potassium channel blocker pMeKTx16-1 OS=Mesobuthus eupeus OX=34648 PE=2 SV=1"
111,true,"A0A088DB34|A0A088DB34_MESEU",283.10156,62.82,62.82,8,5.5552019E8,8,70.0,"Carbamidomethylation; Deamidation (NQ); Oxidation (M)",8844.441,"Potassium channel blocker pMeKTx20-1a OS=Mesobuthus eupeus OX=34648 PE=2 SV=1"
378,true,"A0A0C9QKS9|A0A0C9QKS9_TITBA",102.60812,2.93,2.93,1,33107.12,1,1.0,"Deamidation (NQ)",48157.535,"Angiotensin-converting enzyme (Fragment) OS=Tityus bahiensis OX=50343 PE=2 SV=1"
124,true,"A0A2I9LPF3|A0A2I9LPF3_9SCOR",295.36038,48.78,48.78,11,4954666.0,11,16.0,"Carbamidomethylation",17921.398,"Peptidyl-prolyl cis-trans isomerase OS=Centruroides hentzi OX=88313 PE=3 SV=1"
379,true,"A0A1W7RA17|A0A1W7RA17_9SCOR",85.368034,5.56,5.56,1,1328386.0,1,2.0,"",16589.762,"Nucleoredoxin-like protein 2 OS=Hadrurus spadix OX=141984 PE=4 SV=1"
58,false,"A0A0K0LC76|A0A0K0LC76_9SCOR",151.967,21.21,21.21,2,1572570.9,1,8.0,"Deamidation (NQ)",11297.885,"Cellular protein AbCp-44 (Fragment) OS=Androctonus bicolor OX=748906 PE=2 SV=1"
42,true,"P21150|SIX4_ANDAU",372.8618,81.54,81.54,25,3.32313344E8,3,54.0,"Carbamidomethylation; Deamidation (NQ)",7785.938,"Toxin AaHIT4 OS=Androctonus australis OX=6858 PE=1 SV=1"
251,false,"A0A2I9LP94|A0A2I9LP94_9SCOR",23.070768,5.77,5.77,1,140718.03,1,2.0,"",11731.629,"NaTx OS=Centruroides hentzi OX=88313 PE=4 SV=1"
184,false,"Q9BNV0|Q9BNV0_HADAR",269.3822,20.88,20.88,6,1224228.0,6,8.0,"Deamidation (NQ)",40276.402,"Elongation factor 1-alpha (Fragment) OS=Hadrurus arizonensis OX=88316 PE=2 SV=1"
65,true,"E4VP42|E4VP42_MESEU",320.32153,23.53,23.53,13,3.4551532E7,13,44.0,"Deamidation (NQ)",17948.139,"Venom neuropeptide-2 OS=Mesobuthus eupeus OX=34648 PE=2 SV=1"
251,true,"P0CI53|SNAAL_LYCMC",190.3075,18.18,18.18,4,140718.03,1,7.0,"Carbamidomethylation",8808.195,"Neurotoxin LmNaTx21.1 (Fragment) OS=Lychas mucronatus OX=172552 PE=2 SV=1"
100,true,"A0A088DB35|A0A088DB35_MESEU",335.12747,60.32,60.32,13,1.24689104E8,5,24.0,"Carbamidomethylation; Deamidation (NQ)",6799.864,"Potassium channel blocker pMeKTx30-2 OS=Mesobuthus eupeus OX=34648 PE=2 SV=1"
251,false,"P0DUI1|SCX16_CENTE",23.070768,7.14,7.14,1,140718.03,1,2.0,"",9746.175,"Beta-toxin Ct16 OS=Centruroides tecomanus OX=1028682 PE=1 SV=1"
346,true,"P11716|RYR1_RABIT",31.038675,0.36,0.36,1,,1,1.0,"",565252.75,"Ryanodine receptor 1 OS=Oryctolagus cuniculus OX=9986 GN=RYR1 PE=1 SV=1"
268,false,"U6JPB2|U6JPB2_TITSE",104.79903,2.24,2.24,1,364423.75,1,1.0,"",50955.16,"Cathepsin F-like cysteine peptidase protein OS=Tityus serrulatus OX=6887 GN=ctsf PE=2 SV=1"
102,false,"Q9NII5|KAX16_MESMA",87.09765,12.07,12.07,1,8.3093677E8,1,6.0,"Deamidation (NQ); Carbamidomethylation",6506.7876,"Potassium channel toxin alpha-KTx 1.6 OS=Mesobuthus martensii OX=34649 PE=1 SV=1"
380,true,"A0A146CJ04|A0A146CJ04_MESEU",88.12833,8.62,8.62,1,,1,1.0,"Carbamidomethylation",13212.212,"Venom peptide meuPep31 OS=Mesobuthus eupeus OX=34648 PE=2 SV=1"
183,false,"P0DX58|TX3_BUTLE",92.96838,45.00,45.00,2,,1,2.0,"Carbamidomethylation",2240.2056,"Toxin Bl-3 (Fragment) OS=Buthacus leptochelys OX=2807509 PE=1 SV=1"
87,false,"A0A059UD55|A0A059UD55_MESGB",176.39574,26.92,26.92,3,224448.23,2,5.0,"Deamidation (NQ); Carbamidomethylation",8880.856,"Venom sodium channel toxin-like protein (Fragment) OS=Mesobuthus gibbosus OX=123226 PE=2 SV=1"
65,false,"A0A0U1TZ84|A0A0U1TZ84_ISOMC",222.86385,17.58,17.58,7,7030921.0,7,13.0,"Deamidation (NQ)",19463.111,"Uncharacterized protein (Fragment) OS=Isometrus maculatus OX=497827 PE=2 SV=1"
219,true,"F1CIZ9|F1CIZ9_HOTJU",243.72604,34.09,34.09,5,2434160.0,5,7.0,"Carbamidomethylation",15112.174,"Hypothetical secreted protein OS=Hottentotta judaicus OX=6863 PE=2 SV=1"
119,true,"A0A088DAF1|A0A088DAF1_MESEU",290.2641,51.61,51.61,10,8.6462656E7,7,33.0,"Carbamidomethylation; Deamidation (NQ)",6805.026,"Potassium channel blocker pMeKTx6-1 OS=Mesobuthus eupeus OX=34648 PE=2 SV=1"
248,false,"Q686U6|Q686U6_MESGB",195.35854,24.37,24.37,3,1000327.2,3,5.0,"Carbamidomethylation",12904.926,"CG10527-like methyltransferase (Fragment) OS=Mesobuthus gibbosus OX=123226 GN=mt PE=4 SV=1"
59,true,"A0A2I9LNM3|A0A2I9LNM3_9SCOR",369.44052,66.49,66.49,19,9697292.0,19,27.0,"Carbamidomethylation; Deamidation (NQ)",41809.78,"Actin OS=Centruroides hentzi OX=88313 PE=3 SV=1"
220,true,"A0A1W7RAN8|A0A1W7RAN8_9SCOR",219.75166,13.09,13.09,5,,1,7.0,"Carbamidomethylation",50201.184,"Rab GDP dissociation inhibitor OS=Hadrurus spadix OX=141984 PE=3 SV=1"
381,true,"A0A2I9LPZ8|A0A2I9LPZ8_9SCOR",64.672844,3.40,3.40,1,,1,1.0,"",68428.34,"H(+)-transporting two-sector ATPase OS=Centruroides hentzi OX=88313 PE=3 SV=1"
160,false,"Q9GQW4|NDB4U_MESMA",213.58084,35.71,35.71,5,3613216.5,5,6.0,"",7913.4414,"Peptide BmKn1 OS=Mesobuthus martensii OX=34649 PE=3 SV=1"
25,true,"A0A146CJ25|A0A146CJ25_MESEU",418.6005,72.92,72.92,30,1.91219853E9,19,113.0,"Carbamidomethylation; Deamidation (NQ)",11082.829,"Venom peptide meuPep27 OS=Mesobuthus eupeus OX=34648 PE=2 SV=1"
163,true,"A0AA50AAI4|A0AA50AAI4_ANDCR",262.38245,29.58,29.58,8,6.190562E7,5,14.0,"Carbamidomethylation; Oxidation (M)",24972.512,"Secretory phospholipase A2 isoform X2 OS=Androctonus crassicauda OX=122909 PE=2 SV=1"
382,true,"A0A1W7RAS9|A0A1W7RAS9_9SCOR",102.08715,3.67,3.67,1,45677.508,1,1.0,"",36844.164,"Carbonic anhydrase 1 OS=Hadrurus spadix OX=141984 PE=3 SV=1"
266,true,"P69940|KBX1_TITSE",183.21945,25.29,25.29,3,,1,4.0,"Carbamidomethylation; Deamidation (NQ)",9728.502,"Potassium channel toxin TsTXK-beta OS=Tityus serrulatus OX=6887 PE=1 SV=2"
115,false,"P31719|KAX52_ANDMA",131.72742,45.16,45.16,4,1.03141146E9,4,13.0,"Carbamidomethylation; Deamidation (NQ)",3421.1907,"Potassium channel toxin alpha-KTx 5.2 OS=Androctonus mauritanicus mauritanicus OX=6860 PE=1 SV=1"
221,true,"A0A088DB45|A0A088DB45_MESEU",212.23167,45.00,45.00,5,8443107.0,5,8.0,"Carbamidomethylation",6498.008,"Potassium channel blocker pMeKTx19-1 OS=Mesobuthus eupeus OX=34648 PE=2 SV=1"
129,false,"A0A088DAC3|A0A088DAC3_MESEU",267.73288,45.76,45.76,9,8.2591501E8,3,32.0,"Carbamidomethylation",6373.6357,"Potassium channel blocker pMeKTx10-1 OS=Mesobuthus eupeus OX=34648 PE=2 SV=1"
11,true,"E4VP14|E4VP14_MESEU",469.20642,63.74,63.74,42,7.3664394E9,18,178.0,"Carbamidomethylation; Oxidation (M); Deamidation (NQ)",10338.16,"Putative bi-functional venom peptide OS=Mesobuthus eupeus OX=34648 GN=TXKbeta2 PE=2 SV=1"
197,true,"A0A088D9Q2|A0A088D9Q2_MESEU",237.14745,61.29,61.29,5,7.4489736E7,4,13.0,"Carbamidomethylation; Deamidation (NQ); Oxidation (M)",7227.496,"Potassium channel blocker pMeKTx18-3 OS=Mesobuthus eupeus OX=34648 PE=2 SV=1"
383,true,"B8XGY0|B8XGY0_BUTOS",21.781803,7.06,7.06,1,,1,1.0,"",9540.007,"Putative alpha toxin Tx263 OS=Buthus occitanus israelis OX=539894 PE=2 SV=1"
17,true,"A0A0K0LBV3|A0A0K0LBV3_9SCOR",419.2183,95.35,95.35,35,,1,115.0,"Carbamidomethylation; Deamidation (NQ)",10054.866,"Sodium channel blocker AbNaTx25 OS=Androctonus bicolor OX=748906 PE=2 SV=1"
31,true,"E4VP21|E4VP21_MESEU",398.5784,51.14,51.14,26,2.0569832E8,20,58.0,"Carbamidomethylation; Deamidation (NQ); Oxidation (M)",29641.445,"Chymotrypsin-like protease-1 OS=Mesobuthus eupeus OX=34648 PE=2 SV=1"
222,true,"A0A1E1WWB8|A0A1E1WWB8_TITOB",177.2184,3.80,3.80,4,951403.94,1,7.0,"Oxidation (M)",71639.695,"Angiotensin-converting enzyme OS=Tityus obscurus OX=1221240 PE=3 SV=1"
208,true,"A0A0U3QS50|A0A0U3QS50_ODODO",224.5951,26.19,26.19,5,,2,5.0,"Carbamidomethylation",9736.38,"Venom protein VP1 OS=Odontobuthus doriae OX=342590 GN=VP1 PE=2 SV=1"
252,true,"P0C8M2|CBP_MESMA",177.40767,40.00,40.00,3,1746916.9,1,7.0,"Acetylation (Protein N-term)",4328.1074,"Serine proteinase-like BMK-CBP (Fragment) OS=Mesobuthus martensii OX=34649 PE=1 SV=1"
117,false,"A0A218QX21|A0A218QX21_TITSE",193.0429,6.25,6.25,6,3.310715E7,1,10.0,"Carbamidomethylation; Deamidation (NQ)",47349.797,"Putative cysteine-rich protein OS=Tityus serrulatus OX=6887 PE=4 SV=1"
177,false,"A0A0K0LBX7|A0A0K0LBX7_9SCOR",189.09732,23.73,23.73,5,4.06745088E8,5,9.0,"Carbamidomethylation; Deamidation (NQ)",6440.9385,"Potassium channel blocker AbTx10 OS=Androctonus bicolor OX=748906 PE=2 SV=1"
296,true,"V9P3R2|V9P3R2_MESEU",104.670876,12.20,12.20,1,4.2267844E7,1,5.0,"Deamidation (NQ); Carbamidomethylation",9674.108,"Meutoxin-2a OS=Mesobuthus eupeus OX=34648 PE=2 SV=1"
384,true,"A0A1E1WWL5|A0A1E1WWL5_TITOB",48.801414,0.69,0.69,1,,1,1.0,"",99461.586,"Putative endothelin-converting enzyme OS=Tityus obscurus OX=1221240 PE=3 SV=1"
327,false,"A0A2I9LNW7|A0A2I9LNW7_9SCOR",101.642784,2.65,2.65,1,,1,2.0,"",38191.742,"Cathepsin L-like cysteine peptidase OS=Centruroides hentzi OX=88313 PE=3 SV=1"
160,false,"B8XH50|NDB4_BUTOS",196.50221,28.36,28.36,4,2958596.2,4,4.0,"",7773.2773,"Amphipathic peptide Tx348 OS=Buthus occitanus israelis OX=539894 PE=2 SV=1"
336,true,"Q86SD9|SCX3_ANDAM",91.087135,11.63,11.63,1,354314.8,1,3.0,"",9225.913,"Toxin Aam3 OS=Androctonus amoreuxi OX=112024 PE=1 SV=1"
264,false,"D0US02|D0US02_HETSP",104.99435,8.16,8.16,1,,1,1.0,"Carbamidomethylation",15849.321,"Triosephosphate isomerase (Fragment) OS=Heterometrus spinifer OX=118530 PE=2 SV=1"
223,true,"A0A5P8U2N1|A0A5P8U2N1_MESEU",164.90822,46.38,46.38,4,1.09277696E8,4,7.0,"Carbamidomethylation; Deamidation (NQ)",7621.686,"Toxin (Fragment) OS=Mesobuthus eupeus OX=34648 PE=2 SV=1"
289,false,"A0A2I9LP13|A0A2I9LP13_9SCOR",50.10724,0.89,0.89,1,236610.23,1,1.0,"",90036.13,"dolichyl-diphosphooligosaccharide--protein glycotransferase OS=Centruroides hentzi OX=88313 PE=3 SV=1"
170,false,"A0A1W7R9R4|A0A1W7R9R4_9SCOR",211.5671,29.49,29.49,6,6601896.0,6,10.0,"Acetylation (Protein N-term)",17979.023,"60S ribosomal protein L40A OS=Hadrurus spadix OX=141984 PE=3 SV=1"
52,false,"D8UWD5|SCXN8_MESEU",299.89975,44.78,44.78,10,7411666.0,6,24.0,"Carbamidomethylation; Deamidation (NQ)",7263.3374,"Sodium channel neurotoxin MeuNaTxalpha-8 OS=Mesobuthus eupeus OX=34648 PE=3 SV=1"
160,false,"A0A0U1S7U5|A0A0U1S7U5_LYCMC",213.58084,35.71,35.71,5,3613216.5,5,6.0,"",7913.4414,"NDBP11 OS=Lychas mucronatus OX=172552 PE=2 SV=1"
125,true,"A0A1E1WVV1|A0A1E1WVV1_TITOB",260.38373,9.62,9.62,9,5.2477116E7,1,15.0,"Carbamidomethylation; Deamidation (NQ)",47411.96,"Putative cysteine-rich protein OS=Tityus obscurus OX=1221240 PE=4 SV=1"
164,true,"E4VP64|E4VP64_MESEU",240.35486,48.35,48.35,6,2.6753752E7,5,10.0,"Carbamidomethylation; Oxidation (M); Deamidation (NQ)",10232.967,"Venom lipolysis activating peptide beta subunit OS=Mesobuthus eupeus OX=34648 PE=4 SV=1"
60,true,"A0A088D9S2|A0A088D9S2_MESEU",300.98383,58.33,58.33,9,2.26178336E8,5,44.0,"Carbamidomethylation; Deamidation (NQ)",6521.5137,"Potassium channel blocker pMeKTx23-1 OS=Mesobuthus eupeus OX=34648 PE=2 SV=1"
9,true,"E4VNZ7|E4VNZ7_MESEU",480.75543,65.42,65.42,51,3.92101965E9,39,182.0,"Oxidation (M); Carbamidomethylation; Deamidation (NQ)",44842.254,"Venom metalloprotease-1 OS=Mesobuthus eupeus OX=34648 GN=VP-1 PE=2 SV=1"
281,true,"A0A0U1TZ48|A0A0U1TZ48_ISOMC",180.54494,17.13,17.13,3,1979747.9,3,3.0,"Carbamidomethylation; Deamidation (NQ)",25035.596,"glycerophosphocholine cholinephosphodiesterase (Fragment) OS=Isometrus maculatus OX=497827 PE=2 SV=1"
162,false,"A0A2I9LNV3|A0A2I9LNV3_9SCOR",104.98082,7.79,7.79,1,374694.0,1,2.0,"",17397.877,"Cofilin OS=Centruroides hentzi OX=88313 PE=3 SV=1"
224,true,"A0A0K0LBR9|A0A0K0LBR9_9SCOR",233.799,22.22,22.22,5,984518.9,2,6.0,"",18901.951,"Chymotrypsin-like protease ClP-2 (Fragment) OS=Androctonus bicolor OX=748906 PE=2 SV=1"
1,true,"P86403|SCXN2_MESEU",525.6479,75.29,75.29,78,2.89899968E8,3,341.0,"Carbamidomethylation; Deamidation (NQ)",9536.015,"Sodium channel neurotoxin MeuNaTxalpha-2 OS=Mesobuthus eupeus OX=34648 PE=1 SV=2"
5,true,"P86408|SCXN1_MESEU",525.8041,72.94,72.94,69,2345322.8,1,492.0,"Carbamidomethylation; Deamidation (NQ)",9389.817,"Sodium channel neurotoxin MeuNaTxalpha-1 OS=Mesobuthus eupeus OX=34648 PE=1 SV=2"
264,false,"L0GB07|L0GB07_UROYA",104.99435,6.45,6.45,1,,1,1.0,"Carbamidomethylation",20393.465,"Triosephosphate isomerase (Fragment) OS=Urodacus yaschenkoi OX=1273102 PE=2 SV=1"
177,false,"P46112|KAX33_LEIHE",30.196234,15.79,15.79,1,451139.78,1,2.0,"Carbamidomethylation",4106.961,"Potassium channel toxin alpha-KTx 3.3 OS=Leiurus hebraeus OX=6884 PE=1 SV=1"
78,false,"A0A9P4PPI5|A0A9P4PPI5_9PLEO",60.619186,5.56,5.56,1,,1,1.0,"Carbamidomethylation",13260.808,"Invertebrate defensins family profile domain-containing protein OS=Karstenula rhodostoma CBS 690.94 OX=1392251 GN=P171DRAFT_482953 PE=3 SV=1"
334,true,"Q9Y0X4|NDB22_MESMA",35.24445,8.33,8.33,1,489294.78,1,1.0,"",8326.929,"Bradykinin-potentiating peptide BmKbpp OS=Mesobuthus martensii OX=34649 PE=2 SV=1"
318,true,"A0A0U4GT75|A0A0U4GT75_ODODO",77.60038,7.14,7.14,1,5.3641868E7,1,2.0,"Deamidation (NQ)",11041.706,"Sodium channel toxin NaTx8 OS=Odontobuthus doriae OX=342590 GN=NaTx8 PE=2 SV=1"
183,true,"P84646|SCX1_ODODO",215.3526,60.00,60.00,7,41280.04,3,7.0,"Carbamidomethylation",7215.1577,"Alpha-toxin OD1 OS=Odontobuthus doriae OX=342590 PE=1 SV=1"
198,true,"P60256|SCXB_BUTOM",222.65198,62.12,62.12,5,9060926.0,4,8.0,"Carbamidomethylation; Acetylation (Protein N-term); Deamidation (NQ)",7465.4204,"Toxin Boma6b OS=Buthus occitanus mardochei OX=6869 PE=3 SV=1"
319,true,"A0A146CJ36|A0A146CJ36_MESEU",141.24063,14.89,14.89,2,521047.53,1,2.0,"Carbamidomethylation",10531.305,"Venom peptide meuPep28 OS=Mesobuthus eupeus OX=34648 PE=2 SV=1"
240,false,"U6JRM9|U6JRM9_TITSE",196.10239,11.54,11.54,3,604795.3,3,7.0,"Carbamidomethylation",37179.527,"Cathepsin D-like aspartic peptidase 1 protein OS=Tityus serrulatus OX=6887 GN=ctsd PE=2 SV=1"
225,true,"F1CIX4|F1CIX4_HOTJU",211.10701,33.33,33.33,4,1.69676128E8,1,8.0,"Carbamidomethylation; Deamidation (NQ)",8734.345,"U1-buthitoxin-Hj1a OS=Hottentotta judaicus OX=6863 PE=2 SV=1"
353,true,"A0A1W7RAV6|A0A1W7RAV6_9SCOR",21.300217,10.74,10.74,1,71409.15,1,1.0,"",16810.557,"Calglandulin OS=Hadrurus spadix OX=141984 PE=4 SV=1"
282,true,"A0A146CIT8|A0A146CIT8_MESEU",166.14874,17.05,17.05,3,1.5282823E7,3,3.0,"Carbamidomethylation",9676.217,"Sodium channel toxin meuNa12 OS=Mesobuthus eupeus OX=34648 PE=2 SV=1"
373,true,"F6K5S7|F6K5S7_MESMA",23.973837,8.97,8.97,1,863924.56,1,1.0,"",9545.283,"Antimicrobial peptide marcin-18-1 OS=Mesobuthus martensii OX=34649 PE=2 SV=1"
160,false,"A0A146CJ26|A0A146CJ26_MESEU",238.22044,40.00,40.00,7,3730397.5,7,8.0,"",8014.5312,"Venom peptide meuVAP-6 OS=Mesobuthus eupeus OX=34648 PE=2 SV=1"
253,true,"A0A2I9LNZ4|A0A2I9LNZ4_9SCOR",183.3085,33.59,33.59,4,2168458.5,4,4.0,"Carbamidomethylation; Deamidation (NQ)",14778.049,"Fatty acid binding protein OS=Centruroides hentzi OX=88313 PE=3 SV=1"
320,true,"A0A0U4GZ20|A0A0U4GZ20_ODODO",154.27322,19.44,19.44,2,243269.34,2,3.0,"Carbamidomethylation",8404.706,"Cell protein CPr7 OS=Odontobuthus doriae OX=342590 GN=CPr7 PE=2 SV=1"
362,true,"Q6V4Y2|Q6V4Y2_CENNO",82.68158,9.38,9.38,1,322199.44,1,1.0,"Carbamidomethylation",7040.06,"Beta-toxin (Fragment) OS=Centruroides noxius OX=6878 PE=4 SV=1"
321,true,"C0HM60|KAX_BUTOC",104.412315,25.64,25.64,1,1.0216521E7,1,2.0,"Oxidation (M); Carbamidomethylation",4155.7495,"Toxin Bot33 OS=Buthus occitanus tunetanus OX=6871 PE=1 SV=1"
266,true,"A0AA49QDN0|A0AA49QDN0_9SCOR",183.21945,29.33,29.33,3,,1,4.0,"Carbamidomethylation; Deamidation (NQ)",8376.745,"KTx OS=Tityus melici OX=3026321 PE=2 SV=1"
371,true,"A0A2I9LPJ0|A0A2I9LPJ0_9SCOR",29.807,8.15,8.15,1,56508.75,1,2.0,"",20765.84,"small monomeric GTPase OS=Centruroides hentzi OX=88313 PE=4 SV=1"
385,true,"A0A0K0LC33|A0A0K0LC33_9SCOR",109.368546,7.63,7.63,1,452697.03,1,1.0,"",13244.327,"Orphan peptide AbOp-16 (Fragment) OS=Androctonus bicolor OX=748906 PE=2 SV=1"
386,true,"A0A803MEW0|A0A803MEW0_CHEQI",21.85903,2.17,2.17,1,,1,1.0,"Carbamidomethylation",30703.88,"Uncharacterized protein OS=Chenopodium quinoa OX=63459 PE=4 SV=1"
322,true,"E4VP10|E4VP10_MESEU",117.44273,22.73,22.73,1,140118.88,1,3.0,"Deamidation (NQ); Carbamidomethylation",9972.418,"Venom serine protease inhibitor (Fragment) OS=Mesobuthus eupeus OX=34648 GN=VSPI-1 PE=2 SV=1"
126,true,"A0A143MHJ7|A0A143MHJ7_MESEU",299.98718,37.93,37.93,10,2.50601296E8,7,28.0,"Carbamidomethylation; Deamidation (NQ)",10523.535,"Venom toxin meuTx18 OS=Mesobuthus eupeus OX=34648 PE=2 SV=1"
199,true,"P00760|TRY1_BOVIN",232.11955,22.36,22.36,6,5.5584168E7,6,10.0,"Carbamidomethylation; Deamidation (NQ)",25785.238,"Serine protease 1 OS=Bos taurus OX=9913 GN=PRSS1 PE=1 SV=3"
213,false,"A0A0U1TYC2|A0A0U1TYC2_ISOMC",190.41032,13.95,13.95,4,,1,7.0,"Carbamidomethylation",9656.2,"LCN-type CS-alpha/beta domain-containing protein OS=Isometrus maculatus OX=497827 PE=2 SV=1"
387,true,"A0A1E1WVL7|A0A1E1WVL7_TITOB",74.258064,3.03,3.03,1,,1,1.0,"Deamidation (NQ); Carbamidomethylation",37875.867,"Putative hemolectin OS=Tityus obscurus OX=1221240 PE=3 SV=1"
184,false,"Q9BNU8|Q9BNU8_HETSP",185.24449,8.22,8.22,3,639762.6,3,3.0,"",41962.008,"Elongation factor 1-alpha (Fragment) OS=Heterometrus spinifer OX=118530 PE=2 SV=1"
308,true,"B8XGZ6|B8XGZ6_BUTOS",119.175125,16.28,16.28,2,,1,2.0,"Deamidation (NQ); Carbamidomethylation",9334.082,"Putative alpha toxin Tx772 OS=Buthus occitanus israelis OX=539894 PE=2 SV=1"
184,true,"A0A1W7RAM5|A0A1W7RAM5_9SCOR",284.61725,19.70,19.70,7,1224228.0,7,9.0,"Deamidation (NQ)",51049.082,"Elongation factor 1-alpha OS=Hadrurus spadix OX=141984 PE=3 SV=1"
79,true,"A0A1E1WVP7|A0A1E1WVP7_TITOB",330.37848,21.57,21.57,15,,1,29.0,"Carbamidomethylation; Oxidation (M)",71949.37,"Putative hemocyanin subunit OS=Tityus obscurus OX=1221240 PE=3 SV=1"
283,true,"A0A8K1K205|A0A8K1K205_HEMLE",151.88708,4.65,4.65,3,413763.12,3,4.0,"Carbamidomethylation",62836.574,"Glucose-6-phosphate isomerase OS=Hemiscorpius lepturus OX=520031 PE=2 SV=1"
363,true,"E7CZZ2|E7CZZ2_MESEU",98.97772,39.47,39.47,1,,1,1.0,"Carbamidomethylation; Deamidation (NQ)",4256.7627,"Truncated sodium channel neurotoxin alpha type NaTxalpha-13 (Fragment) OS=Mesobuthus eupeus OX=34648 PE=2 SV=1"
226,true,"A0A0U1S886|A0A0U1S886_ISOMC",180.97397,17.48,17.48,3,7.1030768E7,3,14.0,"Deamidation (NQ)",16440.795,"Glycosyl hydrolases family 22 (GH22) domain-containing protein OS=Isometrus maculatus OX=497827 PE=2 SV=1"
198,false,"P60255|SCXA_BUTOM",97.45584,16.67,16.67,1,3103061.0,1,1.0,"Carbamidomethylation",7477.428,"Toxin Boma6a OS=Buthus occitanus mardochei OX=6869 PE=3 SV=1"
284,true,"F1CIX1|F1CIX1_HOTJU",119.279915,12.03,12.03,3,2367271.2,3,4.0,"Carbamidomethylation; Oxidation (M)",29623.562,"Putative alpha-2-macroglobulin (Fragment) OS=Hottentotta judaicus OX=6863 PE=2 SV=1"
4,true,"P09982|SCXE_MESEU",490.16684,74.24,74.24,54,2.10479258E9,26,247.0,"Deamidation (NQ); Carbamidomethylation; Acetylation (Protein N-term)",7453.3604,"Toxin BeM14 OS=Mesobuthus eupeus OX=34648 PE=1 SV=1"
170,true,"A0A5J6YGB0|A0A5J6YGB0_9SCOR",225.98438,35.26,35.26,7,6908630.0,7,11.0,"Acetylation (Protein N-term)",17901.836,"60S ribosomal protein L40A-like protein OS=Centruroides edwardsii OX=2565419 GN=CR13_66 PE=2 SV=1"
162,false,"A0A1W7RAQ3|A0A1W7RAQ3_9SCOR",104.98082,7.84,7.84,1,374694.0,1,2.0,"",17298.787,"Cofilin OS=Hadrurus spadix OX=141984 PE=3 SV=1"
227,true,"A0A146CJ90|A0A146CJ90_MESEU",180.61621,37.93,37.93,5,,1,23.0,"Deamidation (NQ); Carbamidomethylation",9773.36,"Venom toxin meuNa32 OS=Mesobuthus eupeus OX=34648 PE=2 SV=1"
381,true,"A0A1W7R931|A0A1W7R931_9SCOR",64.672844,3.41,3.41,1,,1,1.0,"",68155.95,"H(+)-transporting two-sector ATPase OS=Hadrurus spadix OX=141984 PE=3 SV=1"
254,true,"A0A1W7R9Z7|A0A1W7R9Z7_9SCOR",204.74033,12.65,12.65,4,3867117.0,2,5.0,"Carbamidomethylation; Deamidation (NQ)",56377.484,"Protein disulfide-isomerase OS=Hadrurus spadix OX=141984 PE=3 SV=1"
185,true,"A0A146CIZ6|A0A146CIZ6_MESEU",226.97343,40.35,40.35,5,1.18997616E8,3,15.0,"Carbamidomethylation; Oxidation (M); Deamidation (NQ)",6702.7803,"Venom toxin meuEnz35 OS=Mesobuthus eupeus OX=34648 PE=2 SV=1"
184,true,"A0A2I9LNY0|A0A2I9LNY0_9SCOR",284.61725,19.70,19.70,7,1224228.0,7,9.0,"Deamidation (NQ)",50994.992,"Elongation factor 1-alpha OS=Centruroides hentzi OX=88313 PE=3 SV=1"
339,true,"A0A2I9LPX0|A0A2I9LPX0_9SCOR",56.152378,5.33,5.33,1,,1,1.0,"Carbamidomethylation",50057.59,"Tubulin alpha chain OS=Centruroides hentzi OX=88313 PE=3 SV=1"
132,true,"P01488|SCX1_BUTOC",274.8906,32.31,32.31,10,1.2507846E7,3,13.0,"Carbamidomethylation",7268.1772,"Alpha-toxin Bot1 OS=Buthus occitanus tunetanus OX=6871 PE=1 SV=2"
196,false,"A0A1W7R9V2|A0A1W7R9V2_9SCOR",98.82465,5.50,5.50,1,406058.62,1,1.0,"",22734.291,"Ras-related protein Rab-10 OS=Hadrurus spadix OX=141984 PE=3 SV=1"
286,true,"A0A088DB16|A0A088DB16_MESEU",181.62857,36.36,36.36,3,2568524.2,3,4.0,"Carbamidomethylation",5883.0747,"Potassium channel blocker pMeKTx14-1 OS=Mesobuthus eupeus OX=34648 PE=2 SV=1"
271,true,"A0A1W7R9V0|A0A1W7R9V0_9SCOR",184.47684,18.05,18.05,3,,3,4.0,"",23075.172,"Ras-related protein Rab-7a OS=Hadrurus spadix OX=141984 PE=3 SV=1"
362,true,"P60163|SCX2_CENGR",82.68158,8.82,8.82,1,322199.44,1,1.0,"Carbamidomethylation",7660.634,"Toxin Cg2 OS=Centruroides gracilis OX=217898 PE=2 SV=1"
5,false,"A0A0B5GD34|A0A0B5GD34_MESEU",422.92548,42.35,42.35,30,2345322.8,1,281.0,"Carbamidomethylation; Deamidation (NQ)",9271.636,"Analgesic-antitumor-like protein OS=Mesobuthus eupeus OX=34648 PE=4 SV=1"
287,true,"F1CJ59|F1CJ59_HOTJU",139.46487,9.76,9.76,2,4.5327304E7,2,14.0,"Carbamidomethylation; Deamidation (NQ)",13856.709,"Venom peptide OS=Hottentotta judaicus OX=6863 PE=2 SV=1"
83,false,"F8THJ5|F8THJ5_HOTJU",194.78465,14.29,14.29,4,6758314.0,4,4.0,"",9457.038,"Venom protein OS=Hottentotta judaicus OX=6863 PE=2 SV=1"
288,true,"A0A1E1WVR2|A0A1E1WVR2_TITOB",171.51619,3.94,3.94,3,1797165.4,1,5.0,"",78793.555,"Putative transferrin OS=Tityus obscurus OX=1221240 PE=3 SV=1"
186,true,"A0A088DAD7|A0A088DAD7_MESEU",252.1439,36.21,36.21,6,2.6543942E7,6,11.0,"Carbamidomethylation; Deamidation (NQ)",6556.8223,"Potassium channel blocker pMeKTx11-2 OS=Mesobuthus eupeus OX=34648 PE=2 SV=1"
265,true,"A0A0K0LBX4|A0A0K0LBX4_9SCOR",185.99939,31.33,31.33,3,1387011.6,1,10.0,"Carbamidomethylation",9499.95,"Sodium channel blocker AbNaTx8 OS=Androctonus bicolor OX=748906 PE=2 SV=1"
388,true,"A0A2I9LP12|A0A2I9LP12_9SCOR",27.28227,2.42,2.42,1,521609.53,1,1.0,"",37671.246,"G-protein coupled receptor OS=Centruroides hentzi OX=88313 PE=4 SV=1"
264,true,"A0A8K1NDZ5|A0A8K1NDZ5_ANDCR",190.22539,15.73,15.73,3,208316.02,3,3.0,"Carbamidomethylation",26899.74,"Triosephosphate isomerase OS=Androctonus crassicauda OX=122909 PE=2 SV=1"
389,true,"A0A0K0LCJ5|A0A0K0LCJ5_9SCOR",79.88834,11.11,11.11,1,696877.7,1,1.0,"Carbamidomethylation",11285.045,"Orphan peptide AbOp-7 OS=Androctonus bicolor OX=748906 PE=2 SV=1"
83,false,"A0A2I9LPZ1|A0A2I9LPZ1_9SCOR",96.29411,12.82,12.82,1,5694289.0,1,1.0,"Carbamidomethylation",8940.296,"Venom protein OS=Centruroides hentzi OX=88313 PE=4 SV=1"
26,false,"A0A2I9LP21|A0A2I9LP21_9SCOR",117.52936,2.99,2.99,2,694788.6,1,4.0,"",46426.22,"Hyaluronidase OS=Centruroides hentzi OX=88313 PE=3 SV=1"
289,true,"A0A1S5QN19|A0A1S5QN19_TITSE",120.18025,4.44,4.44,3,329873.94,3,3.0,"",56530.004,"Cytosol aminopeptidase OS=Tityus serrulatus OX=6887 PE=2 SV=1"
59,false,"F1CJ72|F1CJ72_HOTJU",230.45045,49.62,49.62,6,4465989.0,6,9.0,"",14675.708,"Actin (Fragment) OS=Hottentotta judaicus OX=6863 PE=2 SV=1"
390,true,"Q95NJ8|KA171_MESMA",93.18074,16.36,16.36,1,2528432.2,1,1.0,"Carbamidomethylation",6161.3047,"Potassium channel toxin alpha-KTx 17.1 OS=Mesobuthus martensii OX=34649 PE=1 SV=1"
308,false,"Q2YHM1|SCX8R_ANDMA",53.92653,8.14,8.14,1,,1,1.0,"Deamidation (NQ)",9598.248,"Neurotoxin 8-related gene product 1/2/3 OS=Androctonus mauritanicus mauritanicus OX=6860 GN=NTVIIIrgp1 PE=3 SV=1"
244,false,"Q7Z0H5|SCKJ_MESMA",59.296227,12.73,12.73,1,1.137407E7,1,2.0,"Carbamidomethylation",6145.4297,"Neurotoxin BmKX-A1-S31 OS=Mesobuthus martensii OX=34649 PE=2 SV=1"
6,true,"D8UWD3|SCXN7_MESEU",523.8601,93.94,93.94,68,268970.25,1,431.0,"Carbamidomethylation; Deamidation (NQ); Acetylation (Protein N-term)",7371.3013,"Sodium channel neurotoxin MeuNaTxalpha-7 OS=Mesobuthus eupeus OX=34648 PE=1 SV=1"
89,true,"A0F0C1|A0F0C1_MESMA",316.56152,49.41,49.41,14,,1,26.0,"Carbamidomethylation; Deamidation (NQ)",9603.917,"Sodium channel toxin OS=Mesobuthus martensii OX=34649 GN=TX19 PE=4 SV=1"
115,false,"P59869|KAX54_HOTTA",84.79066,22.58,22.58,2,8.5497619E8,2,9.0,"",3465.1536,"Potassium channel toxin alpha-KTx 5.4 OS=Hottentotta tamulus OX=34647 PE=1 SV=1"
296,true,"V9P3R8|V9P3R8_MESEU",104.670876,12.20,12.20,1,4.2267844E7,1,5.0,"Deamidation (NQ); Carbamidomethylation",9646.055,"Meutoxin-2 OS=Mesobuthus eupeus OX=34648 PE=2 SV=1"
73,false,"P80671|KAX84_LEIHE",194.66235,44.83,44.83,4,5.1591488E7,3,11.0,"Carbamidomethylation; Deamidation (NQ)",3213.606,"Potassium channel toxin alpha-KTx 8.4 OS=Leiurus hebraeus OX=6884 PE=1 SV=1"
228,true,"O77091|SIXP_MESMA",213.55939,37.78,37.78,5,4.5211948E7,3,7.0,"Carbamidomethylation",10224.974,"Beta-insect excitatory toxin BmK IT-AP OS=Mesobuthus martensii OX=34649 PE=1 SV=1"
323,true,"A0A1W7R9U7|A0A1W7R9U7_9SCOR",117.99378,11.06,11.06,2,49440.55,2,2.0,"",24453.486,"Ras-related protein Rab-11B OS=Hadrurus spadix OX=141984 PE=3 SV=1"
373,true,"F6K5S6|F6K5S6_MESMA",23.973837,8.97,8.97,1,863924.56,1,1.0,"",9511.266,"Antimicrobial peptide marcin-18 OS=Mesobuthus martensii OX=34649 PE=2 SV=1"
291,true,"A0A2I9LP83|A0A2I9LP83_9SCOR",130.38705,4.25,4.25,3,727636.44,2,4.0,"Deamidation (NQ); Carbamidomethylation; Oxidation (M)",45152.44,"Metalloproteinase OS=Centruroides hentzi OX=88313 PE=3 SV=1"
11,false,"E4VP56|E4VP56_MESEU",462.37875,88.89,88.89,39,7.3664394E9,18,174.0,"Carbamidomethylation; Oxidation (M); Deamidation (NQ)",7076.156,"Putative bifunctional venom peptide-5 (Fragment) OS=Mesobuthus eupeus OX=34648 PE=2 SV=1"
292,true,"Q0GY46|KBX1_TITTR",174.83505,22.99,22.99,3,,1,3.0,"Carbamidomethylation; Deamidation (NQ)",9806.621,"Potassium channel toxin Ttr-beta-KTx OS=Tityus trivittatus OX=369776 PE=3 SV=2"
391,true,"A0A0U1TYR0|A0A0U1TYR0_LYCMC",20.92857,7.50,7.50,1,40259.6,1,1.0,"Carbamidomethylation",8903.41,"Neurotoxin LmNaTx8 OS=Lychas mucronatus OX=172552 PE=2 SV=1"
52,true,"P86405|SCXN5_MESEU",360.13715,67.44,67.44,18,7411666.0,6,41.0,"Deamidation (NQ); Carbamidomethylation",9413.938,"Sodium channel neurotoxin MeuNaTxalpha-5 OS=Mesobuthus eupeus OX=34648 PE=1 SV=2"
56,true,"A0A088D9P7|A0A088D9P7_MESEU",299.6208,40.85,40.85,9,2.83773792E8,9,62.0,"Carbamidomethylation; Oxidation (M); Deamidation (NQ)",8043.5317,"Potassium channel blocker pMeKTx26-2 OS=Mesobuthus eupeus OX=34648 PE=2 SV=1"
314,true,"D0UQX8|D0UQX8_HETSP",100.123955,13.07,13.07,1,68379.555,1,2.0,"Deamidation (NQ); Carbamidomethylation",16693.111,"ATP synthase (Fragment) OS=Heterometrus spinifer OX=118530 PE=2 SV=1"
149,false,"R4H5K8|R4H5K8_MESEU",215.5953,77.42,77.42,6,3525308.2,1,15.0,"Carbamidomethylation; Deamidation (NQ)",3671.233,"Mu-potassium channel blocker 2 (Fragment) OS=Mesobuthus eupeus OX=34648 PE=2 SV=1"
359,true,"A0A2I9LNP6|A0A2I9LNP6_9SCOR",83.78497,5.52,5.52,1,31791.984,1,1.0,"",20612.744,"ADP-ribosylation factor OS=Centruroides hentzi OX=88313 PE=3 SV=1"
255,true,"A0A1W7RA02|A0A1W7RA02_9SCOR",180.88383,2.86,2.86,4,5402356.0,2,5.0,"",73645.46,"Angiotensin-converting enzyme OS=Hadrurus spadix OX=141984 PE=3 SV=1"
120,false,"P83407|KA191_MESMA",258.81357,83.87,83.87,7,8.5383642E8,5,21.0,"Carbamidomethylation; Oxidation (M)",3341.9707,"Potassium channel toxin alpha-KTx 19.1 OS=Mesobuthus martensii OX=34649 PE=1 SV=1"
184,false,"A0MVV8|A0MVV8_9NEOP",145.1741,9.27,9.27,2,639762.6,2,2.0,"",22324.854,"Elongation factor 1-alpha (Fragment) OS=Panorpa japonica OX=75384 GN=Ef-1a PE=4 SV=1"
73,false,"B8XH31|B8XH31_BUTOS",94.17779,12.28,12.28,1,20212.47,1,1.0,"Carbamidomethylation",6321.468,"Putative potassium channel toxin Tx203 OS=Buthus occitanus israelis OX=539894 PE=2 SV=1"
143,true,"A0A1W7RAE9|A0A1W7RAE9_9SCOR",265.08194,10.85,10.85,8,,1,17.0,"Carbamidomethylation; Deamidation (NQ)",72176.59,"Hemocyanin subunit 3a OS=Hadrurus spadix OX=141984 PE=3 SV=1"
187,true,"A0A0K0LC52|A0A0K0LC52_9SCOR",228.68329,79.69,79.69,6,6541986.0,4,8.0,"Oxidation (M)",7254.722,"Cellular protein AbCp-3 (Fragment) OS=Androctonus bicolor OX=748906 PE=2 SV=1"
102,false,"Q1EFP8|Q1EFP8_MESMA",87.09765,12.07,12.07,1,8.3093677E8,1,6.0,"Deamidation (NQ); Carbamidomethylation",6506.7876,"Potassium channel toxin BmKTX2' OS=Mesobuthus martensii OX=34649 PE=4 SV=1"
111,true,"A0A088D9T4|A0A088D9T4_MESEU",283.10156,62.82,62.82,8,5.5552019E8,8,70.0,"Carbamidomethylation; Deamidation (NQ); Oxidation (M)",8772.378,"Potassium channel blocker pMeKTx20-1b OS=Mesobuthus eupeus OX=34648 PE=2 SV=1"
256,true,"B8XGX9|B8XGX9_BUTOS",176.42937,20.69,20.69,4,564982.2,1,5.0,"Carbamidomethylation",9580.103,"Putative alpha toxin Tx2 OS=Buthus occitanus israelis OX=539894 PE=2 SV=1"
70,false,"E4VP57|E4VP57_MESEU",263.4152,36.36,36.36,9,8.4357818E8,2,16.0,"Carbamidomethylation; Deamidation (NQ)",10125.916,"Putative bifunctional venom peptide-6 OS=Mesobuthus eupeus OX=34648 GN=TXKbeta4 PE=2 SV=1"
165,true,"Q9BKB7|KGX21_MESEU",252.86736,47.37,47.37,6,4.12878624E8,6,27.0,"Carbamidomethylation; Deamidation (NQ)",6451.6064,"Potassium channel toxin gamma-KTx 2.1 OS=Mesobuthus eupeus OX=34648 PE=1 SV=1"
218,false,"A0A1W7RA50|A0A1W7RA50_9SCOR",139.16466,9.94,9.94,2,789202.94,2,2.0,"",19415.58,"Nucleoside diphosphate kinase OS=Hadrurus spadix OX=141984 PE=3 SV=1"
392,true,"A0A1W7RAX3|A0A1W7RAX3_9SCOR",26.416815,3.35,3.35,1,708960.3,1,1.0,"",20732.338,"ATP synthase subunit d, mitochondrial OS=Hadrurus spadix OX=141984 PE=3 SV=1"
144,true,"Q95P89|SCS1_MESMA",212.2449,53.33,53.33,7,3.82825312E8,7,14.0,"Carbamidomethylation; Oxidation (M); Deamidation (NQ)",6523.2314,"Putative potassium channel blocker TXKS1 OS=Mesobuthus martensii OX=34649 PE=1 SV=1"
196,true,"A0A2I9LPI8|A0A2I9LPI8_9SCOR",245.52414,35.44,35.44,6,1049524.9,6,6.0,"Acetylation (Protein N-term); Carbamidomethylation",22792.861,"Ras-related protein Rab-1A OS=Centruroides hentzi OX=88313 PE=3 SV=1"
176,true,"Q1EG64|Q1EG64_MESMA",236.14177,27.06,27.06,7,996717.9,2,11.0,"Carbamidomethylation; Deamidation (NQ)",9399.815,"Sodium toxin peptide BmKTb' OS=Mesobuthus martensii OX=34649 PE=4 SV=1"
318,true,"B8XH01|LV1A_BUTOS",77.60038,7.14,7.14,1,5.3641868E7,1,2.0,"Deamidation (NQ)",11247.16,"Lipolysis-activating peptide 1-alpha chain OS=Buthus occitanus israelis OX=539894 PE=2 SV=1"
145,true,"P85066|CTXL1_LEIHE",246.96687,29.41,29.41,6,6.9701144E7,1,38.0,"Carbamidomethylation; Deamidation (NQ)",3685.2593,"Toxin GaTx1 OS=Leiurus hebraeus OX=6884 PE=1 SV=1"
248,false,"Q686U1|Q686U1_MESGB",195.35854,24.37,24.37,3,1000327.2,3,5.0,"Carbamidomethylation",12875.177,"CG10527-like methyltransferase (Fragment) OS=Mesobuthus gibbosus OX=123226 GN=mt PE=4 SV=1"
77,true,"A0A023UGK1|A0A023UGK1_MESGB",295.27487,46.67,46.67,11,9.6762634E9,8,34.0,"Carbamidomethylation; Oxidation (M); Deamidation (NQ)",6794.178,"Chlorotoxin-2 OS=Mesobuthus gibbosus OX=123226 GN=ClTx2 PE=4 SV=1"
244,false,"Q7Z0F1|SCKH_MESMA",59.296227,12.73,12.73,1,1.137407E7,1,2.0,"Carbamidomethylation",6175.456,"Neurotoxin X-29S OS=Mesobuthus martensii OX=34649 PE=3 SV=1"
100,false,"A0A059UHJ5|A0A059UHJ5_MESGB",104.59179,11.11,11.11,1,,1,1.0,"Carbamidomethylation",6970.0723,"Calcium channel toxin-like protein OS=Mesobuthus gibbosus OX=123226 PE=2 SV=1"
80,true,"A0A2I9LP41|A0A2I9LP41_9SCOR",355.79678,31.78,31.78,16,294222.75,1,23.0,"Deamidation (NQ); Carbamidomethylation",70731.9,"Heat shock 70 kDa protein OS=Centruroides hentzi OX=88313 PE=3 SV=1"
393,true,"T1E6W7|T1E6W7_9SCOR",34.00744,29.41,29.41,1,591405.0,1,1.0,"Deamidation (NQ)",7871.242,"CYLIP-Cer-2 OS=Cercophonius squama OX=1330404 PE=2 SV=1"
170,true,"A0A3S8V4Q4|A0A3S8V4Q4_9SCOR",225.98438,42.97,42.97,7,6908630.0,7,11.0,"Acetylation (Protein N-term)",14701.284,"Ubiquitin-ribosomal protein eL40 fusion protein OS=Didymocentrus krausi OX=1546215 PE=2 SV=1"
334,true,"D9U2B5|NDBM_LYCMC",35.24445,8.33,8.33,1,489294.78,1,1.0,"",8354.942,"Bradykinin-potentiating peptide NDBP6 OS=Lychas mucronatus OX=172552 PE=1 SV=1"
394,true,"E4VP39|E4VP39_MESEU",24.306131,17.65,17.65,1,,1,1.0,"Carbamidomethylation",9298.622,"Venom protein-9 OS=Mesobuthus eupeus OX=34648 PE=2 SV=1"
372,true,"A0A088D9T9|A0A088D9T9_MESEU",89.51703,17.24,17.24,1,993930.9,1,1.0,"Carbamidomethylation",6458.599,"Potassium channel blocker pMeKTx5-1 OS=Mesobuthus eupeus OX=34648 PE=2 SV=1"
151,true,"Q86SD8|KA155_ANDAU",261.74072,33.90,33.90,7,2.5406656E7,3,17.0,"Carbamidomethylation; Deamidation (NQ)",6276.5835,"Potassium channel toxin alpha-KTx 15.5 OS=Androctonus australis OX=6858 PE=3 SV=1"
102,false,"A0RZD1|A0RZD1_MESMA",134.39583,26.32,26.32,3,8.3093677E8,3,8.0,"Deamidation (NQ); Carbamidomethylation",6369.6675,"Potassium-channel toxin protein OS=Mesobuthus martensii OX=34649 GN=TX1 PE=4 SV=1"
251,false,"A0A2I9LP93|A0A2I9LP93_9SCOR",23.070768,7.14,7.14,1,140718.03,1,2.0,"",9208.807,"NaTx OS=Centruroides hentzi OX=88313 PE=4 SV=1"
282,false,"B8XGZ2|B8XGZ2_BUTOS",139.16418,11.11,11.11,2,108662.72,2,2.0,"Carbamidomethylation",8768.251,"Putative alpha toxin Tx644 OS=Buthus occitanus israelis OX=539894 PE=2 SV=1"
248,false,"Q686V2|Q686V2_MESGB",160.16452,15.13,15.13,2,792575.44,2,3.0,"Carbamidomethylation",12907.225,"CG10527-like methyltransferase (Fragment) OS=Mesobuthus gibbosus OX=123226 GN=mettrans PE=4 SV=1"
324,true,"A0A0C9RP91|A0A0C9RP91_TITBA",119.1125,6.51,6.51,2,26192.842,1,2.0,"Deamidation (NQ)",29546.44,"TSA: Tityus bahiensis Tbah01461 mRNA sequence (Fragment) OS=Tityus bahiensis OX=50343 PE=2 SV=1"
193,false,"F1CIZ6|CL1A_HOTJU",151.24841,14.06,14.06,3,3.217233E7,3,5.0,"Carbamidomethylation",7061.027,"Phi-buthitoxin-Hj1a OS=Hottentotta judaicus OX=6863 PE=3 SV=1"
346,true,"P16960|RYR1_PIG",31.038675,0.36,0.36,1,,1,1.0,"",565332.0,"Ryanodine receptor 1 OS=Sus scrofa OX=9823 GN=RYR1 PE=2 SV=2"
293,true,"R4H5L6|R4H5L6_MESEU",195.5857,31.67,31.67,3,2770980.5,3,8.0,"Carbamidomethylation",7023.9976,"Sodium channel toxin 18 (Fragment) OS=Mesobuthus eupeus OX=34648 PE=2 SV=1"
177,false,"P59290|KAX39_BUTOC",189.09732,37.84,37.84,5,4.06745088E8,5,9.0,"Carbamidomethylation; Deamidation (NQ)",4027.8596,"Potassium channel toxin alpha-KTx 3.9 OS=Buthus occitanus tunetanus OX=6871 GN=KTX3 PE=1 SV=1"
257,true,"A0A1W7RAI5|A0A1W7RAI5_9SCOR",195.58804,14.01,14.01,4,323521.9,4,4.0,"",39422.895,"Fructose-bisphosphate aldolase OS=Hadrurus spadix OX=141984 PE=3 SV=1"
115,false,"Q9TVX3|KAX53_MESMA",194.01027,39.34,39.34,6,1.18206771E9,6,18.0,"Carbamidomethylation; Deamidation (NQ)",6808.2485,"Potassium channel toxin alpha-KTx 5.3 OS=Mesobuthus martensii OX=34649 PE=1 SV=1"
250,true,"A0A0K0LBV9|A0A0K0LBV9_9SCOR",110.499466,17.98,17.98,1,2.7313668E7,1,17.0,"Deamidation (NQ); Carbamidomethylation",10329.899,"Sodium channel blocker AbNaTx22 OS=Androctonus bicolor OX=748906 PE=2 SV=1"
70,true,"E4VP34|E4VP34_MESEU",317.4086,53.73,53.73,14,8.4357818E8,2,55.0,"Carbamidomethylation; Oxidation (M); Deamidation (NQ)",7725.92,"Putative bifunctional venom peptide TXXbeta3 (Fragment) OS=Mesobuthus eupeus OX=34648 GN=TXKbeta5 PE=2 SV=1"
188,true,"A0A1W7RAE8|A0A1W7RAE8_9SCOR",228.15254,7.92,7.92,6,,1,13.0,"Carbamidomethylation; Deamidation (NQ)",73645.26,"Hemocyanin subunit 5b OS=Hadrurus spadix OX=141984 PE=3 SV=1"
184,false,"A0A1W7RAN3|A0A1W7RAN3_9SCOR",229.05977,8.62,8.62,4,947883.2,4,6.0,"Deamidation (NQ)",51195.215,"Elongation factor 1-alpha OS=Hadrurus spadix OX=141984 PE=3 SV=1"
262,false,"A0A1E1WVQ8|A0A1E1WVQ8_TITOB",93.80799,2.31,2.31,1,567793.25,1,2.0,"",39271.055,"Putative peptidylglycine alpha-amidating monooxygenase OS=Tityus obscurus OX=1221240 PE=4 SV=1"
204,true,"A0A088DAE0|A0A088DAE0_MESEU",174.77237,31.67,31.67,4,4.33510592E8,4,12.0,"Carbamidomethylation; Deamidation (NQ)",6807.1943,"Potassium channel blocker pMeKTx9-1 OS=Mesobuthus eupeus OX=34648 PE=2 SV=1"
73,false,"Q549D8|Q549D8_MESMA",194.66235,22.81,22.81,4,5.1591488E7,3,11.0,"Carbamidomethylation; Deamidation (NQ)",6344.505,"Putative apamin-sensitive potassium channel inhibitor OS=Mesobuthus martensii OX=34649 GN=Kk5 PE=2 SV=1"
395,true,"A0A2I9LP15|A0A2I9LP15_9SCOR",44.026516,6.76,6.76,1,1053246.5,1,1.0,"Carbamidomethylation",23564.389,"peptidylprolyl isomerase OS=Centruroides hentzi OX=88313 PE=4 SV=1"
396,true,"A0A1B3IJ22|A0A1B3IJ22_9SCOR",32.249466,5.22,5.22,1,1189588.5,1,1.0,"Carbamidomethylation",12773.78,"Venom peptide HtTxB OS=Hadogenes troglodytes OX=1577150 PE=2 SV=1"
294,true,"F1CJ43|F1CJ43_HOTJU",195.6834,18.44,18.44,3,5230998.0,3,7.0,"",20382.307,"Putative alpha-2-macroglobulin (Fragment) OS=Hottentotta judaicus OX=6863 PE=2 SV=1"
196,false,"A0A1W7R9U5|A0A1W7R9U5_9SCOR",168.85019,17.48,17.48,3,622261.75,3,3.0,"Carbamidomethylation",22867.994,"Ras-related protein Rab-1A OS=Hadrurus spadix OX=141984 PE=3 SV=1"
325,true,"E4VP13|E4VP13_MESEU",142.41928,13.20,13.20,2,930096.2,2,2.0,"Carbamidomethylation",21470.816,"Venom leucine aminopeptidase (Fragment) OS=Mesobuthus eupeus OX=34648 GN=VLAP-1 PE=2 SV=1"
95,true,"T1DPC1|T1DPC1_9SCOR",259.2897,10.90,10.90,10,2.06395904E8,3,29.0,"Carbamidomethylation; Deamidation (NQ); Oxidation (M)",47078.29,"CAP-Lyc-1 OS=Lychas buchari OX=1330406 PE=2 SV=1"
364,true,"P83406|KAX97_HOTJU",84.716286,53.57,53.57,1,135890.05,1,1.0,"Carbamidomethylation",2880.2612,"Potassium channel toxin alpha-KTx 9.7 OS=Hottentotta judaicus OX=6863 PE=1 SV=1"
326,true,"A0A088DB40|A0A088DB40_MESEU",153.44522,25.00,25.00,2,2.8534878E7,2,4.0,"Carbamidomethylation",6871.213,"Potassium channel blocker pMeKTx22-1 OS=Mesobuthus eupeus OX=34648 PE=2 SV=1"
146,true,"A0AA49QCI2|A0AA49QCI2_9SCOR",275.84027,14.14,14.14,9,1274792.6,4,11.0,"Deamidation (NQ)",55522.895,"Disulfide isomerase OS=Tityus melici OX=3026321 PE=2 SV=1"
376,true,"A0A0U1TYB8|A0A0U1TYB8_ISOMC",27.365747,9.84,9.84,1,1470445.6,1,1.0,"Carbamidomethylation",7186.65,"Uncharacterized protein OS=Isometrus maculatus OX=497827 PE=2 SV=1"
133,true,"P60257|SCXC_BUTOM",261.54865,87.88,87.88,10,,4,13.0,"Acetylation (Protein N-term); Carbamidomethylation; Deamidation (NQ)",7440.4565,"Toxin Boma6c OS=Buthus occitanus mardochei OX=6869 PE=3 SV=1"
65,true,"F8THJ9|F8THJ9_HOTJU",320.32153,21.82,21.82,13,3.4551532E7,13,44.0,"Deamidation (NQ)",19511.94,"Putative orcokinin OS=Hottentotta judaicus OX=6863 PE=2 SV=1"
166,true,"A0A0U1SCI0|A0A0U1SCI0_ISOMC",222.42577,25.24,25.24,8,193557.31,3,9.0,"Deamidation (NQ); Carbamidomethylation",24078.215,"SCP domain-containing protein (Fragment) OS=Isometrus maculatus OX=497827 PE=2 SV=1"
397,true,"A0A0U1SKC7|A0A0U1SKC7_ISOMC",71.62956,10.47,10.47,1,228915.02,1,1.0,"",9967.487,"Sorting nexin-3 (Fragment) OS=Isometrus maculatus OX=497827 PE=2 SV=1"
147,true,"P17728|SCXA_LEIHE",264.97583,64.71,64.71,9,2161102.8,1,14.0,"Carbamidomethylation; Deamidation (NQ)",9571.132,"Alpha-insect toxin LqhaIT OS=Leiurus hebraeus OX=6884 PE=1 SV=2"
171,true,"P01481|SCX5_LEIQU",220.74754,48.44,48.44,5,2.146658E7,1,7.0,"Carbamidomethylation; Deamidation (NQ)",7301.2505,"Alpha-mammal toxin Lqq5 OS=Leiurus quinquestriatus quinquestriatus OX=6885 PE=1 SV=1"
179,false,"A0A0K0LC90|A0A0K0LC90_9SCOR",96.60829,29.41,29.41,1,3.5185004E7,1,2.0,"",3891.3132,"Cellular protein AbCp-78 (Fragment) OS=Androctonus bicolor OX=748906 PE=2 SV=1"
120,true,"A0A088DAE2|A0A088DAE2_MESEU",287.7621,60.34,60.34,10,8.5508781E8,8,25.0,"Carbamidomethylation; Oxidation (M)",6404.761,"Potassium channel blocker pMeKTx4-1 OS=Mesobuthus eupeus OX=34648 PE=2 SV=1"
327,true,"U6JPA9|U6JPA9_TITSE",150.87491,7.08,7.08,2,738776.56,2,3.0,"Carbamidomethylation",38249.086,"Cathepsin L-like cysteine peptidase 3 protein OS=Tityus serrulatus OX=6887 GN=ctsl PE=2 SV=1"
81,true,"F1CIY2|F1CIY2_HOTJU",327.4661,27.75,27.75,12,5.5307348E7,5,34.0,"Deamidation (NQ); Carbamidomethylation; Oxidation (M)",25193.066,"Putative transmembranal serine protease (Fragment) OS=Hottentotta judaicus OX=6863 PE=2 SV=1"
200,true,"A0A2I9LNZ2|A0A2I9LNZ2_9SCOR",245.98784,15.31,15.31,6,1437503.1,6,7.0,"Carbamidomethylation",48318.82,"Endoplasmic reticulum resident protein 44 OS=Centruroides hentzi OX=88313 PE=4 SV=1"
398,true,"A0A088DB30|A0A088DB30_MESEU",34.14677,12.50,12.50,1,3084878.5,1,3.0,"Carbamidomethylation",6260.505,"Potassium channel blocker pMeKTx7-2 OS=Mesobuthus eupeus OX=34648 PE=2 SV=1"
376,true,"A0A059UEE4|KA274_MESGB",27.365747,8.22,8.22,1,1470445.6,1,1.0,"Carbamidomethylation",8479.192,"Potassium channel toxin alpha-KTx 27.4 OS=Mesobuthus gibbosus OX=123226 PE=3 SV=1"
102,false,"Q9NII6|KAX15_MESMA",134.39583,26.32,26.32,3,8.3093677E8,3,8.0,"Deamidation (NQ); Carbamidomethylation",6369.6675,"Potassium channel toxin alpha-KTx 1.5 OS=Mesobuthus martensii OX=34649 PE=1 SV=1"
83,false,"A0A0U1TZA8|A0A0U1TZA8_ISOMC",215.52306,28.21,28.21,5,1.2452603E7,5,5.0,"Carbamidomethylation",8925.368,"Uncharacterized protein (Fragment) OS=Isometrus maculatus OX=497827 PE=2 SV=1"
62,true,"Q9NBW2|SCBT_MESMA",357.49283,66.27,66.27,18,1.6080192E8,9,39.0,"Carbamidomethylation; Deamidation (NQ)",9378.015,"Toxin BmKBT OS=Mesobuthus martensii OX=34649 PE=1 SV=1"
45,true,"A0A0K0LC08|A0A0K0LC08_9SCOR",361.2832,57.78,57.78,19,330643.97,2,68.0,"Carbamidomethylation; Oxidation (M); Acetylation (Protein N-term)",5163.074,"Potassium channel blocker AbKTx-4 (Fragment) OS=Androctonus bicolor OX=748906 PE=2 SV=1"
389,true,"A0A0K0LC31|A0A0K0LC31_9SCOR",79.88834,11.11,11.11,1,696877.7,1,1.0,"Carbamidomethylation",11325.109,"Orphan peptide AbOp-6 OS=Androctonus bicolor OX=748906 PE=2 SV=1"
295,true,"A0A2I9LNS6|A0A2I9LNS6_9SCOR",124.377556,6.86,6.86,3,3008180.0,3,3.0,"Carbamidomethylation",43243.566,"Acid phosphatase OS=Centruroides hentzi OX=88313 PE=3 SV=1"
167,true,"Q9NJC4|SC17_MESMA",221.53099,36.49,36.49,5,1.3533855E7,3,30.0,"Deamidation (NQ); Carbamidomethylation",8347.463,"Toxin BmKaTx17 (Fragment) OS=Mesobuthus martensii OX=34649 PE=2 SV=1"
282,false,"B8XGY8|B8XGY8_BUTOS",139.16418,10.47,10.47,2,108662.72,2,2.0,"Carbamidomethylation",9409.006,"Putative alpha toxin Tx452 OS=Buthus occitanus israelis OX=539894 PE=2 SV=1"
328,true,"A7KJJ7|KA261_MESMA",94.88327,28.07,28.07,2,2.7672064E7,2,3.0,"Carbamidomethylation",6468.773,"Potassium channel toxin alpha-KTx 26.1 OS=Mesobuthus martensii OX=34649 PE=2 SV=1"
82,true,"E7CZZ1|SCXNC_MESEU",348.07547,78.87,78.87,15,2.9223424E7,6,31.0,"Carbamidomethylation; Deamidation (NQ)",7818.8545,"Sodium channel neurotoxin MeuNaTxalpha-12 (Fragment) OS=Mesobuthus eupeus OX=34648 PE=2 SV=1"
201,true,"A0A2I9LP25|A0A2I9LP25_9SCOR",240.11472,10.06,10.06,6,248092.67,4,7.0,"",72654.375,"Heat shock 70 kDa protein OS=Centruroides hentzi OX=88313 PE=3 SV=1"
265,true,"A0A0U4R446|A0A0U4R446_ODODO",185.99939,31.33,31.33,3,1387011.6,1,10.0,"Carbamidomethylation",9701.264,"Sodium channel toxin NaTx3 OS=Odontobuthus doriae OX=342590 GN=NaTx3 PE=2 SV=1"
158,true,"V9LLN7|V9LLN7_MESMA",280.25693,24.19,24.19,8,2.38554432E8,8,20.0,"Carbamidomethylation",7111.3877,"Potassium channel blocker BmK39 OS=Mesobuthus martensii OX=34649 PE=4 SV=1"
177,false,"C0HM78|KAX2O_CENBO",30.196234,15.38,15.38,1,451139.78,1,2.0,"Carbamidomethylation",4365.2573,"Potassium channel toxin alpha-KTx 2.24 (Fragment) OS=Centruroides bonito OX=3035065 PE=1 SV=1"
367,true,"P55904|SIX5_BUTOC",25.2262,13.11,13.11,1,520037.16,1,1.0,"Carbamidomethylation",6816.605,"Beta-insect depressant toxin BotIT5 OS=Buthus occitanus tunetanus OX=6871 PE=1 SV=1"
148,true,"A0A088D9R6|A0A088D9R6_MESEU",237.97194,46.77,46.77,6,3.789196E7,6,11.0,"Carbamidomethylation; Oxidation (M); Deamidation (NQ)",7473.83,"Potassium channel blocker pMeKTx27-1 OS=Mesobuthus eupeus OX=34648 PE=2 SV=1"
257,false,"A0A1W7RAI3|A0A1W7RAI3_9SCOR",44.64844,1.93,1.93,1,,1,1.0,"",39312.863,"Fructose-bisphosphate aldolase OS=Hadrurus spadix OX=141984 PE=3 SV=1"
176,true,"Q1EG65|Q1EG65_MESMA",236.14177,27.06,27.06,7,996717.9,2,11.0,"Carbamidomethylation; Deamidation (NQ)",9427.869,"Sodium toxin peptide BmKTb OS=Mesobuthus martensii OX=34649 PE=4 SV=1"
248,false,"Q686V0|Q686V0_MESGB",104.95598,9.24,9.24,1,207751.77,1,2.0,"",12840.883,"CG10527-like methyltransferase (Fragment) OS=Mesobuthus gibbosus OX=123226 GN=mettrans PE=4 SV=1"
399,true,"P82813|SIX3_HOTTS",24.512653,16.39,16.39,1,1828586.8,1,1.0,"Carbamidomethylation",6714.704,"Insect toxin BsIT3 OS=Hottentotta tamulus sindicus OX=42519 PE=1 SV=1"
400,true,"A0A088D9T0|A0A088D9T0_MESEU",42.076927,14.04,14.04,1,,1,1.0,"Carbamidomethylation",6183.406,"Potassium channel blocker pMeKTx2-4 OS=Mesobuthus eupeus OX=34648 PE=2 SV=1"
160,false,"A0A1V1WC73|A0A1V1WC73_9SCOR",64.08962,9.46,9.46,1,553805.94,1,1.0,"",8270.589,"Putative NDBP OS=Superstitionia donensis OX=311983 PE=4 SV=1"
34,false,"Q9NJC6|KBX2_MESMA",323.76114,27.78,27.78,14,,1,56.0,"Carbamidomethylation; Oxidation (M)",10430.535,"Potassium channel toxin BmTXK-beta OS=Mesobuthus martensii OX=34649 PE=3 SV=1"
229,true,"A0A1E1WWA7|A0A1E1WWA7_TITOB",202.79555,6.31,6.31,4,,1,9.0,"Deamidation (NQ)",71979.38,"Putative hemocyanin subunit (Fragment) OS=Tityus obscurus OX=1221240 PE=3 SV=1"
140,false,"F1CJ53|F1CJ53_HOTJU",228.66614,52.50,52.50,6,383877.22,1,60.0,"Deamidation (NQ); Carbamidomethylation",4367.103,"BjaIT (Fragment) OS=Hottentotta judaicus OX=6863 PE=2 SV=1"
258,true,"A0A2I9LNW3|A0A2I9LNW3_9SCOR",160.99,11.03,11.03,4,6.216096E7,3,6.0,"Carbamidomethylation; Deamidation (NQ)",44205.92,"Cysteine-rich secretory protein OS=Centruroides hentzi OX=88313 PE=4 SV=1"
230,true,"A0A088D9S6|A0A088D9S6_MESEU",216.95895,50.79,50.79,5,3.9344548E7,3,6.0,"Carbamidomethylation",6899.981,"Potassium channel blocker pMeKTx30-3 OS=Mesobuthus eupeus OX=34648 PE=2 SV=1"
3,false,"Q68PG2|SCX13_CENEX",28.686012,9.59,9.59,1,,1,1.0,"Carbamidomethylation",8045.2725,"Neurotoxin Cex13 (Fragment) OS=Centruroides exilicauda OX=6879 PE=2 SV=1"
259,true,"A0A0K0LCJ8|A0A0K0LCJ8_9SCOR",149.54803,27.78,27.78,2,5436984.5,2,7.0,"Deamidation (NQ)",8288.484,"Cellular protein AbCp-5 (Fragment) OS=Androctonus bicolor OX=748906 PE=2 SV=1"
275,true,"A0A0C9RFQ9|A0A0C9RFQ9_TITBA",202.96921,22.99,22.99,3,,1,3.0,"Carbamidomethylation",9775.561,"TSA: Tityus bahiensis Tbah00292 mRNA sequence OS=Tityus bahiensis OX=50343 PE=2 SV=1"
329,true,"A0A1W7RAH0|A0A1W7RAH0_9SCOR",101.73809,3.33,3.33,2,591784.5,2,2.0,"",52152.34,"alpha-L-fucosidase OS=Hadrurus spadix OX=141984 PE=3 SV=1"
59,true,"A0A1W7RB46|A0A1W7RB46_9SCOR",369.44052,66.49,66.49,19,9697292.0,19,27.0,"Carbamidomethylation; Deamidation (NQ)",41823.81,"Actin OS=Hadrurus spadix OX=141984 PE=3 SV=1"
287,true,"F1CJA0|F1CJA0_HOTJU",139.46487,9.76,9.76,2,4.5327304E7,2,14.0,"Carbamidomethylation; Deamidation (NQ)",13826.621,"Venom peptide TxLP1a OS=Hottentotta judaicus OX=6863 PE=2 SV=1"
33,true,"E4VP23|E4VP23_MESEU",388.02,49.45,49.45,25,2.4947474E7,1,62.0,"Deamidation (NQ); Carbamidomethylation; Oxidation (M)",30172.703,"Chymotrypsin-like protease-3 OS=Mesobuthus eupeus OX=34648 PE=2 SV=1"
90,true,"F6K6F3|F6K6F3_MESEU",332.09763,70.24,70.24,15,1991036.4,3,58.0,"Carbamidomethylation; Deamidation (NQ)",9668.303,"Antibacterial peptide MeuNaTx-15 OS=Mesobuthus eupeus OX=34648 PE=2 SV=1"
401,true,"A0A2I9LPD0|A0A2I9LPD0_9SCOR",90.23715,1.26,1.26,1,93589.11,1,2.0,"Carbamidomethylation",83983.78,"Neprilysin OS=Centruroides hentzi OX=88313 PE=3 SV=1"
334,true,"A0A146CJE0|A0A146CJE0_MESEU",35.24445,8.33,8.33,1,489294.78,1,1.0,"",8276.956,"Venom toxin meuTx20 OS=Mesobuthus eupeus OX=34648 PE=2 SV=1"
248,false,"Q686W0|Q686W0_MESGB",195.35854,24.17,24.17,3,1000327.2,3,5.0,"Carbamidomethylation",12956.251,"CG10527-like methyltransferase (Fragment) OS=Mesobuthus gibbosus OX=123226 GN=mettrans PE=4 SV=1"
163,false,"A0A1L4BJ57|A0A1L4BJ57_HEMLE",85.97787,4.96,4.96,1,2797001.8,1,1.0,"Carbamidomethylation",15219.952,"Venom toxin OS=Hemiscorpius lepturus OX=520031 PE=2 SV=1"
65,true,"E4VP55|E4VP55_MESEU",320.32153,21.82,21.82,13,3.4551532E7,13,44.0,"Deamidation (NQ)",19472.945,"Venom neuropeptide-3 OS=Mesobuthus eupeus OX=34648 PE=2 SV=1"
115,false,"B8XH32|B8XH32_BUTOS",84.79066,11.48,11.48,2,8.5497619E8,2,9.0,"",6818.2593,"Putative potassium channel toxin Tx479 OS=Buthus occitanus israelis OX=539894 PE=2 SV=1"
251,false,"P58779|SCX5_CENSC",23.070768,10.17,10.17,1,140718.03,1,2.0,"",6305.142,"Alpha-like toxin CsEv5 OS=Centruroides sculpturatus OX=218467 PE=1 SV=1"
367,true,"P80962|SIX2_BUTAR",25.2262,13.11,13.11,1,520037.16,1,1.0,"Carbamidomethylation",6844.6187,"Beta-insect depressant toxin BaIT2 OS=Buthacus arenicola OX=70335 PE=1 SV=1"
339,true,"A0A1W7R9C0|A0A1W7R9C0_9SCOR",56.152378,5.32,5.32,1,,1,1.0,"Carbamidomethylation",50101.637,"Tubulin alpha chain OS=Hadrurus spadix OX=141984 PE=3 SV=1"
105,false,"A0A671WUB7|A0A671WUB7_SPAAU",70.129616,0.54,0.54,1,467702.38,1,1.0,"",123138.65,"Tenascin N OS=Sparus aurata OX=8175 GN=tnn PE=3 SV=1"
231,true,"A0A088D9S4|A0A088D9S4_MESEU",191.90854,53.23,53.23,3,1.3560968E7,2,15.0,"Carbamidomethylation; Deamidation (NQ)",6921.1455,"Potassium channel blocker pMeKTx6-3 OS=Mesobuthus eupeus OX=34648 PE=2 SV=1"
189,true,"P60208|KA153_ANDMA",247.42807,54.05,54.05,6,351546.44,2,17.0,"Carbamidomethylation; Deamidation (NQ)",3845.5579,"Potassium channel toxin alpha-KTx 15.3 OS=Androctonus mauritanicus mauritanicus OX=6860 PE=1 SV=1"
240,true,"A0A2I9LNV0|A0A2I9LNV0_9SCOR",219.69215,12.56,12.56,4,1016279.6,4,8.0,"Carbamidomethylation",42824.117,"Cathepsin D-like aspartic peptidase 1 protein OS=Centruroides hentzi OX=88313 PE=3 SV=1"
346,true,"P21817|RYR1_HUMAN",31.038675,0.36,0.36,1,,1,1.0,"",565175.5,"Ryanodine receptor 1 OS=Homo sapiens OX=9606 GN=RYR1 PE=1 SV=3"
83,false,"Q8MTW7|Q8MTW7_MESMA",324.34088,56.67,56.67,13,2.61267E7,10,20.0,"Carbamidomethylation; Oxidation (M)",6767.6724,"Venom peptide 2 (Fragment) OS=Mesobuthus martensii OX=34649 PE=2 SV=2"
402,true,"A0A1W7R9F7|A0A1W7R9F7_9SCOR",63.08491,0.91,0.91,1,,1,1.0,"Carbamidomethylation",87101.49,"Transforming growth factor-beta-induced protein ig-h3 OS=Hadrurus spadix OX=141984 PE=4 SV=1"
184,false,"Q9BNV5|Q9BNV5_CENSC",269.3822,20.88,20.88,6,1224228.0,6,8.0,"Deamidation (NQ)",40274.43,"Elongation factor 1-alpha (Fragment) OS=Centruroides sculpturatus OX=218467 PE=2 SV=1"
158,true,"V9LLZ2|V9LLZ2_MESMA",280.25693,24.19,24.19,8,2.38554432E8,8,20.0,"Carbamidomethylation",7110.403,"Potassium channel blocker BmK38 OS=Mesobuthus martensii OX=34649 PE=4 SV=1"
96,true,"A0A088DB12|A0A088DB12_MESEU",280.2062,52.11,52.11,12,2.62124774E9,12,44.0,"Carbamidomethylation; Deamidation (NQ)",8194.649,"Potassium channel blocker pMeKTx26-1 OS=Mesobuthus eupeus OX=34648 PE=2 SV=1"
30,true,"P82815|SCBK_MESMA",420.65,75.38,75.38,30,1.819374E7,6,274.0,"Carbamidomethylation; Acetylation (Protein N-term); Deamidation (NQ)",7226.048,"Bukatoxin OS=Mesobuthus martensii OX=34649 PE=1 SV=1"
205,true,"P0C1B6|BEST_PARTR",206.0381,29.31,29.31,4,6039844.0,1,9.0,"Deamidation (NQ); Carbamidomethylation",6607.359,"Bestoxin OS=Parabuthus transvaalicus OX=170972 PE=1 SV=1"
232,true,"U6BLN5|VMPA1_MESMA",197.24254,4.07,4.07,5,3856539.0,3,6.0,"Carbamidomethylation",44399.082,"Venom metalloproteinase BumaMPs1 OS=Mesobuthus martensii OX=34649 PE=2 SV=1"
403,true,"A0A1L4BJ76|A0A1L4BJ76_HEMLE",100.6785,2.05,2.05,1,1979340.9,1,1.0,"",50570.812,"Venom toxin OS=Hemiscorpius lepturus OX=520031 PE=2 SV=1"
330,true,"A0A1W7R9D6|A0A1W7R9D6_9SCOR",121.64248,7.17,7.17,2,219700.34,2,2.0,"Deamidation (NQ)",35707.08,"Transaldolase OS=Hadrurus spadix OX=141984 PE=3 SV=1"
87,true,"E4VP31|E4VP31_MESEU",313.46426,57.58,57.58,11,4.56591584E8,8,43.0,"Carbamidomethylation; Deamidation (NQ); Oxidation (M)",11259.956,"Venom sodium channel toxin-4 OS=Mesobuthus eupeus OX=34648 PE=2 SV=1"
149,true,"R4H5D2|R4H5D2_MESEU",251.97777,78.79,78.79,8,3525308.2,1,25.0,"Carbamidomethylation; Deamidation (NQ)",3898.5396,"Mu-potassium channel blocker 1 (Fragment) OS=Mesobuthus eupeus OX=34648 PE=2 SV=1"
67,true,"A0A1E1WWC5|A0A1E1WWC5_TITOB",346.4836,24.68,24.68,17,4315446.5,4,35.0,"Deamidation (NQ); Carbamidomethylation",71587.65,"Putative hemocyanin subunit OS=Tityus obscurus OX=1221240 PE=3 SV=1"
102,false,"P83112|KAX1A_PARTR",30.623505,16.22,16.22,1,3328839.8,1,1.0,"Deamidation (NQ)",4280.1333,"Potassium channel toxin alpha-KTx 1.10 OS=Parabuthus transvaalicus OX=170972 PE=1 SV=1"
213,false,"A0A0U1TYI5|A0A0U1TYI5_LYCMC",190.41032,14.12,14.12,4,,1,7.0,"Carbamidomethylation",9753.383,"Neurotoxin LmNaTx21 (Fragment) OS=Lychas mucronatus OX=172552 PE=2 SV=1"
160,false,"A0A1V1WBK2|A0A1V1WBK2_9SCOR",64.08962,15.56,15.56,1,553805.94,1,1.0,"",5001.607,"Putative NDBP (Fragment) OS=Superstitionia donensis OX=311983 PE=4 SV=1"
180,true,"A0A088DAC7|A0A088DAC7_MESEU",220.202,61.29,61.29,4,1.4133332E7,2,14.0,"Carbamidomethylation; Deamidation (NQ); Oxidation (M)",7126.3906,"Potassium channel blocker pMeKTx18-1a OS=Mesobuthus eupeus OX=34648 PE=2 SV=1"
168,true,"A0A1E1WVY9|A0A1E1WVY9_TITOB",255.64662,19.05,19.05,8,192830.83,7,10.0,"Carbamidomethylation; Deamidation (NQ)",44304.39,"Putative cysteine-rich protein OS=Tityus obscurus OX=1221240 PE=4 SV=1"
65,true,"A0A146CJA5|A0A146CJA5_MESEU",320.32153,21.82,21.82,13,3.4551532E7,13,44.0,"Deamidation (NQ)",19493.967,"Venom toxin meuVNP2 OS=Mesobuthus eupeus OX=34648 PE=2 SV=1"
251,false,"P46066|SCXV_CENSC",23.070768,9.52,9.52,1,140718.03,1,2.0,"",7075.9487,"Alpha-toxin CsE5 OS=Centruroides sculpturatus OX=218467 PE=1 SV=1"
59,false,"A0A0K0LCB9|A0A0K0LCB9_9SCOR",104.28949,35.14,35.14,1,163532.58,1,1.0,"",4199.8076,"Cellular protein AbCp-73 (Fragment) OS=Androctonus bicolor OX=748906 PE=2 SV=1"
301,true,"A0A2I9LPI4|A0A2I9LPI4_9SCOR",136.52394,11.46,11.46,2,,2,2.0,"Carbamidomethylation",21716.176,"Ras-like GTP binding protein OS=Centruroides hentzi OX=88313 PE=4 SV=1"
223,false,"A0A146CIV1|A0A146CIV1_MESEU",43.11194,6.82,6.82,1,2.633537E7,1,1.0,"",9874.487,"Sodium channel toxin meuNa10 OS=Mesobuthus eupeus OX=34648 PE=2 SV=1"
306,true,"C0HJQ4|KAX3I_MESEU",105.08854,24.59,24.59,2,1.51260688E8,2,2.0,"Carbamidomethylation; Deamidation (NQ)",6676.162,"Potassium channel toxin alpha-KTx 3.18 OS=Mesobuthus eupeus OX=34648 PE=1 SV=1"
404,true,"A0A1W7RAQ0|A0A1W7RAQ0_9SCOR",72.61975,2.15,2.15,1,28728.945,1,1.0,"Carbamidomethylation",62911.55,"Digestive cysteine proteinase 1 OS=Hadrurus spadix OX=141984 PE=3 SV=1"
160,false,"A0A0K0LCH4|A0A0K0LCH4_9SCOR",174.36372,19.40,19.40,3,2885434.0,3,3.0,"",7678.1523,"Non-disulfide-bridged peptide androcin 10-1 OS=Androctonus bicolor OX=748906 PE=2 SV=1"
312,false,"A0A1W7RA47|A0A1W7RA47_9SCOR",96.16156,1.15,1.15,1,437075.03,1,1.0,"Carbamidomethylation",78517.59,"Neuroendocrine convertase 1 OS=Hadrurus spadix OX=141984 PE=3 SV=1"
296,true,"V9P3B8|V9P3B8_MESEU",104.670876,12.20,12.20,1,4.2267844E7,1,5.0,"Deamidation (NQ); Carbamidomethylation",9644.082,"Meutoxin-3 OS=Mesobuthus eupeus OX=34648 PE=2 SV=1"
202,true,"Q86BW9|MKTX2_MESMA",205.58435,45.88,45.88,6,,1,24.0,"Carbamidomethylation; Deamidation (NQ)",9413.737,"Makatoxin-2 OS=Mesobuthus martensii OX=34649 PE=2 SV=1"
170,true,"A0A1W7R9R2|A0A1W7R9R2_9SCOR",225.98438,42.97,42.97,7,6908630.0,7,11.0,"Acetylation (Protein N-term)",14701.284,"Ubiquitin-ribosomal protein eL40 fusion protein OS=Hadrurus spadix OX=141984 PE=3 SV=1"
162,false,"A0A1W7RAR2|A0A1W7RAR2_9SCOR",271.99524,60.81,60.81,7,2732419.0,7,11.0,"Carbamidomethylation",16958.38,"Cofilin OS=Hadrurus spadix OX=141984 PE=3 SV=1"
177,true,"P86396|KAX3D_MESEU",193.545,54.05,54.05,6,1.12127283E9,6,12.0,"Carbamidomethylation; Deamidation (NQ)",3986.807,"Potassium channel toxin alpha-KTx 3.13 OS=Mesobuthus eupeus OX=34648 PE=1 SV=1"
177,false,"P46110|KAX34_LEIHE",30.196234,15.79,15.79,1,451139.78,1,2.0,"Carbamidomethylation",4020.8496,"Potassium channel toxin alpha-KTx 3.4 OS=Leiurus hebraeus OX=6884 PE=1 SV=1"
102,false,"A0A143Q3Q3|A0A143Q3Q3_MESEU",75.39072,13.79,13.79,1,,1,1.0,"",6521.716,"Potassium channel toxin meuk1.16 OS=Mesobuthus eupeus OX=34648 PE=2 SV=1"
24,true,"Q9GUA7|SCA3_MESMA",441.3068,61.18,61.18,33,6240400.0,4,279.0,"Carbamidomethylation; Deamidation (NQ)",9425.835,"Toxin BmKa3 OS=Mesobuthus martensii OX=34649 PE=2 SV=1"
8,false,"A0A0C9RFM5|A0A0C9RFM5_TITBA",142.78307,2.73,2.73,2,1.07246488E8,2,5.0,"",46532.62,"Hyaluronidase OS=Tityus bahiensis OX=50343 PE=2 SV=1"
177,true,"A0A088D9R0|A0A088D9R0_MESEU",193.545,33.33,33.33,6,1.12127283E9,6,12.0,"Carbamidomethylation; Deamidation (NQ)",6465.9478,"Potassium channel blocker pMeKTx13-1 OS=Mesobuthus eupeus OX=34648 PE=2 SV=1"
170,true,"A0A2I9LPH5|A0A2I9LPH5_9SCOR",225.98438,18.03,18.03,7,6908630.0,7,11.0,"Acetylation (Protein N-term)",34349.46,"Polyubiquitin-B OS=Centruroides hentzi OX=88313 PE=4 SV=1"
101,true,"P59360|SCX2_MESMA",299.47504,57.81,57.81,13,2.6298286E7,1,27.0,"Carbamidomethylation; Deamidation (NQ)",7226.1865,"Neurotoxin BmK-II OS=Mesobuthus martensii OX=34649 PE=1 SV=1"
268,false,"A0A1E1WVT6|A0A1E1WVT6_TITOB",105.02361,5.61,5.61,1,339741.97,1,2.0,"",50711.945,"Putative cathepsin F-like protein OS=Tityus obscurus OX=1221240 PE=3 SV=1"
339,true,"A0A2I9LPV8|A0A2I9LPV8_9SCOR",56.152378,5.32,5.32,1,,1,1.0,"Carbamidomethylation",50101.637,"Tubulin alpha chain OS=Centruroides hentzi OX=88313 PE=3 SV=1"
